area_type,availability,location,size,total_sqft,bath,balcony,price
Built-up  Area,Ready To Move,Sarjapur Road,1 BHK,762.0,2,1,55.88
Super built-up  Area,Ready To Move,Marathahalli,2 BHK,1110.0,3,2,68.78
Super built-up  Area,Under Construction,Thanisandra,2 BHK,1180.0,2,3,69.69
Super built-up  Area,Under Construction,Indiranagar,2 BHK,1171.0,3,1,177.52
Built-up  Area,Ready To Move,Electronic City,3 BHK,2199.0,4,2,118.79
Super built-up  Area,Ready To Move,Electronic City,2 BHK,1359.0,2,1,75.29
Super built-up  Area,Under Construction,Whitefield,3 BHK,1547.0,4,2,100.04
Super built-up  Area,Under Construction,Jayanagar,2 BHK,1499.0,2,1,174.48
Super built-up  Area,Ready To Move,Koramangala,2 BHK,1108.0,3,0,161.34
Carpet  Area,Ready To Move,Bellandur,2 BHK,1507.0,2,3,183.52
Super built-up  Area,Ready To Move,Whitefield,3 BHK,1472.0,3,1,93.94
Super built-up  Area,Ready To Move,Marathahalli,1 BHK,686.0,2,1,41.15
Super built-up  Area,Ready To Move,Yelahanka,2 BHK,1176.0,2,1,74.68
Plot  Area,Under Construction,Electronic City,3 BHK,2162.0,4,0,130.68
Super built-up  Area,Ready To Move,Electronic City,2 BHK,949.0,3,2,53.38
Built-up  Area,Ready To Move,Electronic City,1 BHK,557.0,1,1,29.69
Plot  Area,Ready To Move,Sarjapur Road,2 BHK,1016.0,2,3,79.21
Super built-up  Area,Ready To Move,HSR Layout,3 BHK,1758.0,4,0,150.9
Super built-up  Area,Under Construction,Hebbal,4 BHK,2715.0,5,1,232.16
Super built-up  Area,Ready To Move,Sarjapur Road,1 BHK,798.0,1,0,54.18
Built-up  Area,Under Construction,Koramangala,2 BHK,1435.0,2,1,188.67
Super built-up  Area,Ready To Move,Whitefield,1 BHK,598.0,2,2,47.41
Super built-up  Area,Ready To Move,Sarjapur Road,3 BHK,2196.0,3,3,132.1
Built-up  Area,Ready To Move,Sarjapur Road,1 BHK,626.0,2,2,48.76
Super built-up  Area,Ready To Move,Hebbal,1 BHK,488.0,1,1,50.78
Super built-up  Area,Ready To Move,Yelahanka,3 BHK,1373.0,3,3,96.72
Super built-up  Area,Under Construction,Electronic City,1 BHK,544.0,1,2,30.79
Super built-up  Area,Ready To Move,HSR Layout,2 BHK,1263.0,2,0,136.06
Super built-up  Area,Ready To Move,Indiranagar,4 BHK,1917.0,4,2,261.24
Super built-up  Area,Ready To Move,Whitefield,5 BHK,3172.0,5,2,208.9
Plot  Area,Ready To Move,Koramangala,2 BHK,1512.0,3,2,252.09
Super built-up  Area,Ready To Move,Electronic City,2 BHK,900.0,3,1,44.94
Plot  Area,Under Construction,Whitefield,2 BHK,1059.0,2,1,75.56
Super built-up  Area,Under Construction,Marathahalli,2 BHK,1413.0,2,1,85.71
Super built-up  Area,Under Construction,Marathahalli,4 BHK,2180.0,4,1,110.74
Built-up  Area,Ready To Move,Yelahanka,3 BHK,2210.0,3,1,151.8
Super built-up  Area,Ready To Move,Sarjapur Road,3 BHK,1581.0,3,1,108.62
Carpet  Area,Ready To Move,Whitefield,2 BHK,1488.0,2,2,124.6
Plot  Area,Under Construction,Bellandur,2 BHK,1216.0,2,0,109.81
Super built-up  Area,Ready To Move,Hebbal,2 BHK,1323.0,2,1,113.73
Super built-up  Area,Ready To Move,Whitefield,2 BHK,1468.0,2,2,112.75
Super built-up  Area,Ready To Move,HSR Layout,1 BHK,657.0,1,2,58.59
Super built-up  Area,Ready To Move,Whitefield,2 BHK,1220.0,2,2,82.13
Super built-up  Area,Ready To Move,Rajaji Nagar,2 BHK,1185.0,2,2,156.56
Super built-up  Area,Ready To Move,Electronic City,2 BHK,1033.0,3,1,59.7
Super built-up  Area,Ready To Move,Bellandur,2 BHK,1131.0,3,1,98.58
Super built-up  Area,Under Construction,Sarjapur Road,2 BHK,1301.0,2,2,90.49
Built-up  Area,Ready To Move,HSR Layout,2 BHK,1172.0,3,1,139.73
Built-up  Area,Ready To Move,HSR Layout,2 BHK,806.0,3,1,83.66
Super built-up  Area,Under Construction,Electronic City,2 BHK,1289.0,3,1,62.71
Plot  Area,Ready To Move,Marathahalli,3 BHK,1603.0,3,1,117.27
Super built-up  Area,Ready To Move,Thanisandra,2 BHK,1165.0,2,1,81.24
Super built-up  Area,Under Construction,Marathahalli,3 BHK,2046.0,3,0,119.17
Super built-up  Area,Ready To Move,Rajaji Nagar,4 BHK,2081.0,5,1,246.56
Super built-up  Area,Ready To Move,Indiranagar,2 BHK,932.0,2,1,123.84
Super built-up  Area,Ready To Move,Marathahalli,2 BHK,987.0,2,2,68.29
Plot  Area,Ready To Move,Whitefield,2 BHK,1237.0,2,2,106.88
Carpet  Area,Ready To Move,Electronic City,2 BHK,1309.0,3,1,83.33
Super built-up  Area,Ready To Move,Whitefield,1 BHK,527.0,1,0,36.87
Built-up  Area,Ready To Move,Sarjapur Road,3 BHK,1404.0,4,2,121.03
Super built-up  Area,Ready To Move,Sarjapur Road,1 BHK,565.0,2,2,43.12
Super built-up  Area,Ready To Move,Electronic City,5 BHK,3752.0,6,3,190.85
Built-up  Area,Ready To Move,Yelahanka,3 BHK,2027.0,3,1,140.66
Super built-up  Area,Ready To Move,Sarjapur Road,2 BHK,1144.0,2,1,70.72
Super built-up  Area,Ready To Move,Electronic City,2 BHK,1089.0,2,1,60.08
Super built-up  Area,Ready To Move,HSR Layout,2 BHK,915.0,3,2,93.23
Super built-up  Area,Ready To Move,Whitefield,2 BHK,1194.0,2,2,82.42
Super built-up  Area,Ready To Move,Yelahanka,2 BHK,1069.0,3,2,70.14
Super built-up  Area,Ready To Move,Whitefield,3 BHK,1848.0,3,2,107.41
Super built-up  Area,Ready To Move,Other,2 BHK,886.0,3,2,51.78
Super built-up  Area,Ready To Move,Thanisandra,2 BHK,1012.0,2,2,68.15
Super built-up  Area,Under Construction,Electronic City,3 BHK,2048.0,3,1,87.62
Super built-up  Area,Ready To Move,Whitefield,1 BHK,430.0,1,2,28.04
Plot  Area,Ready To Move,Yelahanka,2 BHK,1057.0,2,1,76.92
Super built-up  Area,Ready To Move,Bellandur,2 BHK,1009.0,3,1,84.55
Super built-up  Area,Under Construction,Thanisandra,2 BHK,1237.0,3,3,74.71
Super built-up  Area,Ready To Move,Thanisandra,3 BHK,2091.0,3,0,132.73
Super built-up  Area,Ready To Move,Whitefield,4 BHK,2944.0,4,2,224.37
Super built-up  Area,Ready To Move,Sarjapur Road,2 BHK,1010.0,2,1,60.96
Super built-up  Area,Ready To Move,Whitefield,2 BHK,1335.0,2,1,96.56
Carpet  Area,Under Construction,Jayanagar,2 BHK,1081.0,2,2,169.81
Built-up  Area,Under Construction,Koramangala,3 BHK,1766.0,3,2,246.58
Super built-up  Area,Ready To Move,Sarjapur Road,3 BHK,1733.0,3,1,127.62
Super built-up  Area,Ready To Move,Whitefield,2 BHK,1034.0,3,2,77.01
Super built-up  Area,Under Construction,Sarjapur Road,1 BHK,637.0,1,2,43.02
Super built-up  Area,Ready To Move,Sarjapur Road,4 BHK,3016.0,4,2,206.06
Super built-up  Area,Ready To Move,Thanisandra,2 BHK,1236.0,3,1,90.45
Plot  Area,Ready To Move,Koramangala,3 BHK,1966.0,4,1,367.55
Super built-up  Area,Ready To Move,Rajaji Nagar,3 BHK,2068.0,4,2,252.37
Built-up  Area,Under Construction,Hebbal,2 BHK,1207.0,3,1,122.28
Super built-up  Area,Ready To Move,Whitefield,3 BHK,1385.0,3,2,88.77
Super built-up  Area,Ready To Move,Thanisandra,1 BHK,708.0,1,1,46.3
Super built-up  Area,Ready To Move,Thanisandra,4 BHK,2992.0,5,2,200.39
Super built-up  Area,Under Construction,Indiranagar,1 BHK,787.0,2,0,109.1
Plot  Area,Ready To Move,Thanisandra,2 BHK,1402.0,2,2,112.75
Super built-up  Area,Ready To Move,HSR Layout,2 BHK,1296.0,2,2,147.39
Super built-up  Area,Under Construction,HSR Layout,3 BHK,1745.0,4,0,138.1
Carpet  Area,Ready To Move,Hebbal,2 BHK,1129.0,3,1,127.83
Plot  Area,Ready To Move,Whitefield,2 BHK,1414.0,2,1,114.21
Built-up  Area,Ready To Move,Whitefield,2 BHK,1023.0,2,1,76.17
Plot  Area,Ready To Move,Whitefield,2 BHK,990.0,2,2,70.82
Super built-up  Area,Ready To Move,Koramangala,3 BHK,1906.0,3,1,277.74
Built-up  Area,Ready To Move,Sarjapur Road,1 BHK,852.0,1,2,65.84
Built-up  Area,Ready To Move,HSR Layout,3 BHK,1728.0,3,3,209.06
Plot  Area,Ready To Move,Rajaji Nagar,3 BHK,1502.0,4,3,210.72
Built-up  Area,Under Construction,Electronic City,3 BHK,1970.0,3,1,92.09
Super built-up  Area,Ready To Move,Hebbal,3 BHK,1453.0,4,1,139.96
Built-up  Area,Under Construction,Thanisandra,2 BHK,1382.0,2,1,92.11
Super built-up  Area,Ready To Move,Electronic City,2 BHK,1383.0,2,1,73.66
Super built-up  Area,Ready To Move,Whitefield,4 BHK,2202.0,5,1,138.53
Super built-up  Area,Ready To Move,Electronic City,3 BHK,2117.0,4,2,114.03
Plot  Area,Ready To Move,Electronic City,2 BHK,1511.0,2,3,82.18
Super built-up  Area,Ready To Move,Marathahalli,4 BHK,2288.0,4,1,122.53
Super built-up  Area,Ready To Move,Yelahanka,3 BHK,2206.0,3,1,132.77
Super built-up  Area,Ready To Move,Koramangala,3 BHK,1846.0,4,1,253.12
Carpet  Area,Ready To Move,Jayanagar,3 BHK,1960.0,4,1,338.59
Super built-up  Area,Ready To Move,Yelahanka,3 BHK,1905.0,4,1,119.71
Built-up  Area,Under Construction,Electronic City,3 BHK,1716.0,3,0,79.52
Plot  Area,Under Construction,Rajaji Nagar,1 BHK,527.0,1,2,60.06
Super built-up  Area,Ready To Move,HSR Layout,4 BHK,2830.0,4,1,304.54
Super built-up  Area,Ready To Move,Yelahanka,2 BHK,777.0,3,2,46.63
Built-up  Area,Ready To Move,Rajaji Nagar,2 BHK,1290.0,2,1,157.28
Plot  Area,Under Construction,Sarjapur Road,3 BHK,2277.0,3,2,161.82
Built-up  Area,Under Construction,Whitefield,3 BHK,1928.0,4,2,137.93
Super built-up  Area,Ready To Move,Electronic City,3 BHK,2165.0,4,2,113.78
Plot  Area,Ready To Move,Hebbal,2 BHK,1497.0,3,3,161.51
Super built-up  Area,Ready To Move,Yelahanka,2 BHK,1445.0,2,0,83.35
Super built-up  Area,Ready To Move,Jayanagar,1 BHK,463.0,1,3,63.65
Built-up  Area,Ready To Move,Whitefield,2 BHK,1156.0,2,1,86.46
Super built-up  Area,Ready To Move,HSR Layout,3 BHK,1837.0,4,1,154.79
Built-up  Area,Ready To Move,Hebbal,2 BHK,1320.0,3,1,141.58
Super built-up  Area,Ready To Move,Electronic City,2 BHK,1567.0,2,1,73.37
Plot  Area,Under Construction,Whitefield,2 BHK,1043.0,2,1,74.08
Super built-up  Area,Ready To Move,Sarjapur Road,3 BHK,1774.0,3,2,101.61
Super built-up  Area,Ready To Move,Marathahalli,1 BHK,543.0,1,2,31.66
Built-up  Area,Ready To Move,Sarjapur Road,3 BHK,1926.0,3,1,162.81
Super built-up  Area,Ready To Move,HSR Layout,2 BHK,1468.0,2,1,122.99
Super built-up  Area,Under Construction,Bellandur,1 BHK,811.0,1,1,54.48
Carpet  Area,Ready To Move,Sarjapur Road,3 BHK,2294.0,3,2,203.34
Super built-up  Area,Ready To Move,Other,2 BHK,1069.0,3,0,60.09
Carpet  Area,Ready To Move,Marathahalli,2 BHK,1565.0,2,2,137.43
Super built-up  Area,Ready To Move,Electronic City,3 BHK,1481.0,4,2,79.07
Super built-up  Area,Ready To Move,HSR Layout,3 BHK,1898.0,3,0,179.85
Built-up  Area,Ready To Move,Sarjapur Road,3 BHK,2147.0,4,3,183.39
Built-up  Area,Ready To Move,Electronic City,3 BHK,1478.0,3,2,83.78
Super built-up  Area,Ready To Move,Whitefield,2 BHK,1266.0,2,2,88.22
Super built-up  Area,Ready To Move,Koramangala,2 BHK,1281.0,2,2,159.86
Built-up  Area,Ready To Move,HSR Layout,2 BHK,1473.0,2,2,144.68
Super built-up  Area,Ready To Move,Whitefield,3 BHK,1331.0,3,2,98.37
Super built-up  Area,Ready To Move,Electronic City,4 BHK,2420.0,5,2,117.84
Super built-up  Area,Ready To Move,Rajaji Nagar,2 BHK,1283.0,2,1,150.96
Super built-up  Area,Ready To Move,Electronic City,1 BHK,870.0,1,2,50.51
Super built-up  Area,Ready To Move,Whitefield,2 BHK,998.0,2,1,64.72
Super built-up  Area,Ready To Move,HSR Layout,3 BHK,1897.0,4,2,195.83
Super built-up  Area,Ready To Move,Other,2 BHK,1319.0,2,2,79.17
Super built-up  Area,Ready To Move,Electronic City,3 BHK,1575.0,4,3,82.54
Super built-up  Area,Ready To Move,Bellandur,4 BHK,2616.0,4,2,171.6
Built-up  Area,Ready To Move,Thanisandra,4 BHK,2335.0,4,2,144.42
Super built-up  Area,Under Construction,Electronic City,1 BHK,593.0,1,1,33.97
Plot  Area,Ready To Move,Thanisandra,4 BHK,1948.0,5,1,151.25
Built-up  Area,Under Construction,Sarjapur Road,3 BHK,1409.0,4,1,89.47
Super built-up  Area,Under Construction,Koramangala,1 BHK,543.0,2,2,70.95
Super built-up  Area,Under Construction,Koramangala,2 BHK,959.0,2,1,122.13
Super built-up  Area,Ready To Move,HSR Layout,3 BHK,1528.0,3,0,137.92
Built-up  Area,Under Construction,Whitefield,4 BHK,2070.0,5,3,133.17
Carpet  Area,Under Construction,Yelahanka,2 BHK,1310.0,2,1,77.78
Super built-up  Area,Ready To Move,Sarjapur Road,2 BHK,1257.0,3,3,92.21
Built-up  Area,Ready To Move,Electronic City,2 BHK,954.0,2,1,55.68
Super built-up  Area,Ready To Move,Whitefield,4 BHK,2341.0,4,1,163.09
Super built-up  Area,Ready To Move,Indiranagar,4 BHK,2257.0,5,0,357.9
Plot  Area,Ready To Move,Bellandur,2 BHK,1140.0,2,2,120.39
Super built-up  Area,Ready To Move,Whitefield,2 BHK,906.0,3,2,67.69
Super built-up  Area,Under Construction,HSR Layout,3 BHK,2245.0,3,2,209.95
Super built-up  Area,Ready To Move,Electronic City,3 BHK,1884.0,3,2,90.51
Built-up  Area,Under Construction,Koramangala,4 BHK,2319.0,4,3,324.56
Super built-up  Area,Ready To Move,Electronic City,3 BHK,2072.0,3,1,91.33
Plot  Area,Ready To Move,Bellandur,2 BHK,1298.0,2,1,131.45
Super built-up  Area,Ready To Move,Sarjapur Road,3 BHK,1440.0,3,2,111.26
Super built-up  Area,Ready To Move,Marathahalli,1 BHK,740.0,1,2,49.83
Built-up  Area,Ready To Move,Whitefield,3 BHK,2041.0,3,2,133.15
Super built-up  Area,Ready To Move,Sarjapur Road,3 BHK,1340.0,4,1,85.3
Built-up  Area,Ready To Move,Whitefield,4 BHK,2071.0,4,1,134.99
Super built-up  Area,Under Construction,Marathahalli,4 BHK,2603.0,4,1,156.32
Super built-up  Area,Ready To Move,Jayanagar,1 BHK,750.0,2,0,110.82
Super built-up  Area,Under Construction,Electronic City,2 BHK,981.0,3,1,47.51
Plot  Area,Ready To Move,Bellandur,2 BHK,1306.0,2,2,123.72
Super built-up  Area,Ready To Move,Yelahanka,3 BHK,1426.0,4,1,96.18
Built-up  Area,Ready To Move,Indiranagar,3 BHK,1974.0,4,1,268.85
Super built-up  Area,Under Construction,HSR Layout,4 BHK,2129.0,5,0,152.79
Super built-up  Area,Ready To Move,Electronic City,3 BHK,1559.0,4,1,78.34
Super built-up  Area,Under Construction,Whitefield,2 BHK,1009.0,2,2,54.7
Plot  Area,Under Construction,Rajaji Nagar,1 BHK,692.0,2,2,91.35
Built-up  Area,Ready To Move,Rajaji Nagar,2 BHK,1135.0,2,1,137.81
Built-up  Area,Ready To Move,Koramangala,3 BHK,1849.0,4,2,323.18
Super built-up  Area,Under Construction,Sarjapur Road,4 BHK,1940.0,4,2,130.24
Super built-up  Area,Ready To Move,Sarjapur Road,2 BHK,1076.0,2,0,79.22
Super built-up  Area,Ready To Move,Thanisandra,3 BHK,2203.0,3,1,147.4
Plot  Area,Ready To Move,Rajaji Nagar,2 BHK,1233.0,2,2,189.45
Super built-up  Area,Under Construction,Rajaji Nagar,2 BHK,1073.0,3,2,133.3
Super built-up  Area,Under Construction,Thanisandra,2 BHK,1195.0,2,2,68.33
Super built-up  Area,Ready To Move,Koramangala,2 BHK,1569.0,2,2,191.73
Super built-up  Area,Ready To Move,Whitefield,3 BHK,1613.0,4,0,118.65
Super built-up  Area,Under Construction,Electronic City,2 BHK,1337.0,3,1,63.78
Plot  Area,Ready To Move,Rajaji Nagar,2 BHK,1323.0,2,2,194.7
Super built-up  Area,Ready To Move,Koramangala,3 BHK,1964.0,3,3,269.43
Plot  Area,Ready To Move,Whitefield,5 BHK,2412.0,5,1,159.48
Built-up  Area,Under Construction,Whitefield,3 BHK,1346.0,3,2,77.99
Super built-up  Area,Under Construction,Bellandur,2 BHK,1121.0,2,2,87.31
Super built-up  Area,Ready To Move,Whitefield,2 BHK,1181.0,2,1,66.7
Super built-up  Area,Ready To Move,Electronic City,1 BHK,602.0,1,1,30.97
Plot  Area,Ready To Move,HSR Layout,1 BHK,754.0,1,1,88.52
Super built-up  Area,Ready To Move,Bellandur,3 BHK,1647.0,3,2,132.39
Super built-up  Area,Ready To Move,Bellandur,1 BHK,636.0,2,0,55.19
Super built-up  Area,Ready To Move,Electronic City,2 BHK,1356.0,2,2,61.15
Super built-up  Area,Ready To Move,Thanisandra,3 BHK,2201.0,4,1,150.6
Super built-up  Area,Ready To Move,Electronic City,3 BHK,1586.0,3,2,89.93
Super built-up  Area,Under Construction,Sarjapur Road,2 BHK,1149.0,2,0,69.85
Built-up  Area,Ready To Move,Thanisandra,2 BHK,1372.0,2,2,105.14
Built-up  Area,Ready To Move,Koramangala,2 BHK,1052.0,2,1,153.84
Super built-up  Area,Ready To Move,Jayanagar,2 BHK,1278.0,2,1,166.9
Super built-up  Area,Under Construction,Bellandur,2 BHK,1138.0,2,1,84.47
Plot  Area,Ready To Move,Indiranagar,2 BHK,1279.0,3,2,226.79
Super built-up  Area,Ready To Move,Whitefield,1 BHK,409.0,1,2,30.98
Plot  Area,Ready To Move,Sarjapur Road,2 BHK,884.0,2,1,67.28
Super built-up  Area,Under Construction,Electronic City,2 BHK,1418.0,2,1,64.8
Built-up  Area,Under Construction,Electronic City,4 BHK,2547.0,5,1,139.9
Super built-up  Area,Ready To Move,Other,2 BHK,820.0,3,2,47.9
Super built-up  Area,Ready To Move,Sarjapur Road,3 BHK,2264.0,3,2,171.84
Plot  Area,Ready To Move,Rajaji Nagar,2 BHK,1523.0,2,1,201.0
Super built-up  Area,Under Construction,Koramangala,3 BHK,1726.0,3,1,241.31
Super built-up  Area,Ready To Move,Yelahanka,2 BHK,1372.0,2,2,84.58
Super built-up  Area,Ready To Move,HSR Layout,2 BHK,1266.0,2,0,117.57
Built-up  Area,Ready To Move,Indiranagar,3 BHK,1646.0,3,1,216.76
Super built-up  Area,Under Construction,HSR Layout,3 BHK,1828.0,3,1,159.67
Built-up  Area,Ready To Move,Electronic City,5 BHK,2682.0,6,2,147.04
Super built-up  Area,Ready To Move,Thanisandra,3 BHK,1578.0,4,1,105.68
Super built-up  Area,Ready To Move,Electronic City,2 BHK,1269.0,2,1,66.78
Built-up  Area,Ready To Move,Whitefield,2 BHK,1102.0,3,3,78.31
Super built-up  Area,Ready To Move,Koramangala,2 BHK,1241.0,2,2,195.26
Super built-up  Area,Ready To Move,Electronic City,2 BHK,1048.0,2,2,53.62
Super built-up  Area,Ready To Move,Marathahalli,3 BHK,1925.0,4,1,137.04
Super built-up  Area,Ready To Move,Marathahalli,2 BHK,1295.0,3,3,88.89
Super built-up  Area,Ready To Move,Rajaji Nagar,4 BHK,2791.0,4,0,339.53
Super built-up  Area,Ready To Move,Sarjapur Road,2 BHK,1295.0,3,2,107.48
Super built-up  Area,Ready To Move,Whitefield,2 BHK,1524.0,3,2,111.98
Super built-up  Area,Ready To Move,Marathahalli,1 BHK,732.0,1,2,44.1
Super built-up  Area,Ready To Move,Hebbal,2 BHK,956.0,2,1,87.77
Super built-up  Area,Ready To Move,Marathahalli,3 BHK,1831.0,3,0,108.17
Carpet  Area,Ready To Move,Marathahalli,5 BHK,2854.0,6,1,234.92
Plot  Area,Ready To Move,Jayanagar,2 BHK,1321.0,2,2,217.26
Super built-up  Area,Ready To Move,Sarjapur Road,3 BHK,1410.0,3,2,110.42
Super built-up  Area,Under Construction,Sarjapur Road,3 BHK,2046.0,3,3,136.37
Plot  Area,Ready To Move,Jayanagar,4 BHK,2830.0,5,1,404.63
Super built-up  Area,Ready To Move,Sarjapur Road,2 BHK,1145.0,2,2,81.41
Super built-up  Area,Ready To Move,Electronic City,2 BHK,1176.0,3,1,58.86
Built-up  Area,Ready To Move,Indiranagar,2 BHK,1346.0,3,3,218.78
Super built-up  Area,Ready To Move,Marathahalli,2 BHK,1435.0,3,3,109.45
Super built-up  Area,Under Construction,Bellandur,2 BHK,926.0,2,2,70.35
Carpet  Area,Ready To Move,Indiranagar,2 BHK,1410.0,3,3,223.54
Built-up  Area,Ready To Move,Whitefield,3 BHK,1869.0,4,2,127.96
Super built-up  Area,Ready To Move,Koramangala,1 BHK,633.0,2,1,89.83
Super built-up  Area,Ready To Move,Other,3 BHK,1704.0,3,0,80.75
Super built-up  Area,Ready To Move,Whitefield,3 BHK,1453.0,4,2,97.45
Built-up  Area,Ready To Move,HSR Layout,3 BHK,1511.0,3,2,160.25
Super built-up  Area,Ready To Move,Jayanagar,2 BHK,1214.0,2,1,148.74
Super built-up  Area,Ready To Move,Thanisandra,1 BHK,542.0,1,0,37.19
Plot  Area,Ready To Move,Bellandur,2 BHK,1289.0,3,1,109.68
Super built-up  Area,Ready To Move,Bellandur,2 BHK,1416.0,2,1,103.37
Super built-up  Area,Under Construction,Sarjapur Road,3 BHK,1375.0,3,2,95.18
Super built-up  Area,Under Construction,Sarjapur Road,1 BHK,434.0,1,2,31.33
Super built-up  Area,Under Construction,Yelahanka,2 BHK,1303.0,3,2,73.3
Super built-up  Area,Under Construction,Yelahanka,1 BHK,644.0,1,1,33.24
Plot  Area,Ready To Move,Jayanagar,1 BHK,723.0,1,1,122.85
Plot  Area,Ready To Move,Rajaji Nagar,4 BHK,2960.0,4,1,363.46
Super built-up  Area,Ready To Move,HSR Layout,5 BHK,2503.0,5,2,228.08
Super built-up  Area,Under Construction,HSR Layout,2 BHK,1178.0,2,0,113.57
Super built-up  Area,Ready To Move,Yelahanka,2 BHK,947.0,3,2,66.3
Super built-up  Area,Ready To Move,Koramangala,3 BHK,1892.0,3,2,264.08
Super built-up  Area,Under Construction,Bellandur,4 BHK,2298.0,5,0,153.36
Plot  Area,Under Construction,Yelahanka,3 BHK,1361.0,4,1,91.56
Super built-up  Area,Under Construction,Rajaji Nagar,2 BHK,1558.0,2,2,175.38
Super built-up  Area,Ready To Move,Sarjapur Road,1 BHK,629.0,1,1,43.11
Super built-up  Area,Ready To Move,Sarjapur Road,1 BHK,395.0,1,1,29.7
Super built-up  Area,Ready To Move,Whitefield,3 BHK,2220.0,4,0,144.53
Super built-up  Area,Ready To Move,Indiranagar,3 BHK,1933.0,4,2,250.48
Super built-up  Area,Ready To Move,Whitefield,2 BHK,1036.0,2,3,67.4
Super built-up  Area,Ready To Move,Hebbal,2 BHK,1259.0,2,3,122.03
Built-up  Area,Ready To Move,HSR Layout,3 BHK,1616.0,3,1,175.27
Super built-up  Area,Ready To Move,Electronic City,3 BHK,2087.0,4,2,119.32
Super built-up  Area,Ready To Move,Indiranagar,3 BHK,1969.0,3,2,260.85
Super built-up  Area,Under Construction,Whitefield,3 BHK,2121.0,4,1,130.74
Plot  Area,Ready To Move,Whitefield,2 BHK,1057.0,3,0,88.06
Super built-up  Area,Ready To Move,Yelahanka,2 BHK,1252.0,3,2,85.64
Super built-up  Area,Ready To Move,Sarjapur Road,3 BHK,1464.0,3,1,105.88
Super built-up  Area,Ready To Move,Whitefield,3 BHK,1695.0,3,1,106.86
Built-up  Area,Ready To Move,HSR Layout,1 BHK,653.0,2,2,72.98
Super built-up  Area,Ready To Move,Thanisandra,2 BHK,1201.0,3,2,72.64
Super built-up  Area,Under Construction,Electronic City,3 BHK,2103.0,3,3,105.96
Super built-up  Area,Ready To Move,Koramangala,2 BHK,1331.0,3,1,188.82
Super built-up  Area,Under Construction,Whitefield,2 BHK,1335.0,2,1,93.62
Super built-up  Area,Ready To Move,Whitefield,3 BHK,2207.0,3,2,161.5
Super built-up  Area,Ready To Move,HSR Layout,3 BHK,1754.0,4,1,142.44
Built-up  Area,Ready To Move,HSR Layout,3 BHK,2271.0,3,1,242.64
Super built-up  Area,Under Construction,Koramangala,2 BHK,1330.0,3,1,156.88
Super built-up  Area,Ready To Move,Thanisandra,2 BHK,1006.0,3,2,70.5
Super built-up  Area,Ready To Move,Other,2 BHK,1383.0,3,0,76.74
Super built-up  Area,Ready To Move,HSR Layout,3 BHK,1566.0,4,2,158.33
Super built-up  Area,Ready To Move,Sarjapur Road,3 BHK,1567.0,3,1,109.54
Plot  Area,Ready To Move,Yelahanka,2 BHK,1255.0,2,2,91.65
Carpet  Area,Ready To Move,Electronic City,2 BHK,1302.0,2,2,90.08
Super built-up  Area,Ready To Move,Hebbal,1 BHK,653.0,1,2,65.93
Super built-up  Area,Ready To Move,Whitefield,2 BHK,1293.0,2,2,84.58
Super built-up  Area,Ready To Move,Whitefield,1 BHK,541.0,2,2,41.84
Built-up  Area,Ready To Move,Marathahalli,3 BHK,1848.0,4,2,120.27
Built-up  Area,Ready To Move,Yelahanka,3 BHK,1688.0,3,3,118.84
Built-up  Area,Under Construction,Bellandur,3 BHK,2164.0,4,1,173.14
Built-up  Area,Ready To Move,Hebbal,3 BHK,1699.0,3,1,158.71
Super built-up  Area,Ready To Move,Electronic City,2 BHK,1439.0,3,2,62.9
Super built-up  Area,Ready To Move,Electronic City,3 BHK,2149.0,3,1,116.47
Built-up  Area,Ready To Move,Electronic City,1 BHK,458.0,1,1,27.79
Super built-up  Area,Under Construction,HSR Layout,1 BHK,617.0,2,1,54.46
Super built-up  Area,Ready To Move,Thanisandra,2 BHK,1165.0,2,1,71.12
Super built-up  Area,Ready To Move,Bellandur,2 BHK,1245.0,2,1,100.51
Super built-up  Area,Ready To Move,Electronic City,1 BHK,612.0,1,2,32.38
Super built-up  Area,Ready To Move,Marathahalli,2 BHK,1071.0,2,1,73.48
Super built-up  Area,Ready To Move,Thanisandra,2 BHK,1181.0,2,2,78.28
Built-up  Area,Under Construction,Indiranagar,3 BHK,1596.0,3,2,246.37
Super built-up  Area,Under Construction,Koramangala,2 BHK,931.0,3,1,125.71
Super built-up  Area,Ready To Move,Hebbal,2 BHK,1153.0,3,2,121.21
Built-up  Area,Ready To Move,Electronic City,4 BHK,2201.0,4,2,114.32
Super built-up  Area,Under Construction,Sarjapur Road,3 BHK,1428.0,4,1,98.61
Super built-up  Area,Ready To Move,Thanisandra,2 BHK,1368.0,3,1,89.38
Super built-up  Area,Ready To Move,Whitefield,2 BHK,1474.0,2,0,87.99
Super built-up  Area,Ready To Move,Whitefield,3 BHK,2038.0,3,1,135.04
Super built-up  Area,Ready To Move,Whitefield,2 BHK,1072.0,3,3,76.45
Carpet  Area,Ready To Move,Whitefield,1 BHK,764.0,2,2,64.37
Super built-up  Area,Ready To Move,Jayanagar,2 BHK,1038.0,2,2,111.52
Super built-up  Area,Under Construction,Bellandur,3 BHK,1904.0,4,0,158.82
Super built-up  Area,Ready To Move,Hebbal,2 BHK,1282.0,2,1,130.93
Super built-up  Area,Under Construction,Whitefield,2 BHK,1258.0,2,3,86.85
Built-up  Area,Ready To Move,HSR Layout,2 BHK,1155.0,2,2,123.02
Super built-up  Area,Ready To Move,Hebbal,3 BHK,1391.0,3,1,158.41
Super built-up  Area,Ready To Move,Electronic City,3 BHK,1766.0,3,3,110.17
Built-up  Area,Ready To Move,Hebbal,3 BHK,1567.0,3,0,143.62
Super built-up  Area,Ready To Move,Sarjapur Road,2 BHK,1021.0,2,1,64.62
Plot  Area,Under Construction,Koramangala,3 BHK,1500.0,4,1,232.67
Super built-up  Area,Ready To Move,Koramangala,2 BHK,1007.0,2,2,134.86
Super built-up  Area,Ready To Move,Whitefield,2 BHK,1439.0,2,1,111.05
Plot  Area,Ready To Move,Sarjapur Road,4 BHK,2686.0,4,2,210.17
Plot  Area,Under Construction,Koramangala,4 BHK,2936.0,5,1,456.36
Super built-up  Area,Ready To Move,HSR Layout,3 BHK,1523.0,3,2,149.43
Super built-up  Area,Ready To Move,Jayanagar,4 BHK,2468.0,4,1,328.46
Super built-up  Area,Under Construction,Bellandur,2 BHK,1104.0,2,2,74.07
Super built-up  Area,Ready To Move,Electronic City,2 BHK,845.0,2,2,43.95
Carpet  Area,Ready To Move,Whitefield,2 BHK,1182.0,2,3,106.02
Super built-up  Area,Ready To Move,Koramangala,2 BHK,1388.0,2,1,211.75
Super built-up  Area,Ready To Move,Whitefield,3 BHK,1803.0,3,1,104.95
Plot  Area,Under Construction,Indiranagar,2 BHK,1472.0,3,1,193.1
Super built-up  Area,Ready To Move,Marathahalli,3 BHK,2191.0,3,1,118.99
Super built-up  Area,Ready To Move,Indiranagar,2 BHK,1125.0,2,2,157.3
Plot  Area,Under Construction,Sarjapur Road,2 BHK,1014.0,3,1,74.93
Built-up  Area,Ready To Move,Koramangala,1 BHK,502.0,2,2,80.26
Built-up  Area,Under Construction,Hebbal,4 BHK,2584.0,4,3,240.08
Super built-up  Area,Ready To Move,HSR Layout,3 BHK,2161.0,4,3,212.46
Built-up  Area,Ready To Move,Marathahalli,3 BHK,1522.0,3,2,105.03
Super built-up  Area,Ready To Move,Sarjapur Road,3 BHK,2217.0,3,1,167.73
Super built-up  Area,Under Construction,Marathahalli,3 BHK,1481.0,3,0,94.24
Carpet  Area,Ready To Move,Rajaji Nagar,4 BHK,2481.0,4,1,354.07
Super built-up  Area,Under Construction,Electronic City,2 BHK,1245.0,2,2,61.82
Built-up  Area,Ready To Move,Whitefield,2 BHK,959.0,2,1,69.39
Super built-up  Area,Ready To Move,Whitefield,1 BHK,521.0,1,0,34.14
Super built-up  Area,Ready To Move,Whitefield,4 BHK,2554.0,4,1,191.26
Built-up  Area,Ready To Move,Whitefield,5 BHK,2430.0,5,2,185.75
Super built-up  Area,Ready To Move,Bellandur,3 BHK,1753.0,4,1,125.56
Super built-up  Area,Under Construction,Whitefield,2 BHK,1000.0,3,1,64.29
Super built-up  Area,Ready To Move,Sarjapur Road,2 BHK,1643.0,2,2,131.48
Plot  Area,Ready To Move,Jayanagar,2 BHK,1154.0,2,1,171.1
Super built-up  Area,Under Construction,Whitefield,2 BHK,1132.0,3,2,64.11
Super built-up  Area,Ready To Move,Yelahanka,2 BHK,1556.0,2,1,91.96
Super built-up  Area,Under Construction,Electronic City,1 BHK,663.0,1,2,32.72
Plot  Area,Ready To Move,Whitefield,5 BHK,3404.0,5,1,245.09
Built-up  Area,Ready To Move,Bellandur,2 BHK,1586.0,2,3,139.09
Built-up  Area,Ready To Move,Koramangala,4 BHK,1935.0,5,1,297.4
Super built-up  Area,Ready To Move,Jayanagar,3 BHK,1764.0,3,3,262.94
Super built-up  Area,Ready To Move,Thanisandra,2 BHK,1454.0,3,1,91.33
Super built-up  Area,Under Construction,Yelahanka,2 BHK,1209.0,2,2,71.65
Super built-up  Area,Under Construction,Electronic City,5 BHK,3099.0,5,2,160.7
Super built-up  Area,Ready To Move,Electronic City,3 BHK,1624.0,3,1,75.21
Carpet  Area,Under Construction,Thanisandra,2 BHK,1227.0,2,1,105.71
Built-up  Area,Ready To Move,Yelahanka,1 BHK,745.0,1,1,51.74
Super built-up  Area,Under Construction,Other,3 BHK,1898.0,3,2,92.96
Super built-up  Area,Ready To Move,Hebbal,2 BHK,918.0,2,2,89.64
Built-up  Area,Ready To Move,Sarjapur Road,2 BHK,1217.0,2,2,101.15
Super built-up  Area,Ready To Move,Thanisandra,3 BHK,1888.0,4,1,127.43
Super built-up  Area,Ready To Move,Sarjapur Road,3 BHK,2116.0,3,1,144.21
Super built-up  Area,Ready To Move,Marathahalli,2 BHK,1257.0,3,1,91.15
Super built-up  Area,Ready To Move,Jayanagar,4 BHK,2915.0,5,1,405.63
Built-up  Area,Ready To Move,Hebbal,3 BHK,1875.0,4,2,187.51
Super built-up  Area,Ready To Move,Thanisandra,3 BHK,2012.0,3,2,136.36
Super built-up  Area,Under Construction,Thanisandra,2 BHK,1310.0,3,1,84.02
Super built-up  Area,Ready To Move,Whitefield,2 BHK,1499.0,2,1,89.63
Built-up  Area,Ready To Move,Rajaji Nagar,1 BHK,581.0,2,1,78.89
Super built-up  Area,Ready To Move,HSR Layout,2 BHK,1267.0,3,2,112.3
Super built-up  Area,Ready To Move,Yelahanka,4 BHK,2150.0,4,2,145.32
Plot  Area,Ready To Move,Sarjapur Road,4 BHK,2261.0,4,1,205.78
Carpet  Area,Under Construction,Rajaji Nagar,3 BHK,1663.0,4,3,199.28
Carpet  Area,Ready To Move,Sarjapur Road,2 BHK,1234.0,2,0,106.71
Built-up  Area,Ready To Move,Whitefield,3 BHK,1979.0,3,2,138.67
Super built-up  Area,Under Construction,Rajaji Nagar,2 BHK,957.0,2,1,102.46
Super built-up  Area,Under Construction,Whitefield,1 BHK,570.0,1,3,35.18
Super built-up  Area,Ready To Move,Sarjapur Road,2 BHK,1261.0,2,2,82.18
Super built-up  Area,Ready To Move,Marathahalli,2 BHK,1124.0,2,2,62.12
Carpet  Area,Ready To Move,Marathahalli,2 BHK,1089.0,2,2,81.24
Built-up  Area,Ready To Move,Indiranagar,2 BHK,1187.0,3,1,177.56
Built-up  Area,Ready To Move,Koramangala,2 BHK,1609.0,2,2,253.46
Super built-up  Area,Ready To Move,Hebbal,3 BHK,2295.0,3,3,213.12
Plot  Area,Ready To Move,Sarjapur Road,2 BHK,1314.0,2,1,91.33
Built-up  Area,Ready To Move,Sarjapur Road,3 BHK,1669.0,3,3,123.33
Super built-up  Area,Ready To Move,Bellandur,2 BHK,899.0,3,2,70.88
Plot  Area,Ready To Move,Thanisandra,2 BHK,1169.0,3,1,87.36
Super built-up  Area,Ready To Move,Yelahanka,3 BHK,2271.0,3,0,151.03
Super built-up  Area,Ready To Move,Yelahanka,2 BHK,902.0,2,1,50.88
Built-up  Area,Ready To Move,Whitefield,2 BHK,932.0,2,1,75.54
Built-up  Area,Ready To Move,HSR Layout,3 BHK,1957.0,4,1,209.3
Super built-up  Area,Ready To Move,Whitefield,2 BHK,1058.0,2,0,82.72
Super built-up  Area,Ready To Move,HSR Layout,3 BHK,1765.0,3,1,164.28
Carpet  Area,Ready To Move,Hebbal,2 BHK,1289.0,3,2,145.97
Built-up  Area,Ready To Move,Rajaji Nagar,2 BHK,1169.0,3,1,136.16
Built-up  Area,Ready To Move,Sarjapur Road,3 BHK,1983.0,3,1,131.09
Super built-up  Area,Ready To Move,Whitefield,2 BHK,1141.0,2,3,73.37
Super built-up  Area,Under Construction,Whitefield,2 BHK,936.0,2,1,59.53
Super built-up  Area,Ready To Move,Thanisandra,1 BHK,526.0,2,2,35.37
Super built-up  Area,Ready To Move,Koramangala,2 BHK,1357.0,2,1,187.22
Super built-up  Area,Ready To Move,Whitefield,3 BHK,1778.0,3,2,128.58
Super built-up  Area,Ready To Move,Whitefield,3 BHK,1675.0,3,2,123.21
Super built-up  Area,Ready To Move,Bellandur,3 BHK,1553.0,4,1,123.13
Super built-up  Area,Ready To Move,Whitefield,2 BHK,910.0,2,1,59.34
Built-up  Area,Ready To Move,Yelahanka,3 BHK,1921.0,3,3,130.62
Super built-up  Area,Ready To Move,Bellandur,2 BHK,1271.0,2,1,99.12
Super built-up  Area,Ready To Move,Whitefield,3 BHK,1631.0,3,1,118.96
Super built-up  Area,Under Construction,Whitefield,3 BHK,2009.0,3,1,126.4
Super built-up  Area,Under Construction,Other,1 BHK,706.0,2,2,38.06
Super built-up  Area,Ready To Move,Sarjapur Road,5 BHK,2169.0,6,3,172.39
Carpet  Area,Ready To Move,Sarjapur Road,3 BHK,1449.0,3,2,122.14
Built-up  Area,Ready To Move,Yelahanka,3 BHK,2145.0,3,2,121.69
Super built-up  Area,Ready To Move,Marathahalli,3 BHK,1971.0,4,2,131.08
Super built-up  Area,Under Construction,Other,3 BHK,1668.0,3,2,69.79
Super built-up  Area,Ready To Move,Thanisandra,5 BHK,2640.0,5,2,182.59
Built-up  Area,Ready To Move,Sarjapur Road,3 BHK,1804.0,3,2,156.02
Super built-up  Area,Under Construction,Whitefield,2 BHK,1207.0,2,1,79.7
Super built-up  Area,Under Construction,Thanisandra,3 BHK,1801.0,3,1,106.83
Built-up  Area,Under Construction,Indiranagar,2 BHK,913.0,2,2,152.25
Built-up  Area,Under Construction,Hebbal,4 BHK,2187.0,4,2,192.13
Built-up  Area,Ready To Move,Rajaji Nagar,3 BHK,1964.0,4,2,269.22
Plot  Area,Ready To Move,Whitefield,2 BHK,885.0,2,2,66.39
Plot  Area,Ready To Move,HSR Layout,3 BHK,1427.0,4,3,167.25
Super built-up  Area,Ready To Move,Whitefield,3 BHK,1312.0,4,1,86.44
Super built-up  Area,Ready To Move,Hebbal,2 BHK,771.0,2,2,68.23
Built-up  Area,Under Construction,Whitefield,2 BHK,907.0,3,2,68.66
Built-up  Area,Ready To Move,Whitefield,2 BHK,1357.0,2,1,94.66
Carpet  Area,Ready To Move,Whitefield,3 BHK,1588.0,3,1,129.39
Super built-up  Area,Ready To Move,Koramangala,2 BHK,851.0,2,1,116.35
Super built-up  Area,Ready To Move,Thanisandra,3 BHK,2025.0,3,1,150.67
Super built-up  Area,Under Construction,Indiranagar,2 BHK,990.0,3,1,143.54
Super built-up  Area,Ready To Move,Marathahalli,1 BHK,562.0,1,1,33.4
Super built-up  Area,Ready To Move,Sarjapur Road,1 BHK,703.0,2,1,52.75
Built-up  Area,Ready To Move,Electronic City,1 BHK,677.0,2,3,44.0
Super built-up  Area,Ready To Move,Jayanagar,1 BHK,356.0,1,1,45.23
Built-up  Area,Under Construction,Electronic City,2 BHK,1344.0,2,1,60.89
Built-up  Area,Ready To Move,Marathahalli,3 BHK,1968.0,3,2,127.49
Super built-up  Area,Under Construction,Whitefield,2 BHK,1315.0,2,2,84.58
Super built-up  Area,Under Construction,Marathahalli,3 BHK,1861.0,3,3,121.03
Super built-up  Area,Under Construction,Whitefield,2 BHK,853.0,3,2,56.29
Built-up  Area,Ready To Move,Rajaji Nagar,2 BHK,912.0,3,2,123.9
Plot  Area,Under Construction,HSR Layout,2 BHK,1288.0,2,1,136.34
Plot  Area,Ready To Move,Other,3 BHK,2320.0,3,2,151.93
Carpet  Area,Under Construction,Whitefield,1 BHK,619.0,2,1,51.41
Super built-up  Area,Under Construction,Indiranagar,2 BHK,1479.0,2,2,224.82
Plot  Area,Under Construction,Marathahalli,5 BHK,2497.0,6,3,178.55
Built-up  Area,Under Construction,HSR Layout,3 BHK,2182.0,3,2,214.93
Plot  Area,Ready To Move,Koramangala,2 BHK,968.0,2,2,159.37
Super built-up  Area,Ready To Move,Bellandur,3 BHK,1439.0,3,1,101.78
Carpet  Area,Ready To Move,Hebbal,3 BHK,1341.0,3,3,148.17
Super built-up  Area,Under Construction,Koramangala,3 BHK,1621.0,3,1,208.7
Built-up  Area,Ready To Move,Indiranagar,2 BHK,1122.0,2,1,165.98
Super built-up  Area,Ready To Move,Rajaji Nagar,2 BHK,1222.0,3,1,157.9
Super built-up  Area,Ready To Move,Whitefield,3 BHK,2276.0,4,0,147.99
Super built-up  Area,Ready To Move,Electronic City,1 BHK,364.0,1,2,18.51
Super built-up  Area,Under Construction,Marathahalli,4 BHK,2579.0,4,2,176.69
Super built-up  Area,Ready To Move,Rajaji Nagar,2 BHK,1220.0,2,2,158.93
Built-up  Area,Under Construction,Hebbal,2 BHK,1166.0,2,2,118.54
Super built-up  Area,Ready To Move,Koramangala,3 BHK,2039.0,4,2,272.85
Super built-up  Area,Under Construction,Electronic City,1 BHK,627.0,1,2,28.71
Super built-up  Area,Ready To Move,Electronic City,1 BHK,745.0,1,3,40.08
Super built-up  Area,Ready To Move,Hebbal,3 BHK,1595.0,3,2,154.02
Super built-up  Area,Under Construction,Sarjapur Road,2 BHK,1323.0,2,2,90.89
Super built-up  Area,Ready To Move,Indiranagar,3 BHK,1924.0,3,2,321.6
Super built-up  Area,Ready To Move,Whitefield,1 BHK,658.0,1,2,46.56
Built-up  Area,Ready To Move,Other,2 BHK,1108.0,2,2,73.65
Super built-up  Area,Ready To Move,Other,2 BHK,1181.0,2,1,63.94
Super built-up  Area,Ready To Move,Bellandur,3 BHK,1724.0,3,2,107.37
Super built-up  Area,Ready To Move,HSR Layout,2 BHK,1339.0,2,2,133.33
Carpet  Area,Ready To Move,Sarjapur Road,2 BHK,1350.0,2,1,117.56
Super built-up  Area,Ready To Move,Yelahanka,3 BHK,2164.0,3,2,134.81
Super built-up  Area,Ready To Move,Bellandur,3 BHK,1658.0,3,1,119.71
Super built-up  Area,Ready To Move,Electronic City,3 BHK,1998.0,3,1,108.38
Super built-up  Area,Under Construction,Rajaji Nagar,2 BHK,1057.0,2,3,111.02
Super built-up  Area,Ready To Move,Yelahanka,2 BHK,1384.0,3,2,86.11
Super built-up  Area,Under Construction,Marathahalli,3 BHK,1659.0,3,2,97.08
Super built-up  Area,Ready To Move,Thanisandra,3 BHK,1445.0,4,1,86.76
Super built-up  Area,Ready To Move,Koramangala,3 BHK,1945.0,4,3,251.2
Super built-up  Area,Ready To Move,Hebbal,4 BHK,3010.0,5,1,301.51
Built-up  Area,Ready To Move,Marathahalli,3 BHK,2004.0,3,2,143.43
Carpet  Area,Ready To Move,Jayanagar,2 BHK,1263.0,2,1,219.56
Super built-up  Area,Ready To Move,Whitefield,3 BHK,1708.0,4,3,112.38
Super built-up  Area,Under Construction,Whitefield,3 BHK,1918.0,4,0,121.21
Carpet  Area,Ready To Move,Sarjapur Road,3 BHK,1810.0,3,2,149.26
Built-up  Area,Under Construction,Yelahanka,4 BHK,2373.0,4,0,123.07
Super built-up  Area,Under Construction,Other,2 BHK,1436.0,2,0,71.88
Built-up  Area,Ready To Move,Electronic City,3 BHK,1926.0,4,0,103.44
Super built-up  Area,Ready To Move,Indiranagar,1 BHK,771.0,2,3,113.01
Super built-up  Area,Ready To Move,Sarjapur Road,2 BHK,877.0,3,2,70.35
Super built-up  Area,Ready To Move,Marathahalli,2 BHK,1377.0,2,1,95.97
Super built-up  Area,Ready To Move,Jayanagar,4 BHK,2910.0,4,2,442.99
Super built-up  Area,Under Construction,Yelahanka,3 BHK,1540.0,3,1,84.84
Super built-up  Area,Under Construction,Hebbal,3 BHK,1953.0,3,2,164.68
Built-up  Area,Under Construction,Hebbal,1 BHK,499.0,2,3,51.43
Super built-up  Area,Ready To Move,Electronic City,2 BHK,1048.0,3,2,50.64
Super built-up  Area,Ready To Move,Whitefield,3 BHK,1777.0,3,1,124.09
Super built-up  Area,Ready To Move,Jayanagar,1 BHK,694.0,1,0,87.46
Super built-up  Area,Ready To Move,Yelahanka,2 BHK,923.0,3,1,59.99
Super built-up  Area,Ready To Move,Other,3 BHK,1770.0,3,2,84.87
Carpet  Area,Ready To Move,Other,2 BHK,1290.0,3,2,91.62
Super built-up  Area,Under Construction,Indiranagar,1 BHK,675.0,1,2,98.89
Super built-up  Area,Under Construction,Thanisandra,2 BHK,896.0,2,1,59.68
Plot  Area,Ready To Move,Marathahalli,4 BHK,1951.0,5,1,151.29
Super built-up  Area,Under Construction,Jayanagar,3 BHK,1682.0,4,1,211.29
Plot  Area,Ready To Move,Electronic City,4 BHK,2123.0,4,1,106.05
Super built-up  Area,Ready To Move,Hebbal,3 BHK,2191.0,3,0,213.85
Super built-up  Area,Under Construction,Whitefield,2 BHK,1258.0,3,1,82.99
Super built-up  Area,Under Construction,Marathahalli,4 BHK,1911.0,4,0,113.67
Super built-up  Area,Ready To Move,Koramangala,2 BHK,970.0,2,2,138.5
Super built-up  Area,Ready To Move,Electronic City,2 BHK,1247.0,2,2,60.78
Plot  Area,Under Construction,Bellandur,2 BHK,1543.0,2,3,125.54
Built-up  Area,Ready To Move,Koramangala,3 BHK,1407.0,3,3,196.83
Built-up  Area,Ready To Move,Sarjapur Road,3 BHK,1374.0,3,0,99.18
Built-up  Area,Ready To Move,Whitefield,2 BHK,1585.0,2,2,119.18
Super built-up  Area,Under Construction,Bellandur,2 BHK,1447.0,3,2,117.72
Super built-up  Area,Ready To Move,HSR Layout,3 BHK,1711.0,4,1,165.52
Super built-up  Area,Under Construction,Thanisandra,1 BHK,591.0,1,3,37.17
Built-up  Area,Ready To Move,HSR Layout,3 BHK,1446.0,4,2,150.53
Super built-up  Area,Ready To Move,Jayanagar,2 BHK,1036.0,2,0,143.31
Super built-up  Area,Under Construction,Indiranagar,2 BHK,1016.0,2,3,135.66
Plot  Area,Ready To Move,Indiranagar,2 BHK,1239.0,3,1,221.58
Super built-up  Area,Ready To Move,Jayanagar,2 BHK,1552.0,3,2,192.74
Super built-up  Area,Ready To Move,Hebbal,3 BHK,2246.0,4,2,204.69
Super built-up  Area,Under Construction,Whitefield,4 BHK,2450.0,4,1,140.59
Super built-up  Area,Ready To Move,Whitefield,2 BHK,1316.0,3,1,89.57
Built-up  Area,Ready To Move,Thanisandra,3 BHK,1815.0,4,1,101.72
Carpet  Area,Ready To Move,Koramangala,3 BHK,2032.0,3,1,387.1
Super built-up  Area,Ready To Move,Bellandur,2 BHK,1343.0,3,2,120.65
Super built-up  Area,Ready To Move,Electronic City,2 BHK,1210.0,2,1,66.15
Built-up  Area,Ready To Move,Whitefield,3 BHK,1656.0,3,2,114.32
Super built-up  Area,Ready To Move,Whitefield,1 BHK,435.0,1,2,31.2
Super built-up  Area,Ready To Move,Sarjapur Road,2 BHK,1040.0,3,2,75.1
Plot  Area,Ready To Move,Indiranagar,5 BHK,3555.0,6,0,611.3
Built-up  Area,Under Construction,Sarjapur Road,3 BHK,2243.0,3,2,174.54
Super built-up  Area,Ready To Move,Hebbal,2 BHK,1049.0,3,1,97.4
Super built-up  Area,Ready To Move,Rajaji Nagar,2 BHK,1171.0,2,2,147.25
Built-up  Area,Ready To Move,Sarjapur Road,2 BHK,1127.0,2,3,91.94
Built-up  Area,Ready To Move,HSR Layout,2 BHK,855.0,2,0,98.24
Built-up  Area,Ready To Move,Yelahanka,2 BHK,1216.0,3,0,86.48
Super built-up  Area,Ready To Move,Sarjapur Road,2 BHK,1294.0,3,2,92.36
Plot  Area,Under Construction,Koramangala,2 BHK,1187.0,2,0,175.49
Super built-up  Area,Ready To Move,Jayanagar,3 BHK,1983.0,3,1,264.43
Built-up  Area,Under Construction,Marathahalli,2 BHK,1433.0,2,2,96.5
Super built-up  Area,Ready To Move,Whitefield,1 BHK,760.0,2,2,47.14
Super built-up  Area,Ready To Move,Marathahalli,1 BHK,655.0,1,2,40.06
Carpet  Area,Ready To Move,HSR Layout,2 BHK,1250.0,2,1,141.02
Super built-up  Area,Under Construction,Electronic City,2 BHK,1319.0,2,2,73.49
Super built-up  Area,Ready To Move,Hebbal,2 BHK,1443.0,2,1,121.29
Built-up  Area,Ready To Move,Other,2 BHK,1402.0,3,1,85.3
Super built-up  Area,Ready To Move,HSR Layout,2 BHK,943.0,2,2,93.74
Built-up  Area,Ready To Move,Sarjapur Road,3 BHK,1662.0,4,2,133.98
Super built-up  Area,Ready To Move,Koramangala,2 BHK,1013.0,2,1,161.05
Super built-up  Area,Ready To Move,Electronic City,1 BHK,359.0,1,2,22.46
Plot  Area,Ready To Move,Whitefield,2 BHK,1504.0,2,3,94.86
Super built-up  Area,Ready To Move,Whitefield,4 BHK,2845.0,4,2,182.22
Plot  Area,Under Construction,Whitefield,4 BHK,1763.0,4,1,107.14
Super built-up  Area,Under Construction,Electronic City,2 BHK,1042.0,3,2,53.33
Built-up  Area,Ready To Move,Whitefield,2 BHK,1442.0,3,2,123.64
Super built-up  Area,Ready To Move,Koramangala,2 BHK,932.0,2,2,131.41
Super built-up  Area,Ready To Move,Electronic City,2 BHK,1465.0,2,1,73.18
Plot  Area,Ready To Move,Sarjapur Road,2 BHK,1263.0,3,3,118.24
Super built-up  Area,Ready To Move,Rajaji Nagar,2 BHK,1099.0,2,1,100.53
Built-up  Area,Ready To Move,Hebbal,2 BHK,1104.0,3,2,109.34
Built-up  Area,Under Construction,Bellandur,1 BHK,639.0,1,2,54.8
Built-up  Area,Ready To Move,Electronic City,2 BHK,1407.0,3,0,80.24
Plot  Area,Ready To Move,Electronic City,4 BHK,1971.0,4,2,101.27
Super built-up  Area,Ready To Move,Whitefield,2 BHK,1002.0,3,2,73.06
Super built-up  Area,Ready To Move,Electronic City,3 BHK,1882.0,3,2,102.42
Super built-up  Area,Under Construction,Electronic City,2 BHK,1272.0,2,1,60.15
Super built-up  Area,Ready To Move,Electronic City,2 BHK,907.0,2,1,45.14
Super built-up  Area,Under Construction,Whitefield,3 BHK,1585.0,3,2,101.12
Super built-up  Area,Ready To Move,Whitefield,2 BHK,1316.0,3,2,85.33
Super built-up  Area,Ready To Move,Hebbal,2 BHK,998.0,3,1,91.16
Super built-up  Area,Under Construction,Electronic City,2 BHK,1144.0,2,1,55.41
Super built-up  Area,Ready To Move,Sarjapur Road,1 BHK,687.0,2,2,47.53
Built-up  Area,Ready To Move,HSR Layout,2 BHK,1307.0,2,1,147.96
Super built-up  Area,Under Construction,Bellandur,2 BHK,972.0,2,1,64.03
Super built-up  Area,Ready To Move,Whitefield,1 BHK,490.0,2,3,34.4
Plot  Area,Ready To Move,Yelahanka,2 BHK,1225.0,2,2,87.26
Super built-up  Area,Ready To Move,Koramangala,1 BHK,895.0,2,2,126.82
Carpet  Area,Ready To Move,Whitefield,2 BHK,1047.0,3,2,81.37
Super built-up  Area,Ready To Move,Jayanagar,3 BHK,2065.0,4,1,256.43
Super built-up  Area,Under Construction,Marathahalli,1 BHK,731.0,1,0,37.79
Built-up  Area,Ready To Move,Whitefield,3 BHK,2151.0,3,1,170.28
Built-up  Area,Ready To Move,Electronic City,4 BHK,2596.0,4,3,156.2
Super built-up  Area,Ready To Move,Yelahanka,2 BHK,1376.0,3,2,90.18
Plot  Area,Ready To Move,Thanisandra,2 BHK,836.0,2,2,68.96
Super built-up  Area,Ready To Move,Electronic City,2 BHK,1226.0,2,2,62.22
Super built-up  Area,Ready To Move,Electronic City,2 BHK,1174.0,3,2,56.97
Super built-up  Area,Ready To Move,Sarjapur Road,3 BHK,1604.0,3,1,122.36
Super built-up  Area,Ready To Move,HSR Layout,2 BHK,1320.0,2,2,139.31
Super built-up  Area,Ready To Move,Koramangala,2 BHK,1245.0,2,2,177.66
Plot  Area,Ready To Move,Sarjapur Road,1 BHK,586.0,1,1,49.06
Super built-up  Area,Ready To Move,Hebbal,3 BHK,2244.0,3,2,167.65
Super built-up  Area,Under Construction,Thanisandra,2 BHK,1403.0,2,1,81.9
Super built-up  Area,Ready To Move,Whitefield,3 BHK,2045.0,3,2,124.8
Plot  Area,Ready To Move,Electronic City,3 BHK,2099.0,4,2,119.38
Carpet  Area,Ready To Move,Thanisandra,1 BHK,895.0,1,1,78.48
Built-up  Area,Ready To Move,Rajaji Nagar,2 BHK,983.0,3,2,123.5
Carpet  Area,Under Construction,HSR Layout,2 BHK,1317.0,2,2,148.94
Built-up  Area,Ready To Move,HSR Layout,2 BHK,1236.0,2,1,132.84
Carpet  Area,Ready To Move,Whitefield,3 BHK,1640.0,3,0,137.15
Built-up  Area,Ready To Move,Hebbal,1 BHK,706.0,1,2,64.73
Super built-up  Area,Ready To Move,HSR Layout,2 BHK,1048.0,2,2,93.45
Super built-up  Area,Ready To Move,Electronic City,2 BHK,1465.0,3,1,72.92
Super built-up  Area,Under Construction,Electronic City,2 BHK,1135.0,3,2,55.84
Super built-up  Area,Ready To Move,Sarjapur Road,2 BHK,1085.0,3,2,77.72
Super built-up  Area,Under Construction,Whitefield,2 BHK,1537.0,2,1,102.69
Super built-up  Area,Ready To Move,Sarjapur Road,2 BHK,1484.0,2,2,111.77
Plot  Area,Under Construction,Electronic City,2 BHK,1540.0,2,2,91.59
Super built-up  Area,Ready To Move,Sarjapur Road,2 BHK,1448.0,2,1,101.15
Built-up  Area,Ready To Move,Whitefield,2 BHK,974.0,3,3,86.44
Built-up  Area,Under Construction,Rajaji Nagar,2 BHK,1346.0,3,2,169.79
Carpet  Area,Ready To Move,Indiranagar,2 BHK,1281.0,2,2,267.27
Plot  Area,Ready To Move,Bellandur,2 BHK,848.0,2,3,76.44
Built-up  Area,Under Construction,Yelahanka,2 BHK,985.0,2,2,62.1
Super built-up  Area,Ready To Move,HSR Layout,1 BHK,604.0,2,2,56.97
Super built-up  Area,Ready To Move,Whitefield,2 BHK,1105.0,3,1,75.37
Super built-up  Area,Under Construction,HSR Layout,1 BHK,791.0,1,1,58.19
Built-up  Area,Under Construction,Indiranagar,2 BHK,1042.0,2,1,160.57
Plot  Area,Ready To Move,Thanisandra,2 BHK,1056.0,3,1,85.51
Built-up  Area,Ready To Move,Hebbal,2 BHK,960.0,2,2,100.0
Super built-up  Area,Ready To Move,Whitefield,2 BHK,1366.0,2,1,93.33
Super built-up  Area,Ready To Move,Electronic City,2 BHK,917.0,2,1,44.32
Super built-up  Area,Ready To Move,Sarjapur Road,3 BHK,2028.0,4,2,138.51
Super built-up  Area,Under Construction,Koramangala,2 BHK,1582.0,2,2,206.1
Super built-up  Area,Ready To Move,Indiranagar,1 BHK,556.0,1,2,83.59
Super built-up  Area,Ready To Move,Sarjapur Road,1 BHK,567.0,2,2,47.6
Built-up  Area,Ready To Move,Other,2 BHK,1057.0,3,0,65.86
Super built-up  Area,Under Construction,Koramangala,2 BHK,1480.0,2,1,216.18
Super built-up  Area,Ready To Move,Electronic City,1 BHK,475.0,1,2,23.26
Carpet  Area,Under Construction,Whitefield,2 BHK,1313.0,2,1,105.02
Super built-up  Area,Under Construction,Electronic City,3 BHK,2035.0,4,1,107.68
Super built-up  Area,Under Construction,Electronic City,1 BHK,579.0,2,1,27.21
Super built-up  Area,Under Construction,Electronic City,4 BHK,1820.0,5,2,88.48
Super built-up  Area,Under Construction,Electronic City,3 BHK,1592.0,3,1,73.44
Super built-up  Area,Under Construction,Electronic City,3 BHK,2056.0,3,2,105.0
Super built-up  Area,Ready To Move,Electronic City,3 BHK,1257.0,3,2,54.66
Super built-up  Area,Ready To Move,Rajaji Nagar,1 BHK,444.0,2,2,55.31
Super built-up  Area,Ready To Move,Whitefield,2 BHK,1279.0,2,1,85.92
Super built-up  Area,Ready To Move,HSR Layout,2 BHK,1358.0,2,3,123.31
Plot  Area,Ready To Move,Hebbal,1 BHK,597.0,1,1,60.86
Super built-up  Area,Ready To Move,Other,2 BHK,1103.0,2,2,57.79
Plot  Area,Under Construction,Whitefield,3 BHK,1707.0,3,2,107.8
Super built-up  Area,Ready To Move,Sarjapur Road,2 BHK,1182.0,2,2,79.78
Super built-up  Area,Ready To Move,Marathahalli,2 BHK,1096.0,3,0,68.16
Built-up  Area,Under Construction,Jayanagar,3 BHK,1560.0,4,1,197.84
Super built-up  Area,Ready To Move,Yelahanka,1 BHK,593.0,2,1,40.87
Super built-up  Area,Ready To Move,Electronic City,2 BHK,1288.0,2,1,60.81
Built-up  Area,Under Construction,Electronic City,2 BHK,1523.0,2,1,83.27
Super built-up  Area,Ready To Move,Bellandur,3 BHK,1991.0,4,1,132.61
Built-up  Area,Ready To Move,Marathahalli,2 BHK,1050.0,2,2,71.41
Plot  Area,Ready To Move,Indiranagar,3 BHK,1916.0,3,2,328.93
Super built-up  Area,Ready To Move,Indiranagar,2 BHK,1367.0,2,1,190.58
Super built-up  Area,Under Construction,Electronic City,4 BHK,3003.0,4,0,129.98
Super built-up  Area,Ready To Move,Thanisandra,2 BHK,1333.0,2,1,69.47
Carpet  Area,Under Construction,Electronic City,3 BHK,1593.0,3,1,87.63
Built-up  Area,Ready To Move,Sarjapur Road,4 BHK,3089.0,5,1,210.52
Plot  Area,Ready To Move,Hebbal,2 BHK,1355.0,3,2,121.39
Super built-up  Area,Under Construction,HSR Layout,2 BHK,1289.0,2,0,118.82
Built-up  Area,Under Construction,Electronic City,1 BHK,598.0,1,2,31.44
Super built-up  Area,Ready To Move,Whitefield,2 BHK,1183.0,2,2,81.08
Super built-up  Area,Ready To Move,Koramangala,3 BHK,1832.0,3,2,219.46
Plot  Area,Ready To Move,Electronic City,2 BHK,1355.0,2,1,72.82
Super built-up  Area,Ready To Move,Indiranagar,3 BHK,2196.0,4,0,326.72
Carpet  Area,Ready To Move,Electronic City,3 BHK,1522.0,4,1,89.34
Super built-up  Area,Under Construction,HSR Layout,2 BHK,1527.0,2,2,140.99
Built-up  Area,Ready To Move,HSR Layout,2 BHK,1408.0,2,2,133.18
Super built-up  Area,Ready To Move,Whitefield,2 BHK,1269.0,3,1,88.16
Super built-up  Area,Ready To Move,Sarjapur Road,2 BHK,894.0,2,3,67.09
Super built-up  Area,Under Construction,Whitefield,2 BHK,1180.0,2,1,69.28
Super built-up  Area,Ready To Move,Whitefield,2 BHK,1460.0,3,1,92.1
Super built-up  Area,Ready To Move,Other,3 BHK,1888.0,3,1,113.86
Built-up  Area,Ready To Move,Sarjapur Road,2 BHK,1292.0,2,0,88.82
Super built-up  Area,Ready To Move,Yelahanka,2 BHK,902.0,3,2,63.13
Super built-up  Area,Ready To Move,Electronic City,2 BHK,1006.0,3,3,49.91
Super built-up  Area,Ready To Move,Bellandur,3 BHK,2082.0,3,0,161.21
Super built-up  Area,Ready To Move,Thanisandra,2 BHK,1155.0,3,2,77.0
Built-up  Area,Ready To Move,Indiranagar,2 BHK,896.0,2,2,144.99
Plot  Area,Ready To Move,Hebbal,4 BHK,1890.0,4,1,197.84
Super built-up  Area,Ready To Move,Hebbal,3 BHK,1860.0,3,2,161.47
Super built-up  Area,Ready To Move,Sarjapur Road,3 BHK,2169.0,3,2,171.61
Built-up  Area,Under Construction,Marathahalli,4 BHK,2175.0,5,2,134.79
Super built-up  Area,Ready To Move,Yelahanka,2 BHK,1134.0,2,2,72.78
Super built-up  Area,Ready To Move,Marathahalli,3 BHK,1640.0,3,1,102.37
Super built-up  Area,Ready To Move,Whitefield,2 BHK,1485.0,2,2,95.68
Super built-up  Area,Ready To Move,Thanisandra,1 BHK,587.0,1,1,38.16
Super built-up  Area,Ready To Move,Marathahalli,5 BHK,3284.0,5,2,197.15
Super built-up  Area,Ready To Move,Electronic City,2 BHK,1164.0,3,1,64.68
Super built-up  Area,Ready To Move,Whitefield,2 BHK,922.0,3,3,65.09
Super built-up  Area,Ready To Move,Thanisandra,2 BHK,1200.0,3,1,83.48
Super built-up  Area,Under Construction,Indiranagar,2 BHK,1073.0,2,2,157.56
Super built-up  Area,Ready To Move,Jayanagar,2 BHK,1073.0,2,1,126.31
Super built-up  Area,Ready To Move,Whitefield,3 BHK,1450.0,3,2,98.64
Super built-up  Area,Under Construction,Yelahanka,5 BHK,3049.0,6,1,184.3
Plot  Area,Ready To Move,Electronic City,1 BHK,597.0,1,2,39.2
Super built-up  Area,Ready To Move,Electronic City,3 BHK,1750.0,4,2,88.19
Built-up  Area,Ready To Move,Electronic City,2 BHK,1417.0,2,2,82.53
Super built-up  Area,Ready To Move,Yelahanka,1 BHK,857.0,1,1,64.2
Built-up  Area,Ready To Move,Bellandur,3 BHK,1950.0,3,1,164.74
Super built-up  Area,Ready To Move,HSR Layout,3 BHK,2063.0,3,1,194.17
Super built-up  Area,Ready To Move,Sarjapur Road,2 BHK,1176.0,2,1,80.14
Built-up  Area,Ready To Move,Jayanagar,2 BHK,1308.0,2,3,189.8
Super built-up  Area,Ready To Move,Sarjapur Road,2 BHK,1272.0,2,1,90.49
Built-up  Area,Ready To Move,Yelahanka,3 BHK,2032.0,3,2,120.44
Super built-up  Area,Under Construction,Hebbal,2 BHK,997.0,2,2,95.17
Carpet  Area,Ready To Move,Sarjapur Road,2 BHK,1176.0,2,2,90.3
Built-up  Area,Under Construction,Hebbal,3 BHK,1798.0,3,1,161.71
Carpet  Area,Ready To Move,Sarjapur Road,2 BHK,902.0,2,2,87.74
Super built-up  Area,Ready To Move,Thanisandra,4 BHK,2815.0,5,2,197.98
Super built-up  Area,Ready To Move,HSR Layout,4 BHK,2056.0,4,2,159.71
Built-up  Area,Under Construction,Electronic City,2 BHK,1305.0,3,1,64.22
Plot  Area,Ready To Move,Rajaji Nagar,2 BHK,1289.0,2,2,159.26
Carpet  Area,Ready To Move,Sarjapur Road,2 BHK,1310.0,2,0,124.03
Super built-up  Area,Ready To Move,HSR Layout,5 BHK,2250.0,5,1,206.12
Built-up  Area,Ready To Move,Rajaji Nagar,2 BHK,1482.0,3,2,159.34
Super built-up  Area,Ready To Move,Koramangala,3 BHK,1908.0,3,0,267.63
Super built-up  Area,Ready To Move,Whitefield,2 BHK,1407.0,2,1,94.52
Super built-up  Area,Under Construction,Marathahalli,2 BHK,1505.0,2,0,90.37
Super built-up  Area,Under Construction,Koramangala,1 BHK,811.0,1,2,106.31
Plot  Area,Under Construction,Sarjapur Road,2 BHK,1190.0,2,2,88.92
Super built-up  Area,Ready To Move,Whitefield,2 BHK,1241.0,3,2,89.55
Super built-up  Area,Ready To Move,Yelahanka,2 BHK,871.0,2,2,59.79
Super built-up  Area,Ready To Move,Koramangala,2 BHK,1340.0,2,2,194.93
Super built-up  Area,Under Construction,HSR Layout,2 BHK,910.0,2,1,80.66
Super built-up  Area,Ready To Move,Rajaji Nagar,2 BHK,1312.0,2,1,145.98
Super built-up  Area,Ready To Move,Yelahanka,2 BHK,1021.0,3,0,72.45
Super built-up  Area,Under Construction,Electronic City,1 BHK,527.0,2,1,30.36
Built-up  Area,Ready To Move,Sarjapur Road,2 BHK,1349.0,2,2,99.35
Carpet  Area,Ready To Move,Electronic City,3 BHK,1468.0,4,3,99.2
Super built-up  Area,Ready To Move,Thanisandra,2 BHK,1290.0,3,2,88.66
Super built-up  Area,Ready To Move,Whitefield,4 BHK,2764.0,4,1,186.33
Super built-up  Area,Under Construction,Indiranagar,1 BHK,636.0,1,1,99.6
Built-up  Area,Ready To Move,Thanisandra,3 BHK,1460.0,3,2,104.15
Super built-up  Area,Ready To Move,Jayanagar,2 BHK,1039.0,2,3,121.38
Super built-up  Area,Ready To Move,Sarjapur Road,2 BHK,1225.0,3,1,82.96
Super built-up  Area,Ready To Move,Yelahanka,2 BHK,1111.0,2,2,64.55
Carpet  Area,Ready To Move,Whitefield,2 BHK,1124.0,2,2,91.61
Super built-up  Area,Ready To Move,Jayanagar,2 BHK,1174.0,2,1,155.14
Super built-up  Area,Ready To Move,Whitefield,3 BHK,1480.0,4,3,108.25
Carpet  Area,Ready To Move,Sarjapur Road,1 BHK,512.0,1,2,46.3
Built-up  Area,Under Construction,Yelahanka,2 BHK,959.0,2,2,58.44
Built-up  Area,Ready To Move,Whitefield,3 BHK,1566.0,3,1,110.06
Super built-up  Area,Under Construction,Electronic City,2 BHK,1277.0,3,1,61.04
Carpet  Area,Ready To Move,Thanisandra,2 BHK,1057.0,3,2,90.46
Built-up  Area,Ready To Move,Thanisandra,2 BHK,1100.0,2,0,73.77
Plot  Area,Under Construction,Koramangala,1 BHK,693.0,1,2,101.02
Built-up  Area,Ready To Move,Bellandur,1 BHK,680.0,2,2,68.7
Built-up  Area,Ready To Move,HSR Layout,2 BHK,1571.0,2,1,155.28
Super built-up  Area,Ready To Move,Electronic City,1 BHK,603.0,1,1,30.84
Super built-up  Area,Ready To Move,Sarjapur Road,2 BHK,1273.0,3,2,99.51
Built-up  Area,Ready To Move,Electronic City,2 BHK,1535.0,2,2,88.16
Super built-up  Area,Ready To Move,Rajaji Nagar,5 BHK,2334.0,5,0,255.19
Super built-up  Area,Ready To Move,Indiranagar,5 BHK,2914.0,6,1,453.92
Super built-up  Area,Ready To Move,Hebbal,2 BHK,1416.0,2,3,138.67
Built-up  Area,Under Construction,Hebbal,2 BHK,1324.0,2,0,124.63
Super built-up  Area,Ready To Move,Marathahalli,2 BHK,1041.0,3,0,72.16
Built-up  Area,Ready To Move,Electronic City,2 BHK,1516.0,2,2,92.98
Super built-up  Area,Ready To Move,Indiranagar,2 BHK,1338.0,2,2,186.64
Super built-up  Area,Ready To Move,HSR Layout,2 BHK,1236.0,2,2,124.57
Super built-up  Area,Ready To Move,Koramangala,2 BHK,1130.0,2,1,134.13
Super built-up  Area,Ready To Move,Whitefield,3 BHK,1991.0,3,1,148.88
Super built-up  Area,Ready To Move,Jayanagar,3 BHK,2158.0,3,1,325.98
Super built-up  Area,Under Construction,Marathahalli,5 BHK,2529.0,5,2,152.0
Super built-up  Area,Under Construction,Indiranagar,2 BHK,873.0,3,2,142.35
Carpet  Area,Ready To Move,Bellandur,3 BHK,1909.0,4,2,174.51
Super built-up  Area,Under Construction,Marathahalli,2 BHK,1299.0,2,0,77.43
Built-up  Area,Ready To Move,Bellandur,2 BHK,1417.0,2,0,128.14
Super built-up  Area,Ready To Move,Electronic City,3 BHK,1642.0,3,1,78.99
Super built-up  Area,Under Construction,Indiranagar,4 BHK,1894.0,5,1,245.45
Super built-up  Area,Ready To Move,Koramangala,3 BHK,1847.0,3,2,205.66
Built-up  Area,Ready To Move,Hebbal,2 BHK,952.0,2,0,89.82
Built-up  Area,Ready To Move,Thanisandra,2 BHK,1458.0,2,1,107.18
Built-up  Area,Under Construction,Marathahalli,3 BHK,2018.0,4,2,116.51
Super built-up  Area,Ready To Move,Marathahalli,3 BHK,2123.0,3,1,132.08
Built-up  Area,Ready To Move,Hebbal,3 BHK,1656.0,4,2,164.59
Super built-up  Area,Ready To Move,Whitefield,2 BHK,1146.0,2,2,85.01
Super built-up  Area,Ready To Move,Other,2 BHK,1034.0,2,2,55.06
Super built-up  Area,Ready To Move,Yelahanka,1 BHK,743.0,1,1,47.84
Super built-up  Area,Under Construction,Whitefield,4 BHK,2627.0,4,0,168.68
Super built-up  Area,Ready To Move,Marathahalli,1 BHK,582.0,1,2,37.64
Built-up  Area,Ready To Move,Jayanagar,2 BHK,1421.0,3,1,222.64
Super built-up  Area,Under Construction,HSR Layout,3 BHK,2189.0,4,1,213.9
Super built-up  Area,Ready To Move,Indiranagar,2 BHK,1452.0,2,1,220.14
Super built-up  Area,Ready To Move,Sarjapur Road,3 BHK,1923.0,3,2,131.13
Built-up  Area,Ready To Move,Whitefield,3 BHK,2180.0,3,3,124.16
Super built-up  Area,Under Construction,Sarjapur Road,1 BHK,503.0,1,1,29.98
Super built-up  Area,Ready To Move,Yelahanka,2 BHK,1459.0,3,1,92.33
Built-up  Area,Ready To Move,Whitefield,3 BHK,1782.0,3,1,139.43
Super built-up  Area,Ready To Move,Sarjapur Road,2 BHK,1394.0,3,1,85.9
Super built-up  Area,Ready To Move,Sarjapur Road,2 BHK,1242.0,2,1,83.06
Super built-up  Area,Ready To Move,HSR Layout,2 BHK,1361.0,3,0,149.81
Super built-up  Area,Ready To Move,Rajaji Nagar,2 BHK,1446.0,2,1,185.83
Built-up  Area,Ready To Move,Sarjapur Road,2 BHK,1338.0,2,0,82.66
Super built-up  Area,Ready To Move,Sarjapur Road,1 BHK,734.0,1,1,47.5
Super built-up  Area,Ready To Move,Thanisandra,2 BHK,1087.0,2,1,70.93
Super built-up  Area,Ready To Move,Hebbal,2 BHK,843.0,2,2,78.98
Super built-up  Area,Under Construction,Electronic City,2 BHK,897.0,3,1,48.62
Plot  Area,Under Construction,Hebbal,2 BHK,1267.0,2,1,124.37
Super built-up  Area,Ready To Move,Whitefield,3 BHK,2139.0,3,2,136.32
Super built-up  Area,Ready To Move,Electronic City,2 BHK,1011.0,3,1,56.32
Built-up  Area,Ready To Move,HSR Layout,4 BHK,2152.0,5,2,247.55
Built-up  Area,Ready To Move,Hebbal,2 BHK,1300.0,2,1,124.22
Plot  Area,Ready To Move,Rajaji Nagar,2 BHK,1401.0,2,2,191.63
Super built-up  Area,Ready To Move,Sarjapur Road,3 BHK,2197.0,3,2,137.93
Plot  Area,Under Construction,Indiranagar,2 BHK,1103.0,2,1,180.21
Super built-up  Area,Under Construction,Koramangala,2 BHK,1445.0,3,3,173.2
Super built-up  Area,Ready To Move,Whitefield,2 BHK,1241.0,2,1,76.59
Super built-up  Area,Ready To Move,Bellandur,2 BHK,1355.0,2,2,99.1
Built-up  Area,Ready To Move,Electronic City,2 BHK,1219.0,2,0,74.05
Super built-up  Area,Ready To Move,Marathahalli,1 BHK,446.0,1,1,26.66
Super built-up  Area,Under Construction,Whitefield,2 BHK,1163.0,3,2,77.4
Super built-up  Area,Ready To Move,Hebbal,3 BHK,1603.0,3,1,166.75
Super built-up  Area,Ready To Move,Whitefield,3 BHK,2160.0,3,1,152.19
Plot  Area,Under Construction,Other,1 BHK,507.0,2,2,36.47
Super built-up  Area,Ready To Move,HSR Layout,3 BHK,1736.0,3,2,156.0
Super built-up  Area,Ready To Move,Indiranagar,2 BHK,1253.0,2,1,177.93
Built-up  Area,Ready To Move,Whitefield,2 BHK,1422.0,3,3,101.72
Super built-up  Area,Under Construction,Thanisandra,3 BHK,1468.0,4,1,90.16
Built-up  Area,Ready To Move,Electronic City,2 BHK,861.0,2,1,40.56
Built-up  Area,Ready To Move,Rajaji Nagar,2 BHK,1365.0,2,2,180.73
Plot  Area,Ready To Move,Electronic City,2 BHK,949.0,3,1,53.03
Plot  Area,Under Construction,Electronic City,2 BHK,1075.0,2,2,68.16
Super built-up  Area,Ready To Move,Whitefield,1 BHK,457.0,1,1,32.08
Super built-up  Area,Ready To Move,Hebbal,3 BHK,2269.0,4,2,225.17
Super built-up  Area,Under Construction,Indiranagar,2 BHK,1415.0,2,3,206.77
Super built-up  Area,Under Construction,Whitefield,2 BHK,1336.0,2,2,88.19
Super built-up  Area,Under Construction,Thanisandra,1 BHK,653.0,1,1,45.31
Super built-up  Area,Ready To Move,Hebbal,3 BHK,1892.0,4,0,173.16
Plot  Area,Under Construction,HSR Layout,2 BHK,1086.0,3,2,122.55
Super built-up  Area,Ready To Move,Hebbal,2 BHK,1062.0,2,2,89.18
Super built-up  Area,Ready To Move,Hebbal,3 BHK,1913.0,3,2,155.74
Super built-up  Area,Ready To Move,Indiranagar,1 BHK,806.0,2,2,133.61
Super built-up  Area,Ready To Move,Electronic City,2 BHK,1267.0,2,0,62.56
Carpet  Area,Ready To Move,Electronic City,2 BHK,1434.0,2,1,86.46
Super built-up  Area,Ready To Move,Jayanagar,2 BHK,1438.0,2,2,187.45
Super built-up  Area,Under Construction,Marathahalli,2 BHK,1319.0,2,2,82.56
Super built-up  Area,Ready To Move,Sarjapur Road,2 BHK,1259.0,2,1,83.64
Super built-up  Area,Ready To Move,Electronic City,2 BHK,1158.0,3,2,67.49
Super built-up  Area,Ready To Move,Koramangala,5 BHK,3003.0,6,2,464.61
Built-up  Area,Under Construction,Hebbal,2 BHK,1032.0,3,2,95.02
Super built-up  Area,Ready To Move,Whitefield,2 BHK,1182.0,2,1,70.38
Super built-up  Area,Ready To Move,Electronic City,3 BHK,1771.0,3,1,96.72
Super built-up  Area,Ready To Move,Thanisandra,2 BHK,1251.0,2,2,79.26
Built-up  Area,Under Construction,Bellandur,2 BHK,1099.0,2,1,86.88
Built-up  Area,Ready To Move,Whitefield,2 BHK,1103.0,2,3,85.5
Super built-up  Area,Ready To Move,Electronic City,2 BHK,1138.0,3,1,58.32
Super built-up  Area,Ready To Move,Electronic City,2 BHK,950.0,2,1,47.96
Plot  Area,Under Construction,Bellandur,1 BHK,669.0,2,2,69.58
Built-up  Area,Ready To Move,Whitefield,3 BHK,1601.0,4,2,110.31
Built-up  Area,Ready To Move,Whitefield,2 BHK,959.0,2,1,70.56
Built-up  Area,Ready To Move,Yelahanka,2 BHK,1259.0,3,2,84.51
Super built-up  Area,Under Construction,Electronic City,2 BHK,887.0,2,1,43.36
Super built-up  Area,Ready To Move,Bellandur,3 BHK,1456.0,3,1,113.48
Plot  Area,Ready To Move,Electronic City,2 BHK,1480.0,2,3,86.3
Plot  Area,Ready To Move,Whitefield,3 BHK,1497.0,3,2,104.7
Super built-up  Area,Ready To Move,Electronic City,3 BHK,2181.0,3,0,119.81
Super built-up  Area,Ready To Move,Thanisandra,1 BHK,708.0,1,1,50.31
Carpet  Area,Ready To Move,Jayanagar,2 BHK,1394.0,2,1,237.18
Super built-up  Area,Under Construction,Yelahanka,2 BHK,1122.0,3,3,63.06
Plot  Area,Ready To Move,Sarjapur Road,2 BHK,1359.0,2,2,110.51
Super built-up  Area,Under Construction,Bellandur,2 BHK,1448.0,2,1,102.99
Super built-up  Area,Ready To Move,Electronic City,3 BHK,1375.0,3,2,78.65
Super built-up  Area,Under Construction,Sarjapur Road,3 BHK,1778.0,3,1,119.26
Super built-up  Area,Ready To Move,Rajaji Nagar,2 BHK,1400.0,3,0,168.03
Super built-up  Area,Ready To Move,Whitefield,3 BHK,1674.0,3,1,118.28
Super built-up  Area,Ready To Move,Whitefield,3 BHK,1889.0,3,1,101.61
Built-up  Area,Ready To Move,Electronic City,1 BHK,405.0,2,3,30.13
Carpet  Area,Ready To Move,Whitefield,2 BHK,1270.0,2,2,99.3
Super built-up  Area,Ready To Move,Electronic City,2 BHK,1382.0,2,2,72.33
Super built-up  Area,Ready To Move,Indiranagar,2 BHK,1251.0,3,1,206.41
Super built-up  Area,Ready To Move,Hebbal,2 BHK,1423.0,2,2,125.81
Super built-up  Area,Ready To Move,Rajaji Nagar,4 BHK,2942.0,5,3,373.74
Super built-up  Area,Ready To Move,Yelahanka,2 BHK,1125.0,3,2,70.5
Super built-up  Area,Ready To Move,Sarjapur Road,3 BHK,1797.0,3,1,127.42
Super built-up  Area,Ready To Move,Electronic City,2 BHK,941.0,3,2,53.31
Super built-up  Area,Ready To Move,Sarjapur Road,2 BHK,964.0,2,1,61.92
Super built-up  Area,Ready To Move,Indiranagar,3 BHK,1972.0,3,2,312.29
Built-up  Area,Ready To Move,Electronic City,2 BHK,1259.0,3,2,78.58
Super built-up  Area,Under Construction,Koramangala,3 BHK,1335.0,4,1,172.95
Plot  Area,Ready To Move,Hebbal,1 BHK,644.0,1,2,72.67
Plot  Area,Ready To Move,Indiranagar,3 BHK,1424.0,3,2,246.22
Carpet  Area,Ready To Move,Hebbal,2 BHK,1172.0,3,3,137.69
Plot  Area,Ready To Move,Sarjapur Road,2 BHK,1105.0,3,3,111.63
Super built-up  Area,Ready To Move,Marathahalli,3 BHK,1515.0,3,2,102.39
Super built-up  Area,Ready To Move,Thanisandra,3 BHK,2091.0,3,1,136.58
Super built-up  Area,Ready To Move,Whitefield,1 BHK,451.0,2,1,32.94
Built-up  Area,Ready To Move,Jayanagar,5 BHK,3610.0,5,1,526.0
Plot  Area,Ready To Move,HSR Layout,3 BHK,1573.0,3,2,176.59
Plot  Area,Ready To Move,Rajaji Nagar,2 BHK,1256.0,3,2,178.27
Super built-up  Area,Under Construction,Yelahanka,2 BHK,1044.0,3,2,69.53
Built-up  Area,Ready To Move,Hebbal,2 BHK,1452.0,2,1,134.19
Super built-up  Area,Ready To Move,Whitefield,2 BHK,1359.0,2,2,97.05
Super built-up  Area,Ready To Move,Electronic City,2 BHK,1329.0,3,2,73.78
Built-up  Area,Ready To Move,HSR Layout,3 BHK,1868.0,4,1,206.74
Super built-up  Area,Ready To Move,Koramangala,3 BHK,1409.0,4,2,190.21
Carpet  Area,Under Construction,Electronic City,2 BHK,1241.0,2,2,80.56
Super built-up  Area,Ready To Move,Whitefield,1 BHK,780.0,1,1,58.9
Plot  Area,Ready To Move,Yelahanka,4 BHK,2705.0,4,0,225.2
Super built-up  Area,Ready To Move,Other,2 BHK,923.0,2,2,53.7
Built-up  Area,Ready To Move,HSR Layout,2 BHK,852.0,3,3,96.11
Built-up  Area,Ready To Move,Electronic City,3 BHK,1489.0,3,2,88.4
Plot  Area,Ready To Move,Electronic City,3 BHK,1365.0,3,0,66.85
Super built-up  Area,Under Construction,Whitefield,5 BHK,2857.0,5,3,179.35
Plot  Area,Ready To Move,Rajaji Nagar,4 BHK,1996.0,5,1,293.26
Super built-up  Area,Ready To Move,Whitefield,3 BHK,1845.0,3,0,109.22
Super built-up  Area,Ready To Move,Indiranagar,2 BHK,1325.0,3,2,181.99
Super built-up  Area,Under Construction,Electronic City,2 BHK,1081.0,3,2,54.1
Built-up  Area,Under Construction,Indiranagar,2 BHK,1104.0,3,2,159.51
Super built-up  Area,Ready To Move,Bellandur,1 BHK,453.0,1,1,35.98
Built-up  Area,Under Construction,Yelahanka,2 BHK,840.0,2,1,52.11
Built-up  Area,Ready To Move,Electronic City,1 BHK,439.0,2,1,24.29
Super built-up  Area,Ready To Move,Whitefield,2 BHK,1123.0,2,1,67.91
Plot  Area,Under Construction,Whitefield,2 BHK,1429.0,3,1,83.24
Super built-up  Area,Ready To Move,Rajaji Nagar,2 BHK,1470.0,3,2,174.2
Plot  Area,Under Construction,Jayanagar,2 BHK,1258.0,2,1,200.05
Super built-up  Area,Under Construction,Indiranagar,3 BHK,2005.0,3,2,268.35
Super built-up  Area,Under Construction,Koramangala,3 BHK,1475.0,4,1,203.15
Super built-up  Area,Ready To Move,Bellandur,4 BHK,1913.0,4,3,141.74
Super built-up  Area,Ready To Move,Electronic City,2 BHK,1300.0,3,2,75.91
Super built-up  Area,Ready To Move,Rajaji Nagar,2 BHK,1188.0,2,1,148.46
Super built-up  Area,Ready To Move,Hebbal,2 BHK,911.0,2,1,91.44
Super built-up  Area,Ready To Move,Sarjapur Road,3 BHK,1759.0,3,2,108.71
Super built-up  Area,Ready To Move,HSR Layout,3 BHK,1690.0,4,3,193.94
Super built-up  Area,Under Construction,Whitefield,2 BHK,989.0,2,3,64.74
Built-up  Area,Under Construction,Electronic City,3 BHK,1703.0,4,2,86.5
Super built-up  Area,Ready To Move,Thanisandra,2 BHK,1533.0,3,3,107.66
Plot  Area,Ready To Move,Whitefield,2 BHK,1069.0,2,2,82.45
Super built-up  Area,Ready To Move,Koramangala,3 BHK,1984.0,3,0,290.2
Built-up  Area,Ready To Move,Electronic City,2 BHK,1078.0,2,1,60.93
Built-up  Area,Ready To Move,Sarjapur Road,1 BHK,692.0,2,1,55.82
Super built-up  Area,Under Construction,Electronic City,2 BHK,1139.0,2,2,52.11
Built-up  Area,Ready To Move,Sarjapur Road,3 BHK,2198.0,3,3,168.08
Super built-up  Area,Ready To Move,Thanisandra,2 BHK,1016.0,3,2,65.27
Plot  Area,Ready To Move,Sarjapur Road,2 BHK,1171.0,3,1,107.73
Built-up  Area,Ready To Move,Indiranagar,4 BHK,2238.0,4,1,391.66
Super built-up  Area,Ready To Move,Hebbal,2 BHK,1392.0,2,1,120.77
Built-up  Area,Ready To Move,Bellandur,2 BHK,1633.0,2,2,140.76
Super built-up  Area,Under Construction,Marathahalli,2 BHK,1332.0,2,3,80.43
Super built-up  Area,Ready To Move,Thanisandra,3 BHK,1522.0,3,3,103.8
Super built-up  Area,Ready To Move,Electronic City,2 BHK,964.0,3,1,57.24
Built-up  Area,Ready To Move,Whitefield,3 BHK,1499.0,3,3,108.41
Built-up  Area,Ready To Move,Electronic City,4 BHK,2795.0,5,1,157.92
Built-up  Area,Ready To Move,Indiranagar,3 BHK,2077.0,4,1,377.18
Super built-up  Area,Ready To Move,Whitefield,2 BHK,1049.0,2,1,69.89
Super built-up  Area,Ready To Move,HSR Layout,3 BHK,1647.0,4,3,182.94
Built-up  Area,Ready To Move,Indiranagar,3 BHK,1971.0,4,1,305.45
Super built-up  Area,Ready To Move,Sarjapur Road,2 BHK,1401.0,3,2,102.72
Super built-up  Area,Ready To Move,Thanisandra,2 BHK,1548.0,3,2,119.37
Super built-up  Area,Ready To Move,Whitefield,3 BHK,2039.0,3,1,130.62
Super built-up  Area,Ready To Move,Whitefield,2 BHK,1160.0,2,1,74.49
Super built-up  Area,Ready To Move,Thanisandra,2 BHK,1408.0,3,2,107.1
Built-up  Area,Ready To Move,HSR Layout,3 BHK,1713.0,4,2,186.23
Super built-up  Area,Ready To Move,Bellandur,3 BHK,1453.0,3,2,117.26
Super built-up  Area,Ready To Move,Hebbal,1 BHK,517.0,1,2,56.32
Super built-up  Area,Ready To Move,Electronic City,2 BHK,1399.0,2,2,72.85
Super built-up  Area,Ready To Move,Yelahanka,3 BHK,2157.0,3,1,136.54
Super built-up  Area,Ready To Move,Yelahanka,3 BHK,1400.0,4,1,89.43
Super built-up  Area,Ready To Move,Bellandur,5 BHK,3219.0,5,1,267.67
Built-up  Area,Under Construction,Electronic City,3 BHK,1763.0,4,1,98.95
Super built-up  Area,Ready To Move,Indiranagar,3 BHK,1655.0,3,2,245.49
Built-up  Area,Ready To Move,Sarjapur Road,5 BHK,2296.0,5,0,154.45
Built-up  Area,Ready To Move,Whitefield,1 BHK,690.0,1,2,46.22
Super built-up  Area,Ready To Move,Rajaji Nagar,1 BHK,636.0,1,2,83.92
Super built-up  Area,Ready To Move,Whitefield,2 BHK,990.0,2,2,68.57
Plot  Area,Under Construction,Marathahalli,2 BHK,812.0,2,2,61.32
Super built-up  Area,Under Construction,Hebbal,1 BHK,590.0,1,2,47.01
Super built-up  Area,Ready To Move,Electronic City,2 BHK,1354.0,3,0,65.1
Super built-up  Area,Ready To Move,HSR Layout,3 BHK,1918.0,3,2,175.3
Super built-up  Area,Under Construction,Jayanagar,3 BHK,2129.0,4,2,252.16
Super built-up  Area,Ready To Move,Thanisandra,1 BHK,559.0,1,2,37.38
Carpet  Area,Ready To Move,Yelahanka,2 BHK,1220.0,2,2,85.43
Plot  Area,Ready To Move,Bellandur,2 BHK,1157.0,2,2,100.81
Super built-up  Area,Ready To Move,Bellandur,3 BHK,1915.0,3,2,157.3
Super built-up  Area,Ready To Move,Jayanagar,2 BHK,1370.0,2,1,159.18
Super built-up  Area,Ready To Move,Electronic City,4 BHK,2230.0,4,1,112.45
Super built-up  Area,Ready To Move,HSR Layout,1 BHK,455.0,1,2,47.74
Super built-up  Area,Ready To Move,Electronic City,2 BHK,1052.0,2,2,49.32
Super built-up  Area,Ready To Move,Other,2 BHK,1131.0,2,1,65.41
Super built-up  Area,Ready To Move,Marathahalli,2 BHK,908.0,2,1,56.6
Super built-up  Area,Ready To Move,Whitefield,3 BHK,1731.0,4,1,114.06
Super built-up  Area,Ready To Move,Bellandur,3 BHK,1985.0,4,0,158.55
Carpet  Area,Ready To Move,Marathahalli,2 BHK,1316.0,2,1,89.92
Super built-up  Area,Ready To Move,Electronic City,3 BHK,2116.0,3,2,96.63
Carpet  Area,Ready To Move,Indiranagar,2 BHK,777.0,2,2,175.86
Super built-up  Area,Under Construction,Rajaji Nagar,1 BHK,617.0,1,1,69.39
Super built-up  Area,Ready To Move,Whitefield,3 BHK,1680.0,3,2,114.39
Super built-up  Area,Ready To Move,Bellandur,1 BHK,414.0,2,2,39.62
Super built-up  Area,Ready To Move,Sarjapur Road,1 BHK,794.0,1,0,57.8
Super built-up  Area,Ready To Move,Marathahalli,2 BHK,1329.0,2,2,81.3
Plot  Area,Ready To Move,Other,2 BHK,1265.0,3,1,84.29
Carpet  Area,Ready To Move,Marathahalli,1 BHK,743.0,2,2,50.19
Super built-up  Area,Ready To Move,Hebbal,3 BHK,1551.0,3,0,147.67
Super built-up  Area,Ready To Move,Jayanagar,2 BHK,1249.0,2,3,164.84
Super built-up  Area,Ready To Move,Jayanagar,2 BHK,885.0,3,1,132.76
Super built-up  Area,Ready To Move,Sarjapur Road,2 BHK,1407.0,2,1,106.73
Super built-up  Area,Ready To Move,Yelahanka,2 BHK,1203.0,2,0,72.93
Super built-up  Area,Ready To Move,Whitefield,3 BHK,1626.0,3,0,106.63
Super built-up  Area,Under Construction,Indiranagar,3 BHK,1882.0,3,0,259.34
Super built-up  Area,Ready To Move,Electronic City,4 BHK,2424.0,4,2,117.76
Super built-up  Area,Ready To Move,Whitefield,2 BHK,1044.0,2,2,72.25
Super built-up  Area,Under Construction,Whitefield,5 BHK,2521.0,5,1,135.21
Super built-up  Area,Ready To Move,Bellandur,2 BHK,1214.0,3,3,111.98
Carpet  Area,Ready To Move,Sarjapur Road,1 BHK,660.0,2,2,61.4
Super built-up  Area,Ready To Move,Thanisandra,3 BHK,2195.0,3,1,137.38
Plot  Area,Ready To Move,Whitefield,2 BHK,959.0,3,1,65.68
Built-up  Area,Ready To Move,Sarjapur Road,1 BHK,581.0,1,2,47.44
Carpet  Area,Ready To Move,HSR Layout,4 BHK,2276.0,4,1,304.29
Built-up  Area,Ready To Move,Yelahanka,3 BHK,1514.0,3,1,99.83
Built-up  Area,Ready To Move,Sarjapur Road,1 BHK,485.0,1,3,42.16
Plot  Area,Under Construction,Koramangala,3 BHK,2215.0,3,1,309.98
Super built-up  Area,Ready To Move,Rajaji Nagar,3 BHK,1394.0,3,2,155.71
Super built-up  Area,Ready To Move,Koramangala,3 BHK,1360.0,3,1,199.31
Carpet  Area,Ready To Move,Electronic City,2 BHK,1149.0,3,2,71.5
Built-up  Area,Ready To Move,Whitefield,3 BHK,1515.0,4,2,116.23
Carpet  Area,Ready To Move,Jayanagar,3 BHK,1755.0,3,1,286.15
Built-up  Area,Ready To Move,Whitefield,3 BHK,1668.0,4,2,125.66
Plot  Area,Ready To Move,Jayanagar,3 BHK,2216.0,4,2,317.84
Built-up  Area,Under Construction,HSR Layout,2 BHK,1171.0,2,1,102.73
Built-up  Area,Ready To Move,Marathahalli,2 BHK,1323.0,2,2,93.65
Super built-up  Area,Ready To Move,Yelahanka,5 BHK,3627.0,5,0,246.56
Plot  Area,Ready To Move,Other,2 BHK,947.0,2,3,69.89
Built-up  Area,Ready To Move,Sarjapur Road,1 BHK,604.0,2,2,46.53
Built-up  Area,Under Construction,Thanisandra,3 BHK,1750.0,4,1,129.75
Built-up  Area,Ready To Move,Hebbal,2 BHK,1528.0,3,2,136.98
Super built-up  Area,Ready To Move,Hebbal,2 BHK,1590.0,3,2,137.95
Super built-up  Area,Ready To Move,Koramangala,1 BHK,467.0,1,1,69.56
Plot  Area,Ready To Move,Jayanagar,3 BHK,2175.0,3,2,327.22
Super built-up  Area,Under Construction,Other,4 BHK,2530.0,4,1,123.54
Super built-up  Area,Under Construction,Thanisandra,3 BHK,1951.0,3,2,131.08
Super built-up  Area,Ready To Move,Hebbal,2 BHK,1363.0,2,3,128.67
Built-up  Area,Ready To Move,Hebbal,4 BHK,2277.0,4,3,238.05
Built-up  Area,Ready To Move,Thanisandra,2 BHK,1140.0,2,1,81.92
Built-up  Area,Ready To Move,Electronic City,2 BHK,1435.0,2,2,75.16
Super built-up  Area,Ready To Move,Whitefield,2 BHK,1210.0,2,3,70.04
Super built-up  Area,Ready To Move,Sarjapur Road,5 BHK,2835.0,5,1,213.52
Super built-up  Area,Ready To Move,Electronic City,1 BHK,555.0,2,1,32.55
Super built-up  Area,Ready To Move,Sarjapur Road,3 BHK,2131.0,3,1,152.25
Built-up  Area,Ready To Move,Electronic City,2 BHK,1049.0,2,2,55.46
Super built-up  Area,Ready To Move,Whitefield,1 BHK,559.0,1,1,36.34
Super built-up  Area,Ready To Move,Whitefield,4 BHK,2896.0,4,1,195.44
Super built-up  Area,Ready To Move,Other,2 BHK,984.0,2,2,56.19
Super built-up  Area,Ready To Move,Hebbal,3 BHK,1982.0,3,2,196.81
Plot  Area,Under Construction,Sarjapur Road,2 BHK,1346.0,2,2,94.44
Super built-up  Area,Ready To Move,Bellandur,3 BHK,1832.0,4,1,152.34
Built-up  Area,Ready To Move,Electronic City,3 BHK,1364.0,3,2,90.88
Super built-up  Area,Ready To Move,Marathahalli,2 BHK,1430.0,2,3,88.0
Super built-up  Area,Ready To Move,Yelahanka,2 BHK,1467.0,2,2,94.06
Super built-up  Area,Ready To Move,Whitefield,4 BHK,2019.0,4,1,140.43
Super built-up  Area,Ready To Move,Hebbal,3 BHK,1542.0,3,2,163.56
Built-up  Area,Ready To Move,Jayanagar,2 BHK,1160.0,2,1,172.35
Super built-up  Area,Under Construction,Marathahalli,3 BHK,1422.0,3,1,92.05
Super built-up  Area,Ready To Move,Hebbal,3 BHK,1881.0,4,1,151.61
Super built-up  Area,Ready To Move,Koramangala,1 BHK,741.0,1,1,96.15
Super built-up  Area,Ready To Move,Electronic City,2 BHK,1037.0,2,2,61.43
Built-up  Area,Ready To Move,Other,5 BHK,2354.0,5,1,125.64
Super built-up  Area,Ready To Move,Electronic City,4 BHK,2318.0,4,2,121.39
Super built-up  Area,Ready To Move,Marathahalli,3 BHK,1897.0,3,0,113.81
Built-up  Area,Ready To Move,Koramangala,1 BHK,547.0,1,2,80.65
Super built-up  Area,Under Construction,Koramangala,5 BHK,2803.0,6,1,398.98
Super built-up  Area,Ready To Move,HSR Layout,3 BHK,1497.0,4,2,136.5
Super built-up  Area,Under Construction,Electronic City,2 BHK,965.0,2,1,45.63
Super built-up  Area,Ready To Move,Electronic City,3 BHK,1572.0,3,2,87.95
Built-up  Area,Ready To Move,Electronic City,3 BHK,1526.0,4,1,85.88
Super built-up  Area,Ready To Move,Electronic City,1 BHK,550.0,1,1,31.22
Carpet  Area,Ready To Move,Thanisandra,3 BHK,1707.0,4,2,141.41
Super built-up  Area,Ready To Move,Sarjapur Road,4 BHK,3010.0,4,1,193.96
Carpet  Area,Under Construction,Whitefield,1 BHK,507.0,1,1,45.31
Super built-up  Area,Ready To Move,Marathahalli,3 BHK,2016.0,3,3,127.07
Built-up  Area,Under Construction,Rajaji Nagar,4 BHK,2067.0,4,1,265.47
Super built-up  Area,Under Construction,Marathahalli,1 BHK,712.0,2,2,45.62
Super built-up  Area,Ready To Move,Other,2 BHK,1370.0,2,1,62.12
Built-up  Area,Ready To Move,Electronic City,2 BHK,1125.0,2,1,61.15
Built-up  Area,Ready To Move,Sarjapur Road,2 BHK,1416.0,2,2,112.4
Super built-up  Area,Under Construction,Thanisandra,3 BHK,1833.0,3,1,100.09
Super built-up  Area,Under Construction,Bellandur,2 BHK,907.0,2,2,65.35
Super built-up  Area,Ready To Move,Electronic City,4 BHK,2695.0,4,1,141.22
Carpet  Area,Ready To Move,Yelahanka,5 BHK,2716.0,6,2,219.64
Plot  Area,Ready To Move,Electronic City,2 BHK,1170.0,2,1,71.11
Super built-up  Area,Under Construction,Electronic City,2 BHK,912.0,2,2,46.59
Plot  Area,Under Construction,HSR Layout,2 BHK,1312.0,3,2,141.74
Plot  Area,Ready To Move,Indiranagar,2 BHK,1131.0,2,1,194.27
Super built-up  Area,Ready To Move,Indiranagar,2 BHK,1412.0,2,1,195.77
Built-up  Area,Ready To Move,Whitefield,2 BHK,823.0,2,1,57.46
Super built-up  Area,Ready To Move,Jayanagar,1 BHK,546.0,1,1,74.21
Built-up  Area,Under Construction,Electronic City,1 BHK,377.0,1,0,17.36
Super built-up  Area,Ready To Move,Whitefield,3 BHK,1672.0,3,3,111.71
Super built-up  Area,Ready To Move,Rajaji Nagar,2 BHK,967.0,2,2,108.61
Super built-up  Area,Ready To Move,Marathahalli,1 BHK,679.0,1,0,43.53
Super built-up  Area,Ready To Move,Jayanagar,3 BHK,1544.0,4,1,211.31
Built-up  Area,Ready To Move,Yelahanka,1 BHK,769.0,1,1,46.46
Super built-up  Area,Under Construction,Bellandur,1 BHK,705.0,1,2,54.79
Super built-up  Area,Ready To Move,Indiranagar,3 BHK,1292.0,3,0,177.49
Plot  Area,Ready To Move,Whitefield,2 BHK,1041.0,2,0,87.26
Super built-up  Area,Ready To Move,Hebbal,1 BHK,698.0,2,1,64.54
Super built-up  Area,Ready To Move,Sarjapur Road,2 BHK,1337.0,2,3,92.82
Carpet  Area,Ready To Move,Electronic City,2 BHK,1073.0,2,2,69.93
Plot  Area,Ready To Move,Thanisandra,2 BHK,879.0,2,0,65.84
Super built-up  Area,Ready To Move,HSR Layout,3 BHK,1423.0,3,0,134.36
Super built-up  Area,Ready To Move,Whitefield,2 BHK,1158.0,2,3,85.7
Carpet  Area,Under Construction,Electronic City,2 BHK,1153.0,2,3,73.85
Super built-up  Area,Ready To Move,Bellandur,3 BHK,2195.0,4,3,180.34
Super built-up  Area,Ready To Move,Whitefield,4 BHK,2328.0,4,0,168.73
Super built-up  Area,Ready To Move,Jayanagar,3 BHK,1734.0,3,2,254.42
Super built-up  Area,Under Construction,HSR Layout,2 BHK,1011.0,3,1,86.82
Built-up  Area,Ready To Move,HSR Layout,2 BHK,1518.0,3,2,162.81
Built-up  Area,Ready To Move,Indiranagar,2 BHK,1036.0,2,2,160.93
Carpet  Area,Ready To Move,Yelahanka,3 BHK,2404.0,4,1,169.12
Built-up  Area,Ready To Move,Sarjapur Road,3 BHK,1932.0,3,1,149.47
Super built-up  Area,Under Construction,Bellandur,2 BHK,1431.0,2,1,112.3
Super built-up  Area,Under Construction,Indiranagar,2 BHK,1423.0,2,1,176.13
Carpet  Area,Ready To Move,Electronic City,2 BHK,1341.0,2,1,78.52
Super built-up  Area,Ready To Move,Jayanagar,2 BHK,1448.0,2,1,182.27
Super built-up  Area,Ready To Move,Yelahanka,4 BHK,2897.0,4,3,143.74
Plot  Area,Ready To Move,Bellandur,2 BHK,950.0,2,1,86.72
Super built-up  Area,Under Construction,Jayanagar,2 BHK,1257.0,2,1,162.19
Super built-up  Area,Ready To Move,Jayanagar,3 BHK,2057.0,3,1,270.95
Plot  Area,Ready To Move,Bellandur,1 BHK,724.0,2,1,62.04
Carpet  Area,Under Construction,Yelahanka,2 BHK,1198.0,2,2,84.57
Super built-up  Area,Ready To Move,Bellandur,2 BHK,1148.0,2,2,93.17
Plot  Area,Ready To Move,Bellandur,2 BHK,1169.0,2,1,96.31
Super built-up  Area,Ready To Move,Koramangala,2 BHK,1051.0,2,1,160.88
Super built-up  Area,Under Construction,Thanisandra,2 BHK,1060.0,3,2,64.26
Plot  Area,Under Construction,Electronic City,2 BHK,1340.0,2,2,73.79
Carpet  Area,Ready To Move,Rajaji Nagar,2 BHK,1266.0,2,2,188.05
Super built-up  Area,Under Construction,Jayanagar,2 BHK,894.0,3,2,121.6
Super built-up  Area,Ready To Move,Whitefield,3 BHK,2299.0,3,2,170.95
Super built-up  Area,Ready To Move,Yelahanka,2 BHK,1109.0,2,1,66.12
Super built-up  Area,Under Construction,Whitefield,2 BHK,1275.0,3,2,73.18
Super built-up  Area,Ready To Move,Sarjapur Road,2 BHK,1218.0,2,1,83.4
Super built-up  Area,Ready To Move,Thanisandra,2 BHK,904.0,3,1,61.14
Super built-up  Area,Ready To Move,Electronic City,2 BHK,1312.0,2,1,68.24
Super built-up  Area,Ready To Move,Yelahanka,3 BHK,1992.0,4,2,118.07
Super built-up  Area,Ready To Move,Yelahanka,2 BHK,1419.0,3,1,95.34
Built-up  Area,Ready To Move,HSR Layout,3 BHK,1615.0,3,3,167.24
Super built-up  Area,Ready To Move,Whitefield,1 BHK,512.0,2,2,38.05
Super built-up  Area,Ready To Move,Electronic City,3 BHK,1621.0,3,2,90.36
Plot  Area,Ready To Move,Koramangala,5 BHK,3466.0,5,1,583.38
Built-up  Area,Under Construction,Other,2 BHK,1015.0,2,1,55.56
Super built-up  Area,Under Construction,Koramangala,2 BHK,1033.0,2,1,131.57
Super built-up  Area,Under Construction,Electronic City,2 BHK,1348.0,2,2,67.01
Built-up  Area,Ready To Move,Koramangala,3 BHK,1282.0,3,2,181.02
Super built-up  Area,Ready To Move,HSR Layout,1 BHK,533.0,1,2,54.6
Built-up  Area,Ready To Move,Thanisandra,3 BHK,2230.0,3,2,157.19
Super built-up  Area,Ready To Move,Whitefield,3 BHK,1424.0,3,1,92.46
Super built-up  Area,Ready To Move,Thanisandra,2 BHK,1482.0,2,2,109.63
Super built-up  Area,Ready To Move,HSR Layout,2 BHK,1469.0,3,2,138.99
Built-up  Area,Under Construction,Marathahalli,2 BHK,986.0,3,1,56.65
Plot  Area,Ready To Move,Sarjapur Road,3 BHK,1685.0,4,0,137.47
Super built-up  Area,Ready To Move,Koramangala,1 BHK,381.0,1,1,52.8
Super built-up  Area,Under Construction,Marathahalli,2 BHK,838.0,3,2,51.4
Super built-up  Area,Ready To Move,Whitefield,2 BHK,1230.0,3,1,80.81
Super built-up  Area,Under Construction,Marathahalli,2 BHK,1163.0,2,1,73.34
Plot  Area,Under Construction,Bellandur,2 BHK,1171.0,3,1,99.71
Super built-up  Area,Ready To Move,Whitefield,3 BHK,2052.0,3,2,127.93
Plot  Area,Ready To Move,Sarjapur Road,3 BHK,2165.0,3,2,174.15
Super built-up  Area,Ready To Move,Bellandur,3 BHK,1896.0,4,1,150.26
Plot  Area,Ready To Move,Whitefield,3 BHK,2249.0,4,3,182.56
Built-up  Area,Ready To Move,Indiranagar,3 BHK,1325.0,4,3,212.06
Super built-up  Area,Ready To Move,Sarjapur Road,2 BHK,1253.0,2,1,88.41
Super built-up  Area,Under Construction,Koramangala,4 BHK,2227.0,4,1,301.51
Super built-up  Area,Under Construction,Whitefield,2 BHK,1296.0,2,2,81.78
Super built-up  Area,Ready To Move,Jayanagar,2 BHK,934.0,2,1,125.35
Super built-up  Area,Ready To Move,Other,2 BHK,1078.0,2,2,63.32
Super built-up  Area,Ready To Move,Marathahalli,2 BHK,1110.0,2,1,69.6
Carpet  Area,Ready To Move,Thanisandra,2 BHK,1087.0,2,1,96.36
Super built-up  Area,Ready To Move,Whitefield,1 BHK,387.0,1,1,26.97
Built-up  Area,Under Construction,Thanisandra,3 BHK,2050.0,3,1,127.8
Plot  Area,Under Construction,Whitefield,2 BHK,1216.0,3,2,99.51
Plot  Area,Ready To Move,Whitefield,2 BHK,1344.0,2,2,100.7
Super built-up  Area,Ready To Move,Sarjapur Road,3 BHK,1465.0,3,2,109.44
Super built-up  Area,Ready To Move,HSR Layout,2 BHK,1060.0,3,1,87.98
Super built-up  Area,Ready To Move,Thanisandra,1 BHK,533.0,1,1,31.31
Super built-up  Area,Ready To Move,Bellandur,3 BHK,1894.0,3,2,146.54
Super built-up  Area,Ready To Move,Hebbal,2 BHK,874.0,2,1,83.93
Built-up  Area,Ready To Move,Electronic City,2 BHK,1405.0,2,1,69.01
Super built-up  Area,Ready To Move,Other,2 BHK,848.0,2,2,48.64
Super built-up  Area,Ready To Move,Hebbal,2 BHK,1028.0,2,1,101.09
Carpet  Area,Ready To Move,Hebbal,1 BHK,749.0,2,1,81.68
Super built-up  Area,Ready To Move,Electronic City,2 BHK,783.0,2,3,36.99
Super built-up  Area,Under Construction,Yelahanka,1 BHK,503.0,2,1,35.08
Built-up  Area,Under Construction,Bellandur,2 BHK,1363.0,2,1,103.62
Super built-up  Area,Under Construction,Electronic City,5 BHK,2415.0,6,3,99.12
Super built-up  Area,Under Construction,Whitefield,2 BHK,1360.0,3,1,89.71
Super built-up  Area,Ready To Move,Bellandur,3 BHK,1864.0,3,1,152.4
Plot  Area,Ready To Move,Bellandur,2 BHK,1140.0,2,1,119.44
Super built-up  Area,Ready To Move,Electronic City,3 BHK,2100.0,3,2,111.14
Super built-up  Area,Ready To Move,Marathahalli,2 BHK,1296.0,3,1,80.3
Super built-up  Area,Under Construction,Electronic City,2 BHK,1052.0,3,1,48.45
Super built-up  Area,Under Construction,Hebbal,2 BHK,1141.0,2,1,85.94
Super built-up  Area,Ready To Move,Marathahalli,3 BHK,1500.0,3,2,87.98
Super built-up  Area,Ready To Move,Hebbal,1 BHK,624.0,1,1,57.28
Super built-up  Area,Ready To Move,Koramangala,2 BHK,1053.0,2,1,138.62
Super built-up  Area,Ready To Move,Sarjapur Road,1 BHK,652.0,2,1,45.64
Super built-up  Area,Ready To Move,Electronic City,2 BHK,959.0,2,2,53.55
Super built-up  Area,Ready To Move,Other,3 BHK,1654.0,3,1,93.49
Built-up  Area,Under Construction,Hebbal,3 BHK,1692.0,4,1,169.42
Super built-up  Area,Ready To Move,Rajaji Nagar,2 BHK,1119.0,2,1,128.44
Super built-up  Area,Ready To Move,Electronic City,2 BHK,1050.0,3,1,56.26
Built-up  Area,Ready To Move,Electronic City,2 BHK,1078.0,3,2,68.39
Plot  Area,Under Construction,Whitefield,5 BHK,2511.0,5,2,164.21
Super built-up  Area,Under Construction,Bellandur,2 BHK,1273.0,2,0,74.07
Super built-up  Area,Ready To Move,Sarjapur Road,2 BHK,1302.0,2,0,94.36
Super built-up  Area,Under Construction,Jayanagar,2 BHK,1430.0,2,2,171.9
Super built-up  Area,Ready To Move,Hebbal,1 BHK,705.0,1,2,68.1
Built-up  Area,Ready To Move,Marathahalli,3 BHK,1374.0,3,3,96.71
Super built-up  Area,Ready To Move,Electronic City,2 BHK,790.0,3,1,44.13
Built-up  Area,Ready To Move,Jayanagar,3 BHK,1487.0,4,2,195.83
Super built-up  Area,Ready To Move,Thanisandra,2 BHK,1119.0,2,1,81.2
Super built-up  Area,Under Construction,Thanisandra,3 BHK,1660.0,4,2,101.6
Built-up  Area,Under Construction,Jayanagar,1 BHK,418.0,2,1,56.03
Super built-up  Area,Ready To Move,Thanisandra,3 BHK,2071.0,3,2,143.1
Super built-up  Area,Ready To Move,Koramangala,2 BHK,1114.0,2,2,152.57
Carpet  Area,Ready To Move,Whitefield,3 BHK,2189.0,3,1,204.13
Plot  Area,Ready To Move,Whitefield,3 BHK,1511.0,3,2,119.04
Built-up  Area,Ready To Move,Marathahalli,2 BHK,1204.0,2,2,89.87
Super built-up  Area,Ready To Move,Koramangala,2 BHK,1257.0,2,2,176.19
Super built-up  Area,Ready To Move,Yelahanka,4 BHK,2770.0,4,2,160.33
Plot  Area,Under Construction,HSR Layout,2 BHK,996.0,3,3,102.41
Super built-up  Area,Ready To Move,Whitefield,4 BHK,2378.0,5,1,171.44
Plot  Area,Ready To Move,Whitefield,2 BHK,1528.0,2,3,109.14
Super built-up  Area,Ready To Move,Bellandur,2 BHK,914.0,2,1,72.11
Super built-up  Area,Ready To Move,Hebbal,2 BHK,907.0,2,1,90.92
Carpet  Area,Ready To Move,Electronic City,1 BHK,694.0,2,2,44.28
Super built-up  Area,Ready To Move,HSR Layout,2 BHK,1344.0,3,2,128.07
Super built-up  Area,Ready To Move,Whitefield,1 BHK,350.0,2,2,24.68
Super built-up  Area,Under Construction,Indiranagar,5 BHK,3272.0,5,2,508.64
Super built-up  Area,Ready To Move,Electronic City,3 BHK,1440.0,4,2,74.85
Super built-up  Area,Ready To Move,Yelahanka,1 BHK,730.0,2,1,50.31
Super built-up  Area,Ready To Move,Sarjapur Road,2 BHK,1366.0,2,1,86.47
Super built-up  Area,Under Construction,Hebbal,3 BHK,1482.0,4,2,139.45
Built-up  Area,Ready To Move,Whitefield,2 BHK,968.0,3,1,83.65
Super built-up  Area,Ready To Move,Whitefield,3 BHK,1626.0,4,2,109.4
Carpet  Area,Ready To Move,Sarjapur Road,2 BHK,1050.0,3,1,84.45
Super built-up  Area,Ready To Move,Hebbal,3 BHK,1834.0,4,2,185.01
Super built-up  Area,Ready To Move,Koramangala,2 BHK,878.0,2,1,105.95
Super built-up  Area,Under Construction,Sarjapur Road,3 BHK,1774.0,3,2,142.12
Built-up  Area,Under Construction,Bellandur,2 BHK,1161.0,2,3,100.88
Carpet  Area,Ready To Move,Jayanagar,2 BHK,1435.0,3,3,269.2
Built-up  Area,Ready To Move,Thanisandra,1 BHK,559.0,1,1,38.46
Super built-up  Area,Ready To Move,Whitefield,2 BHK,1027.0,2,2,69.25
Super built-up  Area,Under Construction,HSR Layout,2 BHK,1418.0,2,1,137.06
Built-up  Area,Ready To Move,Whitefield,3 BHK,1418.0,3,1,103.88
Plot  Area,Ready To Move,Electronic City,2 BHK,992.0,2,1,62.76
Carpet  Area,Ready To Move,Other,2 BHK,1101.0,2,1,64.69
Super built-up  Area,Ready To Move,Whitefield,2 BHK,863.0,2,2,59.36
Carpet  Area,Ready To Move,HSR Layout,3 BHK,1685.0,3,1,201.84
Super built-up  Area,Ready To Move,Koramangala,3 BHK,1622.0,4,2,221.0
Super built-up  Area,Ready To Move,Bellandur,3 BHK,2002.0,4,2,174.38
Super built-up  Area,Under Construction,Indiranagar,4 BHK,2231.0,4,1,312.5
Super built-up  Area,Ready To Move,Whitefield,4 BHK,2091.0,4,1,142.43
Built-up  Area,Under Construction,Sarjapur Road,3 BHK,2009.0,3,2,134.4
Plot  Area,Ready To Move,HSR Layout,2 BHK,1119.0,2,1,139.94
Built-up  Area,Ready To Move,Whitefield,2 BHK,928.0,2,2,71.37
Super built-up  Area,Ready To Move,Sarjapur Road,2 BHK,1302.0,2,2,94.87
Super built-up  Area,Under Construction,Whitefield,5 BHK,2672.0,6,1,175.79
Built-up  Area,Ready To Move,Whitefield,2 BHK,1566.0,2,1,106.01
Super built-up  Area,Ready To Move,Sarjapur Road,2 BHK,1584.0,3,1,104.54
Built-up  Area,Ready To Move,Whitefield,4 BHK,2791.0,4,1,198.12
Built-up  Area,Ready To Move,Indiranagar,2 BHK,1054.0,3,3,184.46
Built-up  Area,Under Construction,Bellandur,3 BHK,1439.0,4,1,121.65
Super built-up  Area,Ready To Move,Yelahanka,3 BHK,2022.0,3,2,113.31
Plot  Area,Under Construction,Electronic City,3 BHK,1766.0,4,2,99.47
Super built-up  Area,Under Construction,Electronic City,3 BHK,1866.0,3,3,79.04
Super built-up  Area,Ready To Move,Whitefield,3 BHK,1638.0,3,0,110.85
Built-up  Area,Under Construction,Koramangala,3 BHK,1520.0,3,2,196.07
Super built-up  Area,Ready To Move,Bellandur,2 BHK,1079.0,2,0,84.65
Plot  Area,Ready To Move,Whitefield,3 BHK,1778.0,3,2,131.81
Super built-up  Area,Ready To Move,Marathahalli,3 BHK,1582.0,4,1,112.36
Super built-up  Area,Ready To Move,Whitefield,2 BHK,868.0,3,0,63.41
Plot  Area,Ready To Move,HSR Layout,2 BHK,1245.0,2,0,139.49
Super built-up  Area,Ready To Move,Bellandur,2 BHK,1036.0,2,1,83.02
Super built-up  Area,Under Construction,Jayanagar,2 BHK,1237.0,2,1,157.69
Super built-up  Area,Ready To Move,Thanisandra,1 BHK,615.0,1,2,42.77
Super built-up  Area,Ready To Move,Yelahanka,3 BHK,1877.0,4,2,115.65
Built-up  Area,Ready To Move,Sarjapur Road,2 BHK,1116.0,2,2,89.58
Super built-up  Area,Ready To Move,Yelahanka,2 BHK,1161.0,2,1,69.12
Plot  Area,Ready To Move,Whitefield,2 BHK,951.0,3,1,84.61
Built-up  Area,Ready To Move,Rajaji Nagar,2 BHK,1309.0,2,1,181.47
Super built-up  Area,Ready To Move,HSR Layout,2 BHK,1160.0,2,3,121.8
Built-up  Area,Ready To Move,Yelahanka,2 BHK,1266.0,2,2,78.7
Super built-up  Area,Under Construction,Hebbal,4 BHK,2481.0,4,1,225.06
Super built-up  Area,Ready To Move,Koramangala,3 BHK,2306.0,3,2,336.98
Super built-up  Area,Ready To Move,HSR Layout,3 BHK,1916.0,3,1,209.37
Super built-up  Area,Ready To Move,Thanisandra,2 BHK,1123.0,2,3,68.18
Built-up  Area,Ready To Move,Whitefield,3 BHK,1851.0,3,1,123.03
Super built-up  Area,Ready To Move,Whitefield,3 BHK,1523.0,4,1,92.19
Super built-up  Area,Ready To Move,Electronic City,4 BHK,2876.0,5,2,125.5
Built-up  Area,Ready To Move,Electronic City,1 BHK,446.0,2,2,26.81
Built-up  Area,Ready To Move,Jayanagar,1 BHK,700.0,1,1,104.7
Super built-up  Area,Ready To Move,Electronic City,2 BHK,1208.0,2,2,61.99
Built-up  Area,Ready To Move,Other,4 BHK,2842.0,5,1,164.36
Super built-up  Area,Ready To Move,Sarjapur Road,3 BHK,1624.0,3,2,114.2
Plot  Area,Ready To Move,Electronic City,2 BHK,994.0,2,2,55.7
Super built-up  Area,Ready To Move,Yelahanka,2 BHK,1241.0,2,2,74.62
Built-up  Area,Ready To Move,Bellandur,3 BHK,1506.0,4,2,133.41
Super built-up  Area,Under Construction,HSR Layout,4 BHK,2170.0,4,1,167.16
Super built-up  Area,Ready To Move,Indiranagar,3 BHK,1468.0,4,2,247.08
Super built-up  Area,Under Construction,Thanisandra,3 BHK,2013.0,4,2,135.64
Super built-up  Area,Under Construction,Electronic City,2 BHK,982.0,2,2,49.8
Built-up  Area,Under Construction,Other,2 BHK,1241.0,3,1,69.84
Super built-up  Area,Ready To Move,Other,3 BHK,2227.0,3,1,141.96
Built-up  Area,Under Construction,Bellandur,3 BHK,1342.0,3,1,96.16
Built-up  Area,Under Construction,Electronic City,3 BHK,1777.0,3,1,86.72
Built-up  Area,Ready To Move,Bellandur,1 BHK,412.0,2,2,41.38
Super built-up  Area,Ready To Move,Whitefield,1 BHK,512.0,1,2,41.96
Carpet  Area,Under Construction,Whitefield,2 BHK,1284.0,3,2,99.15
Built-up  Area,Ready To Move,Electronic City,2 BHK,1143.0,3,2,69.71
Built-up  Area,Ready To Move,Hebbal,2 BHK,1102.0,2,2,124.56
Super built-up  Area,Under Construction,Jayanagar,4 BHK,2503.0,4,1,300.46
Super built-up  Area,Ready To Move,Thanisandra,3 BHK,1352.0,3,2,101.03
Super built-up  Area,Ready To Move,Thanisandra,2 BHK,834.0,2,0,60.2
Super built-up  Area,Ready To Move,Hebbal,2 BHK,1182.0,2,0,104.17
Super built-up  Area,Ready To Move,Sarjapur Road,3 BHK,1928.0,4,1,128.49
Super built-up  Area,Under Construction,Sarjapur Road,2 BHK,1521.0,3,2,90.36
Super built-up  Area,Ready To Move,Other,3 BHK,1565.0,4,3,87.29
Super built-up  Area,Under Construction,Whitefield,2 BHK,1177.0,2,2,73.14
Super built-up  Area,Ready To Move,Jayanagar,1 BHK,667.0,2,2,88.92
Plot  Area,Ready To Move,Indiranagar,1 BHK,580.0,1,1,109.52
Super built-up  Area,Ready To Move,Hebbal,2 BHK,1106.0,3,2,102.8
Built-up  Area,Ready To Move,Thanisandra,2 BHK,1334.0,3,2,110.39
Super built-up  Area,Under Construction,HSR Layout,3 BHK,2052.0,4,1,196.88
Super built-up  Area,Ready To Move,Jayanagar,3 BHK,2227.0,4,0,308.1
Super built-up  Area,Under Construction,Rajaji Nagar,4 BHK,2929.0,4,3,358.81
Built-up  Area,Ready To Move,Hebbal,3 BHK,1556.0,3,2,168.12
Super built-up  Area,Ready To Move,Electronic City,2 BHK,909.0,2,1,42.03
Plot  Area,Ready To Move,Indiranagar,2 BHK,1191.0,2,1,182.11
Super built-up  Area,Ready To Move,Rajaji Nagar,3 BHK,1438.0,3,1,203.83
Super built-up  Area,Ready To Move,Electronic City,1 BHK,494.0,1,2,25.25
Built-up  Area,Ready To Move,Koramangala,5 BHK,2652.0,5,1,417.22
Super built-up  Area,Ready To Move,Koramangala,2 BHK,993.0,2,2,148.9
Built-up  Area,Ready To Move,Thanisandra,3 BHK,1808.0,3,1,139.3
Super built-up  Area,Ready To Move,Whitefield,4 BHK,2907.0,5,1,225.05
Super built-up  Area,Ready To Move,Thanisandra,2 BHK,1222.0,2,3,88.46
Built-up  Area,Under Construction,Rajaji Nagar,1 BHK,641.0,1,2,75.87
Carpet  Area,Ready To Move,Electronic City,2 BHK,1272.0,2,3,77.71
Super built-up  Area,Ready To Move,Electronic City,2 BHK,1200.0,2,3,68.12
Built-up  Area,Ready To Move,Other,3 BHK,1928.0,3,2,93.13
Super built-up  Area,Ready To Move,Electronic City,1 BHK,826.0,2,1,47.17
Built-up  Area,Ready To Move,Jayanagar,2 BHK,1225.0,2,2,161.02
Built-up  Area,Under Construction,HSR Layout,4 BHK,2178.0,4,2,163.95
Super built-up  Area,Under Construction,Electronic City,5 BHK,3095.0,5,1,143.55
Super built-up  Area,Ready To Move,Jayanagar,2 BHK,1112.0,3,1,169.88
Super built-up  Area,Ready To Move,Hebbal,3 BHK,1584.0,3,3,136.53
Super built-up  Area,Ready To Move,HSR Layout,2 BHK,1192.0,2,1,108.11
Super built-up  Area,Under Construction,Sarjapur Road,3 BHK,1504.0,4,1,105.02
Super built-up  Area,Ready To Move,Indiranagar,2 BHK,1238.0,3,3,194.71
Carpet  Area,Ready To Move,Electronic City,4 BHK,2671.0,4,2,183.54
Super built-up  Area,Under Construction,Sarjapur Road,3 BHK,1721.0,3,2,118.03
Super built-up  Area,Ready To Move,Marathahalli,2 BHK,899.0,3,1,59.88
Super built-up  Area,Ready To Move,Electronic City,2 BHK,1108.0,2,1,55.29
Plot  Area,Under Construction,Bellandur,2 BHK,1177.0,3,1,92.37
Super built-up  Area,Under Construction,Sarjapur Road,3 BHK,2035.0,4,2,112.79
Super built-up  Area,Ready To Move,Thanisandra,3 BHK,2129.0,3,0,122.19
Super built-up  Area,Ready To Move,Whitefield,3 BHK,2124.0,4,1,144.49
Super built-up  Area,Ready To Move,Marathahalli,3 BHK,1577.0,4,1,113.85
Super built-up  Area,Under Construction,Hebbal,3 BHK,1939.0,3,1,153.73
Super built-up  Area,Under Construction,Electronic City,4 BHK,2138.0,4,1,110.46
Super built-up  Area,Under Construction,Whitefield,3 BHK,1952.0,3,1,117.39
Super built-up  Area,Ready To Move,Electronic City,2 BHK,974.0,3,1,60.23
Super built-up  Area,Ready To Move,HSR Layout,3 BHK,1439.0,4,2,120.18
Super built-up  Area,Ready To Move,Sarjapur Road,2 BHK,916.0,2,1,63.8
Super built-up  Area,Ready To Move,Yelahanka,5 BHK,3534.0,5,1,223.29
Plot  Area,Ready To Move,Hebbal,2 BHK,1448.0,3,3,168.8
Plot  Area,Ready To Move,Electronic City,2 BHK,1290.0,2,1,78.61
Super built-up  Area,Ready To Move,Koramangala,2 BHK,927.0,2,2,135.23
Super built-up  Area,Under Construction,Bellandur,3 BHK,1488.0,3,2,98.88
Super built-up  Area,Ready To Move,Electronic City,1 BHK,699.0,1,3,41.01
Super built-up  Area,Ready To Move,Electronic City,4 BHK,2343.0,5,0,126.86
Super built-up  Area,Ready To Move,Whitefield,2 BHK,1309.0,2,2,90.94
Super built-up  Area,Ready To Move,Thanisandra,2 BHK,1019.0,2,2,75.04
Plot  Area,Ready To Move,Bellandur,1 BHK,426.0,2,2,39.92
Plot  Area,Ready To Move,Hebbal,2 BHK,1243.0,2,1,124.02
Super built-up  Area,Ready To Move,Jayanagar,2 BHK,866.0,2,3,97.14
Super built-up  Area,Ready To Move,Yelahanka,2 BHK,1376.0,3,1,84.32
Plot  Area,Ready To Move,Indiranagar,2 BHK,805.0,3,2,147.33
Plot  Area,Ready To Move,Jayanagar,1 BHK,523.0,1,0,90.22
Carpet  Area,Ready To Move,Electronic City,2 BHK,1189.0,3,2,73.07
Super built-up  Area,Ready To Move,Whitefield,3 BHK,1700.0,4,1,119.15
Super built-up  Area,Ready To Move,Electronic City,2 BHK,1515.0,2,2,61.97
Built-up  Area,Ready To Move,Whitefield,2 BHK,1485.0,2,2,110.46
Super built-up  Area,Ready To Move,HSR Layout,2 BHK,1381.0,2,1,146.22
Super built-up  Area,Ready To Move,Marathahalli,2 BHK,1391.0,2,2,80.28
Super built-up  Area,Ready To Move,Whitefield,2 BHK,1172.0,2,0,83.99
Plot  Area,Under Construction,Whitefield,3 BHK,2073.0,3,1,154.99
Plot  Area,Ready To Move,Hebbal,5 BHK,2517.0,5,3,266.38
Super built-up  Area,Ready To Move,Marathahalli,1 BHK,549.0,1,2,34.43
Plot  Area,Ready To Move,Sarjapur Road,2 BHK,1142.0,2,3,93.84
Super built-up  Area,Ready To Move,HSR Layout,2 BHK,1367.0,2,2,130.83
Built-up  Area,Ready To Move,Whitefield,2 BHK,1466.0,2,2,118.18
Super built-up  Area,Ready To Move,Whitefield,1 BHK,791.0,2,2,58.86
Super built-up  Area,Under Construction,Other,2 BHK,1542.0,3,2,77.77
Super built-up  Area,Ready To Move,Marathahalli,4 BHK,2698.0,5,3,192.95
Super built-up  Area,Ready To Move,Whitefield,1 BHK,529.0,1,2,38.44
Super built-up  Area,Ready To Move,Marathahalli,2 BHK,1071.0,2,2,59.67
Super built-up  Area,Ready To Move,Koramangala,3 BHK,2144.0,3,0,303.53
Carpet  Area,Ready To Move,Jayanagar,2 BHK,1380.0,2,2,243.04
Super built-up  Area,Ready To Move,Hebbal,1 BHK,429.0,1,1,39.7
Super built-up  Area,Under Construction,HSR Layout,3 BHK,1446.0,3,2,122.56
Super built-up  Area,Under Construction,HSR Layout,1 BHK,419.0,1,1,41.96
Super built-up  Area,Ready To Move,Bellandur,3 BHK,2105.0,3,0,148.04
Super built-up  Area,Under Construction,Whitefield,1 BHK,494.0,2,2,39.2
Built-up  Area,Ready To Move,Whitefield,2 BHK,1013.0,2,0,72.78
Super built-up  Area,Ready To Move,Sarjapur Road,3 BHK,2090.0,3,2,146.28
Super built-up  Area,Ready To Move,Bellandur,2 BHK,1370.0,2,2,131.52
Built-up  Area,Ready To Move,Electronic City,1 BHK,823.0,1,2,44.0
Super built-up  Area,Under Construction,Bellandur,2 BHK,1512.0,2,2,93.41
Super built-up  Area,Ready To Move,Marathahalli,3 BHK,1897.0,3,1,115.18
Plot  Area,Ready To Move,Whitefield,3 BHK,1749.0,3,3,133.22
Super built-up  Area,Ready To Move,Bellandur,2 BHK,1508.0,2,1,116.56
Super built-up  Area,Ready To Move,Hebbal,3 BHK,1773.0,3,0,150.9
Plot  Area,Ready To Move,Jayanagar,3 BHK,1916.0,4,2,282.48
Super built-up  Area,Under Construction,Electronic City,5 BHK,2330.0,5,1,106.94
Super built-up  Area,Ready To Move,Bellandur,2 BHK,1077.0,2,1,90.12
Carpet  Area,Under Construction,Yelahanka,3 BHK,2024.0,4,3,163.01
Super built-up  Area,Under Construction,Marathahalli,2 BHK,913.0,2,2,51.75
Super built-up  Area,Ready To Move,Bellandur,3 BHK,2282.0,3,2,199.83
Plot  Area,Ready To Move,HSR Layout,1 BHK,834.0,1,2,100.3
Plot  Area,Ready To Move,Koramangala,2 BHK,1360.0,3,1,249.36
Super built-up  Area,Under Construction,Jayanagar,3 BHK,1874.0,3,2,191.85
Super built-up  Area,Ready To Move,Indiranagar,3 BHK,2037.0,4,3,286.62
Built-up  Area,Ready To Move,Whitefield,2 BHK,1308.0,3,2,95.69
Built-up  Area,Ready To Move,Marathahalli,2 BHK,994.0,3,2,69.79
Super built-up  Area,Ready To Move,Bellandur,2 BHK,1231.0,3,2,87.39
Super built-up  Area,Ready To Move,Bellandur,1 BHK,416.0,1,3,33.06
Super built-up  Area,Ready To Move,Electronic City,1 BHK,483.0,1,1,24.29
Plot  Area,Ready To Move,Bellandur,1 BHK,418.0,2,2,44.18
Plot  Area,Ready To Move,Sarjapur Road,2 BHK,1274.0,2,1,101.17
Carpet  Area,Ready To Move,Bellandur,2 BHK,1503.0,2,2,150.91
Plot  Area,Ready To Move,Whitefield,2 BHK,945.0,2,2,84.3
Super built-up  Area,Ready To Move,Bellandur,4 BHK,2665.0,4,1,187.37
Super built-up  Area,Ready To Move,Other,2 BHK,1246.0,2,1,66.49
Built-up  Area,Ready To Move,Whitefield,3 BHK,1893.0,3,2,151.33
Built-up  Area,Ready To Move,Other,3 BHK,1531.0,4,2,90.98
Super built-up  Area,Ready To Move,Hebbal,2 BHK,1304.0,2,2,110.53
Super built-up  Area,Ready To Move,Jayanagar,2 BHK,1232.0,2,0,175.77
Plot  Area,Ready To Move,Yelahanka,2 BHK,932.0,3,0,61.98
Super built-up  Area,Under Construction,Indiranagar,2 BHK,1136.0,2,1,150.91
Super built-up  Area,Ready To Move,Thanisandra,2 BHK,819.0,2,1,45.39
Super built-up  Area,Ready To Move,Jayanagar,2 BHK,1208.0,2,1,157.06
Built-up  Area,Under Construction,Hebbal,4 BHK,2285.0,5,1,219.53
Super built-up  Area,Ready To Move,Sarjapur Road,1 BHK,654.0,1,1,44.54
Built-up  Area,Ready To Move,Bellandur,3 BHK,2166.0,4,0,204.92
Super built-up  Area,Ready To Move,Yelahanka,2 BHK,1260.0,2,1,78.96
Super built-up  Area,Under Construction,Thanisandra,2 BHK,1411.0,2,1,83.56
Super built-up  Area,Ready To Move,Yelahanka,1 BHK,636.0,2,2,42.22
Built-up  Area,Ready To Move,Hebbal,2 BHK,1223.0,3,1,108.28
Carpet  Area,Ready To Move,Yelahanka,3 BHK,1924.0,4,1,134.76
Built-up  Area,Under Construction,Whitefield,1 BHK,563.0,2,1,43.16
Plot  Area,Ready To Move,HSR Layout,2 BHK,1159.0,3,2,140.54
Super built-up  Area,Ready To Move,Whitefield,2 BHK,1302.0,2,2,80.34
Super built-up  Area,Ready To Move,Sarjapur Road,1 BHK,524.0,1,2,38.28
Super built-up  Area,Ready To Move,Sarjapur Road,3 BHK,1462.0,4,1,114.48
Super built-up  Area,Ready To Move,Sarjapur Road,3 BHK,1483.0,3,1,111.21
Built-up  Area,Under Construction,Bellandur,3 BHK,1758.0,4,1,137.23
Built-up  Area,Ready To Move,Sarjapur Road,2 BHK,1468.0,2,1,96.18
Carpet  Area,Ready To Move,Hebbal,2 BHK,1175.0,2,1,126.59
Super built-up  Area,Ready To Move,Electronic City,2 BHK,1021.0,3,0,51.84
Super built-up  Area,Ready To Move,Sarjapur Road,3 BHK,1538.0,4,2,116.88
Super built-up  Area,Ready To Move,Electronic City,2 BHK,1142.0,2,3,61.2
Super built-up  Area,Under Construction,Whitefield,4 BHK,2988.0,5,3,218.4
Super built-up  Area,Ready To Move,Koramangala,4 BHK,2801.0,5,1,382.35
Super built-up  Area,Ready To Move,Bellandur,3 BHK,2210.0,3,1,203.25
Super built-up  Area,Ready To Move,Koramangala,2 BHK,986.0,2,2,145.45
Super built-up  Area,Ready To Move,Hebbal,2 BHK,1436.0,2,1,115.82
Super built-up  Area,Ready To Move,Sarjapur Road,3 BHK,2078.0,3,3,144.25
Super built-up  Area,Ready To Move,Jayanagar,3 BHK,1593.0,3,1,231.56
Super built-up  Area,Ready To Move,HSR Layout,3 BHK,1509.0,3,0,130.93
Super built-up  Area,Ready To Move,Hebbal,2 BHK,1235.0,3,0,116.0
Super built-up  Area,Ready To Move,Whitefield,3 BHK,1885.0,3,1,145.72
Super built-up  Area,Ready To Move,Sarjapur Road,2 BHK,1339.0,2,3,97.18
Super built-up  Area,Under Construction,Sarjapur Road,2 BHK,1238.0,2,2,79.53
Super built-up  Area,Ready To Move,Sarjapur Road,3 BHK,1354.0,3,2,94.69
Super built-up  Area,Under Construction,Indiranagar,2 BHK,1061.0,3,2,152.72
Built-up  Area,Ready To Move,HSR Layout,3 BHK,1854.0,3,3,205.93
Super built-up  Area,Ready To Move,Koramangala,2 BHK,978.0,2,2,120.66
Built-up  Area,Under Construction,Thanisandra,2 BHK,1044.0,3,1,73.62
Super built-up  Area,Ready To Move,Yelahanka,1 BHK,793.0,2,1,43.04
Super built-up  Area,Ready To Move,Thanisandra,2 BHK,1047.0,2,1,74.67
Built-up  Area,Ready To Move,Marathahalli,2 BHK,1452.0,2,1,97.01
Super built-up  Area,Ready To Move,Whitefield,2 BHK,1233.0,2,1,78.34
Built-up  Area,Ready To Move,Electronic City,3 BHK,1656.0,4,1,85.87
Super built-up  Area,Ready To Move,Whitefield,2 BHK,1064.0,3,1,78.17
Super built-up  Area,Ready To Move,Koramangala,3 BHK,2157.0,3,2,320.24
Built-up  Area,Ready To Move,Rajaji Nagar,2 BHK,1616.0,2,0,201.91
Super built-up  Area,Ready To Move,Electronic City,3 BHK,1471.0,3,1,73.78
Super built-up  Area,Ready To Move,Marathahalli,1 BHK,792.0,1,2,55.62
Super built-up  Area,Ready To Move,Whitefield,2 BHK,861.0,2,3,61.89
Super built-up  Area,Under Construction,Marathahalli,3 BHK,2080.0,3,2,114.51
Super built-up  Area,Ready To Move,Sarjapur Road,1 BHK,763.0,1,1,52.87
Super built-up  Area,Ready To Move,Whitefield,4 BHK,2035.0,4,1,139.89
Built-up  Area,Under Construction,HSR Layout,2 BHK,1220.0,2,3,123.78
Built-up  Area,Ready To Move,Electronic City,3 BHK,1959.0,3,2,122.06
Super built-up  Area,Ready To Move,Electronic City,2 BHK,1198.0,2,2,66.48
Carpet  Area,Under Construction,Sarjapur Road,2 BHK,1395.0,3,2,112.25
Super built-up  Area,Under Construction,Yelahanka,1 BHK,799.0,1,1,48.51
Super built-up  Area,Ready To Move,HSR Layout,2 BHK,1392.0,2,2,139.41
Built-up  Area,Ready To Move,Sarjapur Road,2 BHK,921.0,3,3,72.12
Built-up  Area,Ready To Move,Koramangala,2 BHK,1056.0,2,1,162.42
Built-up  Area,Under Construction,Thanisandra,2 BHK,1286.0,2,1,87.57
Super built-up  Area,Under Construction,Electronic City,3 BHK,1893.0,3,3,95.49
Super built-up  Area,Ready To Move,Hebbal,3 BHK,1668.0,3,2,160.51
Plot  Area,Ready To Move,Whitefield,2 BHK,1099.0,3,2,78.7
Super built-up  Area,Under Construction,Electronic City,2 BHK,1374.0,2,3,62.82
Built-up  Area,Ready To Move,Bellandur,2 BHK,1441.0,2,3,137.19
Super built-up  Area,Ready To Move,Electronic City,3 BHK,1766.0,3,1,85.73
Built-up  Area,Ready To Move,HSR Layout,2 BHK,927.0,2,2,108.76
Super built-up  Area,Ready To Move,Bellandur,3 BHK,1876.0,4,2,138.15
Super built-up  Area,Under Construction,Whitefield,1 BHK,468.0,1,2,26.63
Super built-up  Area,Under Construction,Indiranagar,2 BHK,975.0,2,1,134.6
Built-up  Area,Ready To Move,Electronic City,2 BHK,1361.0,2,0,77.09
Built-up  Area,Ready To Move,Marathahalli,2 BHK,1010.0,2,3,69.55
Super built-up  Area,Ready To Move,HSR Layout,2 BHK,1084.0,2,3,121.18
Built-up  Area,Under Construction,Yelahanka,3 BHK,1663.0,3,2,113.59
Super built-up  Area,Ready To Move,Indiranagar,2 BHK,1363.0,2,0,212.7
Super built-up  Area,Ready To Move,Whitefield,2 BHK,1248.0,2,2,86.4
Super built-up  Area,Ready To Move,Koramangala,3 BHK,1824.0,4,0,239.25
Super built-up  Area,Ready To Move,Marathahalli,2 BHK,1170.0,2,1,77.38
Super built-up  Area,Ready To Move,Koramangala,1 BHK,350.0,1,2,47.59
Super built-up  Area,Under Construction,Yelahanka,3 BHK,1452.0,3,2,70.47
Built-up  Area,Ready To Move,Rajaji Nagar,3 BHK,1480.0,4,1,181.05
Built-up  Area,Ready To Move,Electronic City,1 BHK,603.0,2,0,32.8
Super built-up  Area,Ready To Move,Electronic City,3 BHK,1780.0,4,1,104.47
Super built-up  Area,Ready To Move,Koramangala,2 BHK,1066.0,2,1,160.48
Plot  Area,Ready To Move,Hebbal,2 BHK,1397.0,3,2,154.04
Built-up  Area,Ready To Move,Yelahanka,2 BHK,1390.0,3,1,95.27
Super built-up  Area,Under Construction,Rajaji Nagar,2 BHK,1130.0,3,2,126.27
Built-up  Area,Ready To Move,Sarjapur Road,4 BHK,2414.0,4,2,167.37
Super built-up  Area,Ready To Move,Electronic City,3 BHK,1474.0,3,1,80.24
Super built-up  Area,Ready To Move,Yelahanka,2 BHK,1307.0,2,1,82.0
Super built-up  Area,Under Construction,Electronic City,1 BHK,503.0,2,1,24.87
Super built-up  Area,Ready To Move,Yelahanka,3 BHK,1865.0,3,2,125.67
Plot  Area,Under Construction,Hebbal,3 BHK,2129.0,4,2,245.1
Super built-up  Area,Ready To Move,Bellandur,2 BHK,1467.0,2,1,113.95
Super built-up  Area,Ready To Move,Whitefield,1 BHK,722.0,1,2,54.52
Plot  Area,Ready To Move,Koramangala,3 BHK,1502.0,4,2,215.47
Plot  Area,Under Construction,Hebbal,3 BHK,2239.0,3,2,201.18
Built-up  Area,Ready To Move,Indiranagar,2 BHK,1120.0,2,3,162.23
Super built-up  Area,Ready To Move,Electronic City,3 BHK,1847.0,3,2,100.41
Super built-up  Area,Ready To Move,Thanisandra,2 BHK,1401.0,2,2,81.36
Built-up  Area,Ready To Move,Jayanagar,2 BHK,894.0,2,1,122.23
Super built-up  Area,Ready To Move,Electronic City,2 BHK,1380.0,2,0,66.08
Super built-up  Area,Ready To Move,Whitefield,2 BHK,1453.0,3,0,81.48
Super built-up  Area,Ready To Move,Whitefield,3 BHK,1796.0,3,0,111.87
Super built-up  Area,Ready To Move,Koramangala,2 BHK,1247.0,2,1,194.47
Super built-up  Area,Ready To Move,Koramangala,2 BHK,1027.0,2,3,129.19
Super built-up  Area,Ready To Move,HSR Layout,3 BHK,2349.0,4,2,241.39
Super built-up  Area,Ready To Move,Electronic City,1 BHK,473.0,1,1,27.0
Super built-up  Area,Ready To Move,Sarjapur Road,3 BHK,1727.0,4,1,124.82
Super built-up  Area,Ready To Move,Indiranagar,3 BHK,2171.0,3,1,264.07
Super built-up  Area,Ready To Move,HSR Layout,2 BHK,1399.0,2,2,138.17
Built-up  Area,Ready To Move,Other,2 BHK,1336.0,2,1,78.78
Built-up  Area,Ready To Move,Whitefield,3 BHK,1706.0,4,2,124.98
Super built-up  Area,Ready To Move,Bellandur,2 BHK,1546.0,2,1,105.52
Super built-up  Area,Ready To Move,Hebbal,1 BHK,470.0,1,2,39.84
Super built-up  Area,Ready To Move,Hebbal,3 BHK,1476.0,3,2,150.16
Super built-up  Area,Ready To Move,Thanisandra,2 BHK,1426.0,3,3,108.12
Super built-up  Area,Ready To Move,Bellandur,2 BHK,1118.0,3,3,95.79
Super built-up  Area,Ready To Move,Other,3 BHK,1952.0,3,1,108.67
Built-up  Area,Ready To Move,Whitefield,3 BHK,1864.0,4,0,137.98
Super built-up  Area,Ready To Move,Whitefield,2 BHK,927.0,2,1,53.87
Super built-up  Area,Under Construction,Thanisandra,2 BHK,1301.0,3,1,80.41
Super built-up  Area,Ready To Move,Indiranagar,2 BHK,915.0,2,1,166.34
Built-up  Area,Under Construction,Electronic City,3 BHK,1928.0,4,2,94.44
Super built-up  Area,Ready To Move,Whitefield,3 BHK,2033.0,3,1,136.79
Built-up  Area,Under Construction,Whitefield,2 BHK,1245.0,2,1,77.22
Super built-up  Area,Ready To Move,Rajaji Nagar,3 BHK,2113.0,4,2,255.66
Built-up  Area,Under Construction,Electronic City,1 BHK,569.0,1,2,32.01
Plot  Area,Ready To Move,Sarjapur Road,3 BHK,1697.0,3,2,113.15
Plot  Area,Ready To Move,Electronic City,2 BHK,1023.0,2,1,68.01
Super built-up  Area,Ready To Move,Sarjapur Road,3 BHK,1858.0,4,2,129.92
Super built-up  Area,Under Construction,Whitefield,3 BHK,1733.0,3,2,115.67
Super built-up  Area,Under Construction,HSR Layout,3 BHK,1828.0,3,1,156.39
Plot  Area,Ready To Move,Whitefield,3 BHK,2254.0,3,2,173.6
Super built-up  Area,Ready To Move,Yelahanka,3 BHK,2130.0,3,2,137.0
Super built-up  Area,Ready To Move,Electronic City,4 BHK,2909.0,5,1,158.79
Super built-up  Area,Ready To Move,HSR Layout,3 BHK,1721.0,3,2,153.27
Super built-up  Area,Ready To Move,Rajaji Nagar,3 BHK,1321.0,3,1,152.01
Super built-up  Area,Under Construction,Bellandur,3 BHK,1846.0,3,1,125.65
Super built-up  Area,Ready To Move,HSR Layout,2 BHK,1204.0,3,1,118.78
Super built-up  Area,Ready To Move,Sarjapur Road,2 BHK,985.0,3,2,67.35
Super built-up  Area,Ready To Move,Sarjapur Road,2 BHK,989.0,2,2,66.21
Plot  Area,Ready To Move,Bellandur,2 BHK,1198.0,2,1,120.55
Built-up  Area,Ready To Move,Other,3 BHK,1792.0,4,2,104.69
Built-up  Area,Ready To Move,Bellandur,2 BHK,823.0,2,0,68.14
Super built-up  Area,Ready To Move,Indiranagar,1 BHK,698.0,1,3,108.92
Built-up  Area,Ready To Move,Thanisandra,2 BHK,997.0,2,1,62.81
Super built-up  Area,Ready To Move,Hebbal,2 BHK,1394.0,2,1,132.2
Super built-up  Area,Ready To Move,Whitefield,2 BHK,1596.0,3,2,112.42
Super built-up  Area,Under Construction,Indiranagar,4 BHK,2194.0,4,2,311.88
Super built-up  Area,Ready To Move,Marathahalli,3 BHK,1595.0,3,1,119.64
Super built-up  Area,Under Construction,Electronic City,2 BHK,1383.0,2,3,68.0
Carpet  Area,Ready To Move,Bellandur,2 BHK,1416.0,3,2,123.76
Super built-up  Area,Ready To Move,Electronic City,3 BHK,1766.0,4,2,83.95
Super built-up  Area,Ready To Move,HSR Layout,3 BHK,1916.0,4,1,206.11
Super built-up  Area,Ready To Move,Whitefield,2 BHK,1422.0,3,0,115.35
Super built-up  Area,Under Construction,Hebbal,2 BHK,1420.0,2,0,103.47
Super built-up  Area,Ready To Move,Thanisandra,1 BHK,687.0,1,2,48.42
Super built-up  Area,Ready To Move,Sarjapur Road,2 BHK,1373.0,2,2,89.0
Built-up  Area,Ready To Move,Bellandur,2 BHK,1344.0,2,2,100.86
Super built-up  Area,Ready To Move,Yelahanka,3 BHK,1894.0,4,0,105.74
Super built-up  Area,Ready To Move,Marathahalli,3 BHK,2107.0,3,0,127.27
Built-up  Area,Ready To Move,Electronic City,2 BHK,1005.0,2,0,55.71
Plot  Area,Ready To Move,Sarjapur Road,3 BHK,2161.0,3,0,188.5
Built-up  Area,Ready To Move,Electronic City,5 BHK,2503.0,5,2,114.07
Super built-up  Area,Ready To Move,Other,3 BHK,2010.0,3,3,114.95
Super built-up  Area,Ready To Move,Marathahalli,3 BHK,1314.0,3,2,91.13
Super built-up  Area,Ready To Move,HSR Layout,3 BHK,1453.0,4,2,149.99
Built-up  Area,Ready To Move,Jayanagar,2 BHK,1562.0,3,2,238.83
Plot  Area,Ready To Move,HSR Layout,1 BHK,519.0,1,2,55.5
Super built-up  Area,Ready To Move,Koramangala,5 BHK,3592.0,5,1,519.67
Super built-up  Area,Ready To Move,Whitefield,2 BHK,1351.0,2,1,76.31
Built-up  Area,Under Construction,Thanisandra,3 BHK,1824.0,3,2,117.05
Super built-up  Area,Ready To Move,Whitefield,3 BHK,1900.0,3,2,128.87
Super built-up  Area,Ready To Move,Yelahanka,2 BHK,1689.0,3,1,105.29
Super built-up  Area,Under Construction,Yelahanka,2 BHK,1177.0,3,1,76.88
Super built-up  Area,Ready To Move,Bellandur,2 BHK,785.0,2,2,68.18
Carpet  Area,Ready To Move,Whitefield,2 BHK,1229.0,2,2,127.05
Super built-up  Area,Ready To Move,Sarjapur Road,1 BHK,613.0,2,2,46.79
Super built-up  Area,Ready To Move,Electronic City,2 BHK,1157.0,3,1,67.12
Super built-up  Area,Ready To Move,Sarjapur Road,2 BHK,1392.0,2,0,98.57
Super built-up  Area,Ready To Move,Whitefield,2 BHK,935.0,2,2,76.96
Super built-up  Area,Ready To Move,Marathahalli,2 BHK,1446.0,2,2,100.57
Super built-up  Area,Ready To Move,Indiranagar,3 BHK,2227.0,3,3,311.47
Super built-up  Area,Ready To Move,Sarjapur Road,3 BHK,1846.0,4,2,141.37
Built-up  Area,Ready To Move,Sarjapur Road,2 BHK,1152.0,3,1,90.86
Built-up  Area,Ready To Move,Hebbal,2 BHK,1350.0,2,2,114.3
Super built-up  Area,Ready To Move,Koramangala,5 BHK,2625.0,5,3,352.68
Super built-up  Area,Under Construction,HSR Layout,1 BHK,486.0,1,1,45.72
Carpet  Area,Ready To Move,Rajaji Nagar,2 BHK,1253.0,2,1,195.15
Super built-up  Area,Ready To Move,HSR Layout,2 BHK,887.0,2,1,101.68
Built-up  Area,Under Construction,Other,2 BHK,1411.0,2,2,81.58
Super built-up  Area,Under Construction,Jayanagar,2 BHK,999.0,3,2,124.4
Built-up  Area,Ready To Move,Electronic City,2 BHK,1291.0,2,0,69.73
Built-up  Area,Ready To Move,Marathahalli,2 BHK,1673.0,2,2,121.48
Built-up  Area,Ready To Move,Whitefield,2 BHK,1457.0,2,3,117.96
Plot  Area,Under Construction,Yelahanka,2 BHK,945.0,2,2,77.93
Plot  Area,Ready To Move,Sarjapur Road,3 BHK,1547.0,3,1,119.67
Super built-up  Area,Ready To Move,Jayanagar,2 BHK,1189.0,2,2,137.26
Super built-up  Area,Ready To Move,Jayanagar,2 BHK,908.0,2,1,109.87
Super built-up  Area,Ready To Move,Yelahanka,3 BHK,1670.0,3,1,111.19
Built-up  Area,Ready To Move,Yelahanka,2 BHK,1104.0,3,1,79.19
Built-up  Area,Ready To Move,Sarjapur Road,2 BHK,1234.0,2,2,104.39
Super built-up  Area,Ready To Move,Whitefield,2 BHK,1089.0,2,1,75.53
Super built-up  Area,Ready To Move,Hebbal,3 BHK,2191.0,3,2,215.47
Built-up  Area,Ready To Move,Electronic City,3 BHK,2113.0,3,2,118.34
Super built-up  Area,Ready To Move,Bellandur,2 BHK,1063.0,3,1,82.49
Super built-up  Area,Ready To Move,Sarjapur Road,2 BHK,1077.0,3,1,82.75
Built-up  Area,Under Construction,Other,2 BHK,1159.0,2,2,65.14
Super built-up  Area,Ready To Move,Koramangala,3 BHK,2020.0,4,3,301.43
Super built-up  Area,Ready To Move,Yelahanka,3 BHK,1317.0,3,3,85.28
Super built-up  Area,Under Construction,Whitefield,2 BHK,1112.0,3,1,76.98
Super built-up  Area,Ready To Move,Jayanagar,2 BHK,1178.0,3,0,165.58
Super built-up  Area,Under Construction,Marathahalli,1 BHK,432.0,2,1,26.1
Super built-up  Area,Ready To Move,HSR Layout,2 BHK,1584.0,2,1,152.07
Super built-up  Area,Ready To Move,Koramangala,3 BHK,2213.0,4,1,292.39
Super built-up  Area,Ready To Move,Thanisandra,2 BHK,1160.0,2,3,84.28
Super built-up  Area,Under Construction,Electronic City,2 BHK,1227.0,2,3,59.78
Super built-up  Area,Under Construction,HSR Layout,3 BHK,1623.0,3,3,156.06
Carpet  Area,Ready To Move,Sarjapur Road,2 BHK,1052.0,2,1,91.52
Super built-up  Area,Ready To Move,Whitefield,3 BHK,1977.0,3,1,131.1
Plot  Area,Ready To Move,Sarjapur Road,2 BHK,1108.0,2,3,85.95
Built-up  Area,Ready To Move,Whitefield,2 BHK,894.0,2,1,70.15
Super built-up  Area,Ready To Move,Whitefield,3 BHK,1522.0,4,0,106.13
Built-up  Area,Ready To Move,Whitefield,3 BHK,2220.0,4,2,172.76
Super built-up  Area,Ready To Move,Marathahalli,2 BHK,1179.0,2,0,79.29
Built-up  Area,Ready To Move,HSR Layout,3 BHK,2093.0,3,1,228.87
Super built-up  Area,Ready To Move,Marathahalli,3 BHK,1579.0,4,2,93.9
Built-up  Area,Ready To Move,Hebbal,3 BHK,1530.0,4,1,167.45
Super built-up  Area,Ready To Move,Sarjapur Road,3 BHK,2249.0,4,0,137.53
Built-up  Area,Under Construction,HSR Layout,2 BHK,819.0,2,0,84.75
Super built-up  Area,Ready To Move,Hebbal,2 BHK,1393.0,2,2,134.79
Plot  Area,Ready To Move,Whitefield,3 BHK,1733.0,4,1,136.04
Super built-up  Area,Ready To Move,Koramangala,2 BHK,1300.0,2,1,186.85
Built-up  Area,Under Construction,Electronic City,3 BHK,1938.0,4,2,99.78
Super built-up  Area,Ready To Move,Koramangala,2 BHK,1439.0,2,2,239.39
Super built-up  Area,Ready To Move,Bellandur,3 BHK,1851.0,3,3,167.22
Super built-up  Area,Under Construction,Electronic City,2 BHK,1466.0,2,2,83.08
Plot  Area,Ready To Move,Whitefield,2 BHK,1009.0,2,3,83.36
Super built-up  Area,Ready To Move,Yelahanka,3 BHK,1632.0,3,1,99.98
Plot  Area,Ready To Move,Hebbal,3 BHK,1782.0,4,2,196.66
Super built-up  Area,Under Construction,Whitefield,2 BHK,992.0,3,1,63.72
Built-up  Area,Ready To Move,Other,1 BHK,638.0,1,2,37.27
Super built-up  Area,Ready To Move,Whitefield,3 BHK,1671.0,4,2,116.06
Super built-up  Area,Ready To Move,Bellandur,3 BHK,2001.0,3,2,162.59
Plot  Area,Ready To Move,Other,2 BHK,1106.0,2,1,65.91
Super built-up  Area,Under Construction,Electronic City,2 BHK,1274.0,2,2,64.89
Super built-up  Area,Ready To Move,Whitefield,2 BHK,852.0,2,2,55.57
Super built-up  Area,Ready To Move,Whitefield,4 BHK,2878.0,4,2,173.14
Super built-up  Area,Under Construction,Sarjapur Road,2 BHK,1324.0,3,1,93.52
Super built-up  Area,Ready To Move,Whitefield,2 BHK,1397.0,2,2,94.14
Built-up  Area,Ready To Move,Bellandur,2 BHK,932.0,3,1,86.03
Super built-up  Area,Ready To Move,Whitefield,3 BHK,1679.0,4,3,130.54
Super built-up  Area,Ready To Move,HSR Layout,3 BHK,1698.0,3,3,154.81
Super built-up  Area,Ready To Move,Other,2 BHK,948.0,2,2,50.57
Super built-up  Area,Ready To Move,Yelahanka,2 BHK,1037.0,2,1,64.19
Super built-up  Area,Ready To Move,Koramangala,2 BHK,1354.0,2,2,207.46
Plot  Area,Ready To Move,Sarjapur Road,2 BHK,1027.0,2,2,79.56
Built-up  Area,Ready To Move,Koramangala,1 BHK,691.0,1,1,88.66
Super built-up  Area,Ready To Move,HSR Layout,3 BHK,1770.0,4,1,185.77
Plot  Area,Ready To Move,Hebbal,3 BHK,2165.0,3,1,200.75
Super built-up  Area,Ready To Move,Whitefield,4 BHK,1874.0,4,1,114.39
Built-up  Area,Ready To Move,Rajaji Nagar,2 BHK,988.0,3,0,107.51
Super built-up  Area,Under Construction,Hebbal,2 BHK,1066.0,3,2,97.13
Built-up  Area,Under Construction,Electronic City,3 BHK,2042.0,3,3,94.08
Super built-up  Area,Ready To Move,Sarjapur Road,2 BHK,1084.0,3,2,88.92
Super built-up  Area,Under Construction,Hebbal,2 BHK,1136.0,2,2,95.55
Super built-up  Area,Under Construction,Yelahanka,2 BHK,868.0,2,3,54.12
Super built-up  Area,Ready To Move,Thanisandra,4 BHK,2203.0,4,1,138.52
Super built-up  Area,Ready To Move,Thanisandra,3 BHK,2106.0,4,2,151.2
Super built-up  Area,Under Construction,Whitefield,2 BHK,1324.0,3,0,82.82
Super built-up  Area,Ready To Move,Hebbal,1 BHK,701.0,2,3,65.21
Built-up  Area,Ready To Move,HSR Layout,3 BHK,1967.0,3,2,181.46
Super built-up  Area,Ready To Move,Whitefield,3 BHK,2160.0,4,2,137.05
Super built-up  Area,Ready To Move,Electronic City,3 BHK,1536.0,4,1,80.27
Super built-up  Area,Ready To Move,Thanisandra,2 BHK,1274.0,2,3,83.06
Plot  Area,Ready To Move,Whitefield,2 BHK,1476.0,2,2,128.74
Plot  Area,Ready To Move,HSR Layout,3 BHK,1389.0,3,1,144.78
Super built-up  Area,Ready To Move,Electronic City,4 BHK,2153.0,5,1,113.88
Super built-up  Area,Under Construction,Whitefield,2 BHK,1072.0,2,1,65.17
Super built-up  Area,Ready To Move,Electronic City,2 BHK,1385.0,2,2,69.88
Plot  Area,Ready To Move,Other,2 BHK,1160.0,2,1,67.45
Super built-up  Area,Ready To Move,Yelahanka,2 BHK,1406.0,2,1,77.7
Super built-up  Area,Ready To Move,Marathahalli,2 BHK,1374.0,2,1,82.04
Super built-up  Area,Under Construction,HSR Layout,3 BHK,1532.0,3,2,150.84
Super built-up  Area,Ready To Move,Whitefield,2 BHK,1068.0,2,2,76.0
Super built-up  Area,Ready To Move,HSR Layout,2 BHK,1376.0,3,0,139.51
Built-up  Area,Ready To Move,Hebbal,2 BHK,930.0,2,1,86.79
Super built-up  Area,Ready To Move,Jayanagar,3 BHK,1680.0,3,1,215.41
Super built-up  Area,Ready To Move,Whitefield,3 BHK,1961.0,4,2,158.02
Super built-up  Area,Ready To Move,HSR Layout,1 BHK,489.0,1,2,50.06
Super built-up  Area,Ready To Move,Electronic City,1 BHK,615.0,1,2,33.19
Super built-up  Area,Ready To Move,Sarjapur Road,2 BHK,1150.0,2,2,78.76
Built-up  Area,Under Construction,Thanisandra,2 BHK,1131.0,2,1,77.48
Super built-up  Area,Ready To Move,Hebbal,2 BHK,1177.0,2,1,113.25
Super built-up  Area,Ready To Move,Sarjapur Road,3 BHK,2060.0,3,1,145.24
Super built-up  Area,Under Construction,Sarjapur Road,2 BHK,1460.0,3,1,90.75
Super built-up  Area,Under Construction,Hebbal,4 BHK,1666.0,5,1,139.09
Super built-up  Area,Ready To Move,Yelahanka,1 BHK,394.0,1,3,28.05
Super built-up  Area,Under Construction,Rajaji Nagar,1 BHK,613.0,1,2,70.4
Super built-up  Area,Ready To Move,Marathahalli,2 BHK,1284.0,3,1,81.76
Super built-up  Area,Ready To Move,Yelahanka,2 BHK,1207.0,2,1,81.63
Super built-up  Area,Ready To Move,Sarjapur Road,2 BHK,1449.0,3,1,108.3
Super built-up  Area,Ready To Move,Bellandur,3 BHK,1376.0,3,0,118.39
Super built-up  Area,Ready To Move,Hebbal,2 BHK,1221.0,2,1,103.44
Built-up  Area,Ready To Move,Electronic City,1 BHK,539.0,1,2,30.89
Super built-up  Area,Ready To Move,Jayanagar,3 BHK,2147.0,3,1,304.17
Super built-up  Area,Under Construction,Whitefield,4 BHK,3029.0,5,2,197.55
Super built-up  Area,Ready To Move,Rajaji Nagar,3 BHK,1953.0,3,2,258.56
Super built-up  Area,Ready To Move,Hebbal,3 BHK,1351.0,4,1,118.49
Super built-up  Area,Ready To Move,Koramangala,2 BHK,1088.0,2,2,131.86
Plot  Area,Ready To Move,Bellandur,2 BHK,1222.0,2,1,114.69
Plot  Area,Under Construction,Rajaji Nagar,2 BHK,1098.0,3,3,146.43
Super built-up  Area,Ready To Move,Koramangala,4 BHK,2661.0,5,0,340.33
Super built-up  Area,Ready To Move,Koramangala,2 BHK,1167.0,2,1,166.59
Super built-up  Area,Ready To Move,Whitefield,1 BHK,440.0,1,1,30.74
Super built-up  Area,Ready To Move,HSR Layout,2 BHK,994.0,2,3,99.73
Built-up  Area,Ready To Move,Electronic City,1 BHK,637.0,1,1,39.46
Built-up  Area,Ready To Move,Thanisandra,2 BHK,1077.0,3,2,91.96
Plot  Area,Ready To Move,HSR Layout,2 BHK,1384.0,2,1,144.46
Super built-up  Area,Under Construction,Bellandur,2 BHK,1168.0,2,1,93.56
Super built-up  Area,Ready To Move,Whitefield,1 BHK,480.0,2,0,33.85
Built-up  Area,Under Construction,Whitefield,1 BHK,444.0,1,2,31.73
Built-up  Area,Ready To Move,Thanisandra,2 BHK,967.0,2,0,77.67
Plot  Area,Ready To Move,Whitefield,3 BHK,1854.0,4,2,135.9
Super built-up  Area,Ready To Move,Whitefield,2 BHK,1308.0,2,1,74.34
Super built-up  Area,Ready To Move,Whitefield,3 BHK,1758.0,4,1,120.88
Super built-up  Area,Under Construction,Marathahalli,2 BHK,1020.0,2,2,61.77
Super built-up  Area,Under Construction,Thanisandra,2 BHK,1362.0,3,1,82.52
Super built-up  Area,Ready To Move,Sarjapur Road,3 BHK,1439.0,3,2,107.5
Super built-up  Area,Ready To Move,Sarjapur Road,2 BHK,1442.0,3,2,88.78
Super built-up  Area,Under Construction,Sarjapur Road,2 BHK,1169.0,3,2,86.91
Super built-up  Area,Ready To Move,Thanisandra,4 BHK,2792.0,5,2,209.19
Super built-up  Area,Under Construction,Bellandur,2 BHK,972.0,2,1,77.1
Super built-up  Area,Under Construction,Electronic City,1 BHK,716.0,2,0,28.97
Plot  Area,Ready To Move,Electronic City,4 BHK,1724.0,4,2,107.75
Super built-up  Area,Ready To Move,Whitefield,1 BHK,750.0,1,0,52.8
Super built-up  Area,Ready To Move,Bellandur,3 BHK,1529.0,3,1,116.43
Carpet  Area,Ready To Move,Thanisandra,2 BHK,1473.0,2,1,121.51
Plot  Area,Ready To Move,Electronic City,2 BHK,1217.0,3,2,73.98
Super built-up  Area,Ready To Move,Whitefield,2 BHK,1442.0,3,2,93.52
Built-up  Area,Ready To Move,Whitefield,2 BHK,1498.0,3,1,94.94
Super built-up  Area,Under Construction,Marathahalli,3 BHK,1742.0,4,1,108.2
Super built-up  Area,Ready To Move,Sarjapur Road,4 BHK,1774.0,4,2,130.82
Super built-up  Area,Ready To Move,Thanisandra,1 BHK,599.0,2,1,43.16
Super built-up  Area,Ready To Move,Koramangala,3 BHK,2025.0,3,0,251.96
Built-up  Area,Ready To Move,Sarjapur Road,2 BHK,1232.0,2,1,97.23
Built-up  Area,Ready To Move,Electronic City,1 BHK,501.0,2,2,32.99
Carpet  Area,Ready To Move,Whitefield,4 BHK,2705.0,5,3,246.26
Built-up  Area,Ready To Move,Koramangala,2 BHK,961.0,3,1,149.54
Super built-up  Area,Ready To Move,Thanisandra,2 BHK,1192.0,2,1,86.09
Built-up  Area,Under Construction,Koramangala,2 BHK,1478.0,2,1,184.54
Carpet  Area,Ready To Move,HSR Layout,2 BHK,1210.0,2,1,145.68
Built-up  Area,Ready To Move,Whitefield,2 BHK,1218.0,2,1,86.1
Built-up  Area,Under Construction,Marathahalli,3 BHK,1726.0,3,0,115.58
Plot  Area,Under Construction,Yelahanka,3 BHK,1862.0,4,2,113.86
Super built-up  Area,Ready To Move,Sarjapur Road,1 BHK,603.0,2,1,48.22
Built-up  Area,Ready To Move,Other,2 BHK,1236.0,2,1,73.18
Plot  Area,Ready To Move,Koramangala,1 BHK,650.0,2,2,109.2
Carpet  Area,Ready To Move,Indiranagar,1 BHK,514.0,1,1,95.03
Super built-up  Area,Under Construction,Thanisandra,4 BHK,2265.0,4,1,110.43
Super built-up  Area,Ready To Move,Yelahanka,4 BHK,2380.0,4,2,153.17
Built-up  Area,Ready To Move,Bellandur,3 BHK,2086.0,4,2,166.34
Super built-up  Area,Ready To Move,Whitefield,3 BHK,1861.0,3,1,131.43
Super built-up  Area,Ready To Move,Sarjapur Road,3 BHK,1536.0,4,3,114.41
Super built-up  Area,Ready To Move,Marathahalli,1 BHK,821.0,2,2,51.57
Super built-up  Area,Ready To Move,Electronic City,1 BHK,593.0,1,2,34.23
Super built-up  Area,Ready To Move,Sarjapur Road,2 BHK,1487.0,2,3,102.0
Super built-up  Area,Under Construction,Hebbal,3 BHK,1543.0,3,2,124.99
Super built-up  Area,Ready To Move,Hebbal,2 BHK,1060.0,2,2,108.51
Super built-up  Area,Ready To Move,Koramangala,2 BHK,1419.0,2,1,201.84
Super built-up  Area,Under Construction,Marathahalli,2 BHK,1113.0,2,2,72.62
Super built-up  Area,Ready To Move,Electronic City,3 BHK,1802.0,4,1,97.45
Super built-up  Area,Ready To Move,Whitefield,3 BHK,1633.0,4,1,123.97
Super built-up  Area,Ready To Move,Electronic City,2 BHK,815.0,3,2,40.53
Super built-up  Area,Ready To Move,Rajaji Nagar,3 BHK,2092.0,3,2,241.62
Built-up  Area,Ready To Move,Koramangala,2 BHK,930.0,2,1,142.55
Super built-up  Area,Under Construction,Electronic City,3 BHK,1889.0,3,3,83.77
Super built-up  Area,Ready To Move,Yelahanka,2 BHK,1527.0,2,0,96.38
Built-up  Area,Ready To Move,Jayanagar,2 BHK,1002.0,2,2,138.26
Super built-up  Area,Ready To Move,Jayanagar,2 BHK,1283.0,3,2,179.18
Carpet  Area,Ready To Move,Rajaji Nagar,1 BHK,471.0,1,1,67.71
Built-up  Area,Ready To Move,Electronic City,3 BHK,1830.0,3,3,106.25
Super built-up  Area,Ready To Move,Thanisandra,4 BHK,2647.0,4,2,186.09
Super built-up  Area,Ready To Move,Hebbal,2 BHK,1303.0,2,1,113.15
Super built-up  Area,Ready To Move,Jayanagar,2 BHK,1232.0,2,1,163.85
Super built-up  Area,Ready To Move,Thanisandra,3 BHK,1397.0,4,1,105.99
Super built-up  Area,Ready To Move,Thanisandra,2 BHK,1429.0,2,2,92.93
Super built-up  Area,Ready To Move,Bellandur,2 BHK,1325.0,2,0,113.2
Built-up  Area,Ready To Move,Electronic City,1 BHK,659.0,2,1,43.75
Super built-up  Area,Under Construction,HSR Layout,3 BHK,2300.0,3,1,222.53
Super built-up  Area,Ready To Move,Other,3 BHK,1206.0,3,1,55.81
Built-up  Area,Ready To Move,Marathahalli,3 BHK,1584.0,4,1,104.97
Super built-up  Area,Ready To Move,Whitefield,2 BHK,994.0,2,1,61.74
Super built-up  Area,Ready To Move,Electronic City,3 BHK,1499.0,4,3,79.02
Super built-up  Area,Ready To Move,Whitefield,2 BHK,1094.0,3,2,72.84
Super built-up  Area,Under Construction,Thanisandra,2 BHK,1540.0,2,1,84.36
Carpet  Area,Ready To Move,Yelahanka,3 BHK,1413.0,4,2,110.24
Super built-up  Area,Ready To Move,Electronic City,5 BHK,2929.0,6,1,132.93
Super built-up  Area,Under Construction,HSR Layout,3 BHK,1640.0,3,2,144.56
Super built-up  Area,Ready To Move,Jayanagar,3 BHK,1666.0,4,1,217.43
Super built-up  Area,Ready To Move,Thanisandra,3 BHK,1768.0,3,2,114.88
Super built-up  Area,Ready To Move,HSR Layout,3 BHK,2143.0,4,3,189.82
Built-up  Area,Ready To Move,Indiranagar,3 BHK,2039.0,4,1,309.27
Plot  Area,Ready To Move,HSR Layout,2 BHK,1506.0,2,1,150.66
Super built-up  Area,Ready To Move,Sarjapur Road,2 BHK,1340.0,2,1,80.84
Super built-up  Area,Ready To Move,Indiranagar,3 BHK,2035.0,4,1,337.93
Super built-up  Area,Ready To Move,Bellandur,3 BHK,1798.0,3,2,152.77
Super built-up  Area,Under Construction,Jayanagar,2 BHK,959.0,2,2,110.88
Super built-up  Area,Ready To Move,Koramangala,3 BHK,2047.0,4,2,241.89
Super built-up  Area,Ready To Move,Thanisandra,2 BHK,1129.0,2,2,73.76
Super built-up  Area,Ready To Move,Electronic City,4 BHK,1954.0,4,2,104.25
Super built-up  Area,Ready To Move,Hebbal,3 BHK,1543.0,4,2,149.41
Built-up  Area,Ready To Move,Whitefield,2 BHK,1113.0,3,3,90.73
Built-up  Area,Ready To Move,Electronic City,3 BHK,1623.0,3,1,92.19
Super built-up  Area,Ready To Move,Thanisandra,3 BHK,1426.0,4,1,96.39
Super built-up  Area,Ready To Move,Other,3 BHK,1987.0,3,1,121.21
Plot  Area,Under Construction,Whitefield,3 BHK,1548.0,4,1,105.55
Super built-up  Area,Ready To Move,Hebbal,1 BHK,539.0,1,1,54.96
Plot  Area,Under Construction,Yelahanka,2 BHK,1173.0,2,1,81.37
Super built-up  Area,Under Construction,Electronic City,3 BHK,1431.0,3,2,63.98
Super built-up  Area,Ready To Move,Indiranagar,4 BHK,2697.0,5,2,431.53
Super built-up  Area,Ready To Move,Thanisandra,2 BHK,1104.0,2,1,69.09
Plot  Area,Ready To Move,Koramangala,1 BHK,499.0,1,1,88.84
Super built-up  Area,Ready To Move,Electronic City,2 BHK,1338.0,2,1,60.14
Super built-up  Area,Ready To Move,Sarjapur Road,2 BHK,1296.0,2,3,72.04
Super built-up  Area,Ready To Move,Yelahanka,3 BHK,2061.0,3,2,122.61
Plot  Area,Ready To Move,Indiranagar,1 BHK,536.0,1,1,86.77
Plot  Area,Ready To Move,Whitefield,2 BHK,858.0,3,1,76.1
Carpet  Area,Under Construction,Thanisandra,3 BHK,2255.0,3,1,154.53
Carpet  Area,Ready To Move,Whitefield,2 BHK,1257.0,2,1,107.17
Super built-up  Area,Ready To Move,Thanisandra,3 BHK,1996.0,3,2,124.67
Super built-up  Area,Ready To Move,Electronic City,2 BHK,936.0,3,1,53.51
Super built-up  Area,Under Construction,Marathahalli,3 BHK,1335.0,4,1,84.51
Super built-up  Area,Ready To Move,Sarjapur Road,1 BHK,486.0,1,2,35.78
Built-up  Area,Under Construction,Sarjapur Road,2 BHK,1236.0,2,1,67.47
Plot  Area,Under Construction,Whitefield,2 BHK,1345.0,2,2,93.98
Super built-up  Area,Under Construction,Sarjapur Road,3 BHK,1374.0,4,3,95.35
Super built-up  Area,Ready To Move,Jayanagar,2 BHK,1441.0,3,1,171.88
Plot  Area,Ready To Move,Other,1 BHK,517.0,2,3,34.83
Super built-up  Area,Ready To Move,Sarjapur Road,3 BHK,1870.0,3,1,128.8
Super built-up  Area,Ready To Move,Hebbal,1 BHK,721.0,1,1,65.17
Super built-up  Area,Ready To Move,Thanisandra,4 BHK,2153.0,5,3,153.52
Super built-up  Area,Ready To Move,Rajaji Nagar,2 BHK,1505.0,3,2,167.87
Super built-up  Area,Ready To Move,Indiranagar,2 BHK,1220.0,2,2,222.58
Super built-up  Area,Ready To Move,Sarjapur Road,1 BHK,610.0,1,2,47.41
Super built-up  Area,Ready To Move,Hebbal,2 BHK,1277.0,3,1,123.68
Carpet  Area,Ready To Move,Bellandur,2 BHK,1282.0,3,1,128.33
Super built-up  Area,Ready To Move,Whitefield,2 BHK,1479.0,3,2,92.14
Super built-up  Area,Ready To Move,Koramangala,1 BHK,632.0,2,1,85.47
Carpet  Area,Ready To Move,Sarjapur Road,3 BHK,2059.0,3,2,175.21
Super built-up  Area,Ready To Move,Yelahanka,3 BHK,2006.0,3,2,120.38
Super built-up  Area,Under Construction,Whitefield,3 BHK,1643.0,3,1,99.14
Built-up  Area,Under Construction,Indiranagar,2 BHK,1362.0,2,3,188.28
Super built-up  Area,Ready To Move,HSR Layout,3 BHK,1585.0,3,0,147.41
Built-up  Area,Ready To Move,Koramangala,2 BHK,1104.0,3,2,183.97
Super built-up  Area,Ready To Move,Whitefield,4 BHK,3125.0,4,1,199.56
Super built-up  Area,Ready To Move,Indiranagar,2 BHK,1341.0,2,2,198.96
Super built-up  Area,Ready To Move,Indiranagar,3 BHK,1721.0,3,2,288.37
Super built-up  Area,Ready To Move,Indiranagar,3 BHK,1395.0,4,2,199.74
Built-up  Area,Ready To Move,Koramangala,3 BHK,1476.0,3,1,196.71
Super built-up  Area,Ready To Move,Bellandur,3 BHK,1636.0,3,1,126.85
Plot  Area,Under Construction,Yelahanka,2 BHK,1486.0,2,1,98.72
Built-up  Area,Ready To Move,Electronic City,3 BHK,1912.0,3,1,95.73
Super built-up  Area,Under Construction,Yelahanka,2 BHK,991.0,3,1,56.66
Built-up  Area,Ready To Move,HSR Layout,1 BHK,722.0,1,2,75.59
Super built-up  Area,Ready To Move,Whitefield,2 BHK,1071.0,2,0,74.17
Built-up  Area,Ready To Move,Whitefield,3 BHK,1823.0,3,1,117.0
Built-up  Area,Ready To Move,Sarjapur Road,2 BHK,1359.0,3,2,91.16
Super built-up  Area,Under Construction,Yelahanka,2 BHK,988.0,3,1,56.83
Super built-up  Area,Under Construction,Bellandur,2 BHK,959.0,2,1,81.53
Super built-up  Area,Ready To Move,Yelahanka,3 BHK,1553.0,3,2,108.97
Super built-up  Area,Ready To Move,HSR Layout,3 BHK,1790.0,4,2,185.87
Super built-up  Area,Ready To Move,Hebbal,2 BHK,1287.0,2,2,122.97
Super built-up  Area,Ready To Move,Whitefield,2 BHK,1388.0,3,2,94.36
Super built-up  Area,Ready To Move,Sarjapur Road,2 BHK,953.0,3,1,63.23
Super built-up  Area,Ready To Move,Hebbal,2 BHK,1550.0,2,0,119.36
Super built-up  Area,Under Construction,Whitefield,3 BHK,1766.0,4,1,114.68
Super built-up  Area,Ready To Move,Electronic City,1 BHK,675.0,2,2,36.26
Super built-up  Area,Ready To Move,Indiranagar,2 BHK,1318.0,2,2,209.02
Built-up  Area,Under Construction,Thanisandra,3 BHK,1597.0,3,2,109.5
Super built-up  Area,Ready To Move,Other,2 BHK,1000.0,2,2,46.41
Super built-up  Area,Ready To Move,Marathahalli,3 BHK,1514.0,3,1,111.34
Super built-up  Area,Ready To Move,Koramangala,3 BHK,1746.0,4,2,202.91
Built-up  Area,Ready To Move,Hebbal,2 BHK,1421.0,2,1,142.89
Super built-up  Area,Under Construction,Koramangala,2 BHK,1290.0,3,1,168.92
Carpet  Area,Under Construction,Yelahanka,2 BHK,1309.0,3,2,91.26
Plot  Area,Ready To Move,Whitefield,2 BHK,1195.0,2,1,94.85
Built-up  Area,Ready To Move,Hebbal,2 BHK,1034.0,2,2,104.28
Plot  Area,Ready To Move,Yelahanka,3 BHK,1522.0,4,2,110.42
Super built-up  Area,Ready To Move,Sarjapur Road,3 BHK,1564.0,4,1,125.72
Super built-up  Area,Under Construction,Indiranagar,1 BHK,722.0,2,2,94.78
Built-up  Area,Under Construction,Indiranagar,3 BHK,2053.0,3,1,286.0
Built-up  Area,Ready To Move,Electronic City,1 BHK,448.0,1,3,26.33
Plot  Area,Under Construction,Sarjapur Road,3 BHK,2223.0,3,1,160.14
Built-up  Area,Ready To Move,Sarjapur Road,2 BHK,1565.0,2,3,105.88
Carpet  Area,Ready To Move,Whitefield,1 BHK,443.0,1,2,42.03
Super built-up  Area,Ready To Move,Whitefield,3 BHK,2202.0,3,3,151.97
Built-up  Area,Under Construction,Yelahanka,2 BHK,1157.0,2,2,73.33
Built-up  Area,Ready To Move,Electronic City,2 BHK,1436.0,3,1,87.7
Built-up  Area,Under Construction,HSR Layout,2 BHK,1361.0,3,0,127.96
Super built-up  Area,Ready To Move,Sarjapur Road,1 BHK,572.0,2,2,41.46
Built-up  Area,Ready To Move,Marathahalli,3 BHK,1369.0,3,2,98.79
Plot  Area,Ready To Move,Electronic City,3 BHK,1756.0,3,1,104.35
Super built-up  Area,Under Construction,Hebbal,1 BHK,719.0,1,2,63.34
Super built-up  Area,Ready To Move,Jayanagar,2 BHK,877.0,2,2,123.65
Super built-up  Area,Under Construction,Jayanagar,2 BHK,1204.0,3,2,147.45
Carpet  Area,Ready To Move,Electronic City,3 BHK,2130.0,3,1,149.11
Super built-up  Area,Ready To Move,Yelahanka,2 BHK,1421.0,2,1,97.11
Super built-up  Area,Under Construction,Hebbal,3 BHK,1694.0,3,2,138.43
Super built-up  Area,Ready To Move,HSR Layout,4 BHK,2283.0,4,1,224.69
Built-up  Area,Under Construction,Whitefield,2 BHK,1440.0,3,2,98.73
Super built-up  Area,Ready To Move,Whitefield,2 BHK,1069.0,3,2,82.37
Super built-up  Area,Ready To Move,Thanisandra,3 BHK,1797.0,3,2,129.25
Plot  Area,Ready To Move,HSR Layout,2 BHK,1435.0,3,3,164.4
Plot  Area,Under Construction,Hebbal,2 BHK,1035.0,2,1,97.27
Super built-up  Area,Ready To Move,Thanisandra,3 BHK,1559.0,4,2,104.21
Carpet  Area,Ready To Move,Thanisandra,3 BHK,1926.0,3,1,176.16
Built-up  Area,Ready To Move,Electronic City,2 BHK,972.0,2,1,56.83
Super built-up  Area,Ready To Move,Koramangala,2 BHK,1365.0,3,3,182.46
Super built-up  Area,Ready To Move,Whitefield,2 BHK,1455.0,2,2,103.82
Super built-up  Area,Ready To Move,Thanisandra,3 BHK,2171.0,4,2,150.65
Built-up  Area,Under Construction,Bellandur,3 BHK,1514.0,3,2,114.54
Super built-up  Area,Ready To Move,Marathahalli,3 BHK,2144.0,4,1,159.72
Super built-up  Area,Ready To Move,Whitefield,3 BHK,1641.0,3,3,119.92
Built-up  Area,Under Construction,Whitefield,2 BHK,1023.0,2,1,69.82
Super built-up  Area,Ready To Move,Electronic City,2 BHK,1055.0,3,3,56.13
Built-up  Area,Ready To Move,Electronic City,1 BHK,498.0,1,2,26.37
Built-up  Area,Under Construction,Electronic City,3 BHK,1720.0,4,1,75.73
Super built-up  Area,Under Construction,Rajaji Nagar,2 BHK,1100.0,2,2,126.06
Plot  Area,Ready To Move,Electronic City,3 BHK,1671.0,4,2,100.45
Super built-up  Area,Ready To Move,Electronic City,3 BHK,1933.0,3,1,106.24
Super built-up  Area,Ready To Move,Thanisandra,3 BHK,2201.0,3,1,164.12
Super built-up  Area,Under Construction,Hebbal,3 BHK,2101.0,4,2,174.24
Super built-up  Area,Ready To Move,Thanisandra,2 BHK,1042.0,2,0,69.25
Carpet  Area,Under Construction,Whitefield,2 BHK,871.0,3,1,71.44
Super built-up  Area,Ready To Move,HSR Layout,2 BHK,1018.0,3,1,88.81
Super built-up  Area,Ready To Move,Whitefield,2 BHK,1172.0,2,2,79.16
Plot  Area,Ready To Move,Whitefield,2 BHK,1071.0,2,2,85.29
Super built-up  Area,Ready To Move,Rajaji Nagar,2 BHK,923.0,2,3,113.03
Built-up  Area,Ready To Move,Whitefield,4 BHK,2265.0,5,3,171.49
Super built-up  Area,Under Construction,HSR Layout,2 BHK,1146.0,2,1,88.57
Built-up  Area,Under Construction,Hebbal,3 BHK,1803.0,4,2,140.56
Super built-up  Area,Ready To Move,Sarjapur Road,2 BHK,960.0,2,2,74.73
Super built-up  Area,Under Construction,Rajaji Nagar,4 BHK,2186.0,4,2,239.39
Super built-up  Area,Ready To Move,Whitefield,2 BHK,1012.0,3,2,72.56
Super built-up  Area,Ready To Move,Bellandur,2 BHK,936.0,2,2,66.15
Built-up  Area,Under Construction,Marathahalli,2 BHK,1314.0,2,1,86.72
Super built-up  Area,Ready To Move,Indiranagar,3 BHK,1706.0,3,2,257.01
Super built-up  Area,Under Construction,Marathahalli,2 BHK,1297.0,2,2,75.68
Super built-up  Area,Under Construction,Whitefield,3 BHK,1950.0,3,1,113.02
Built-up  Area,Ready To Move,Hebbal,3 BHK,2143.0,4,2,182.28
Built-up  Area,Ready To Move,Electronic City,2 BHK,980.0,2,0,56.79
Super built-up  Area,Ready To Move,Thanisandra,1 BHK,725.0,1,3,55.87
Super built-up  Area,Under Construction,Other,3 BHK,1824.0,4,1,82.13
Super built-up  Area,Ready To Move,Electronic City,2 BHK,1509.0,2,2,74.97
Super built-up  Area,Ready To Move,Bellandur,3 BHK,1927.0,4,2,159.52
Super built-up  Area,Ready To Move,Electronic City,2 BHK,1329.0,3,2,67.98
Super built-up  Area,Ready To Move,Indiranagar,3 BHK,2010.0,4,2,358.36
Super built-up  Area,Under Construction,Hebbal,3 BHK,2037.0,3,1,187.97
Plot  Area,Ready To Move,Other,3 BHK,1882.0,4,0,131.81
Super built-up  Area,Under Construction,Koramangala,2 BHK,1131.0,2,2,154.42
Built-up  Area,Ready To Move,Sarjapur Road,3 BHK,1546.0,3,2,104.26
Super built-up  Area,Ready To Move,Whitefield,3 BHK,2087.0,3,2,145.25
Plot  Area,Ready To Move,Electronic City,2 BHK,1288.0,2,2,73.46
Super built-up  Area,Under Construction,Electronic City,3 BHK,2192.0,4,3,105.97
Super built-up  Area,Ready To Move,Electronic City,2 BHK,1275.0,3,1,63.4
Plot  Area,Ready To Move,Jayanagar,4 BHK,2040.0,4,2,314.01
Super built-up  Area,Ready To Move,Indiranagar,3 BHK,2291.0,3,1,329.59
Super built-up  Area,Ready To Move,HSR Layout,2 BHK,1053.0,3,2,115.51
Super built-up  Area,Ready To Move,Whitefield,2 BHK,1501.0,2,3,114.01
Built-up  Area,Ready To Move,Jayanagar,5 BHK,2610.0,6,0,416.94
Super built-up  Area,Ready To Move,Thanisandra,2 BHK,1326.0,3,2,74.54
Plot  Area,Ready To Move,Whitefield,4 BHK,2233.0,4,1,182.64
Super built-up  Area,Under Construction,Bellandur,3 BHK,1941.0,3,2,136.63
Super built-up  Area,Ready To Move,HSR Layout,1 BHK,721.0,1,2,62.97
Super built-up  Area,Ready To Move,Whitefield,2 BHK,1541.0,2,2,101.4
Super built-up  Area,Ready To Move,Hebbal,2 BHK,1484.0,2,1,134.55
Super built-up  Area,Ready To Move,HSR Layout,3 BHK,2303.0,4,2,223.97
Built-up  Area,Ready To Move,Electronic City,2 BHK,1146.0,3,2,61.11
Super built-up  Area,Ready To Move,Marathahalli,2 BHK,1178.0,2,1,83.82
Super built-up  Area,Ready To Move,Jayanagar,4 BHK,2516.0,4,1,338.42
Built-up  Area,Ready To Move,Bellandur,1 BHK,594.0,2,1,53.78
Built-up  Area,Ready To Move,Hebbal,2 BHK,920.0,2,1,95.34
Built-up  Area,Under Construction,Hebbal,2 BHK,837.0,2,2,79.39
Built-up  Area,Under Construction,Bellandur,1 BHK,928.0,2,2,89.64
Super built-up  Area,Under Construction,HSR Layout,1 BHK,849.0,1,2,75.17
Plot  Area,Ready To Move,Whitefield,2 BHK,1411.0,3,2,105.75
Super built-up  Area,Ready To Move,HSR Layout,2 BHK,852.0,2,2,85.4
Super built-up  Area,Under Construction,Yelahanka,2 BHK,1330.0,3,2,91.07
Built-up  Area,Ready To Move,Hebbal,3 BHK,2105.0,4,2,203.39
Plot  Area,Ready To Move,Whitefield,3 BHK,2087.0,3,2,148.42
Built-up  Area,Ready To Move,Yelahanka,2 BHK,1087.0,2,1,68.07
Super built-up  Area,Ready To Move,Electronic City,2 BHK,925.0,3,0,45.46
Super built-up  Area,Under Construction,Electronic City,2 BHK,1292.0,2,1,68.06
Super built-up  Area,Under Construction,Electronic City,2 BHK,1300.0,3,2,68.59
Plot  Area,Under Construction,Sarjapur Road,2 BHK,1390.0,2,0,90.24
Super built-up  Area,Under Construction,Thanisandra,4 BHK,2387.0,5,2,164.22
Built-up  Area,Ready To Move,HSR Layout,2 BHK,1434.0,2,2,162.03
Super built-up  Area,Ready To Move,Electronic City,2 BHK,1244.0,2,2,67.81
Built-up  Area,Ready To Move,Jayanagar,3 BHK,1737.0,3,2,231.95
Plot  Area,Ready To Move,Jayanagar,3 BHK,1683.0,3,0,249.48
Super built-up  Area,Ready To Move,Jayanagar,4 BHK,2563.0,4,1,363.3
Super built-up  Area,Ready To Move,Electronic City,2 BHK,1530.0,2,3,70.28
Built-up  Area,Under Construction,Hebbal,1 BHK,605.0,2,2,57.36
Super built-up  Area,Ready To Move,Other,2 BHK,1102.0,3,2,66.5
Built-up  Area,Ready To Move,Thanisandra,2 BHK,1126.0,3,2,77.15
Super built-up  Area,Ready To Move,Whitefield,2 BHK,1145.0,3,2,79.95
Super built-up  Area,Ready To Move,Whitefield,3 BHK,2202.0,3,3,155.69
Built-up  Area,Ready To Move,Hebbal,3 BHK,1610.0,3,2,174.94
Super built-up  Area,Under Construction,Rajaji Nagar,2 BHK,1392.0,3,1,146.26
Plot  Area,Ready To Move,HSR Layout,1 BHK,537.0,2,2,59.57
Super built-up  Area,Ready To Move,HSR Layout,3 BHK,1506.0,4,2,152.85
Built-up  Area,Ready To Move,Whitefield,2 BHK,1097.0,2,1,86.54
Super built-up  Area,Ready To Move,Bellandur,4 BHK,2463.0,4,1,155.78
Super built-up  Area,Ready To Move,Yelahanka,3 BHK,2045.0,3,0,133.97
Super built-up  Area,Under Construction,Sarjapur Road,5 BHK,3401.0,5,2,232.94
Built-up  Area,Under Construction,Thanisandra,3 BHK,2092.0,3,2,126.49
Super built-up  Area,Ready To Move,Marathahalli,2 BHK,1491.0,2,2,89.37
Plot  Area,Ready To Move,Electronic City,3 BHK,1408.0,3,1,72.51
Super built-up  Area,Ready To Move,HSR Layout,2 BHK,901.0,2,1,81.31
Built-up  Area,Ready To Move,Electronic City,2 BHK,1205.0,2,1,71.38
Built-up  Area,Ready To Move,Yelahanka,2 BHK,1091.0,2,2,76.57
Super built-up  Area,Ready To Move,Indiranagar,2 BHK,1076.0,3,2,144.44
Super built-up  Area,Under Construction,Koramangala,1 BHK,579.0,2,2,76.93
Super built-up  Area,Ready To Move,Yelahanka,2 BHK,1005.0,3,1,67.73
Super built-up  Area,Ready To Move,Sarjapur Road,2 BHK,1074.0,2,2,70.1
Super built-up  Area,Ready To Move,Rajaji Nagar,4 BHK,2688.0,5,2,318.46
Built-up  Area,Ready To Move,HSR Layout,2 BHK,1458.0,3,1,153.13
Super built-up  Area,Ready To Move,Electronic City,2 BHK,1301.0,2,1,63.35
Built-up  Area,Under Construction,Bellandur,2 BHK,1439.0,2,3,122.47
Plot  Area,Ready To Move,Yelahanka,2 BHK,1296.0,2,2,86.0
Super built-up  Area,Ready To Move,Sarjapur Road,3 BHK,1592.0,4,2,103.33
Super built-up  Area,Ready To Move,Jayanagar,3 BHK,1935.0,3,2,228.08
Super built-up  Area,Ready To Move,Rajaji Nagar,2 BHK,1254.0,2,2,153.0
Plot  Area,Ready To Move,Electronic City,2 BHK,897.0,2,3,50.59
Super built-up  Area,Ready To Move,Other,3 BHK,1513.0,3,2,80.09
Super built-up  Area,Ready To Move,Whitefield,1 BHK,774.0,2,0,49.56
Carpet  Area,Ready To Move,Electronic City,2 BHK,886.0,2,1,55.03
Super built-up  Area,Under Construction,Electronic City,3 BHK,1790.0,4,1,83.77
Built-up  Area,Ready To Move,Rajaji Nagar,3 BHK,2087.0,3,2,277.79
Super built-up  Area,Ready To Move,Bellandur,1 BHK,584.0,1,2,43.37
Super built-up  Area,Ready To Move,Electronic City,2 BHK,1059.0,2,2,57.87
Built-up  Area,Ready To Move,Hebbal,3 BHK,1839.0,4,2,158.58
Super built-up  Area,Ready To Move,Koramangala,2 BHK,920.0,3,1,137.37
Built-up  Area,Ready To Move,Whitefield,3 BHK,2353.0,3,3,179.74
Super built-up  Area,Ready To Move,Rajaji Nagar,1 BHK,606.0,1,2,77.17
Plot  Area,Under Construction,Yelahanka,2 BHK,1228.0,3,1,85.7
Super built-up  Area,Ready To Move,HSR Layout,2 BHK,1564.0,2,2,138.25
Super built-up  Area,Under Construction,Marathahalli,4 BHK,2162.0,4,2,147.41
Super built-up  Area,Under Construction,Hebbal,3 BHK,1341.0,3,1,123.3
Super built-up  Area,Ready To Move,Other,3 BHK,1620.0,3,1,85.28
Super built-up  Area,Ready To Move,Bellandur,2 BHK,1323.0,3,0,97.46
Super built-up  Area,Ready To Move,Koramangala,3 BHK,1658.0,3,1,217.16
Super built-up  Area,Ready To Move,Electronic City,3 BHK,1727.0,4,2,87.37
Super built-up  Area,Ready To Move,Rajaji Nagar,2 BHK,1216.0,2,2,131.45
Super built-up  Area,Ready To Move,Hebbal,5 BHK,2804.0,5,2,239.47
Super built-up  Area,Under Construction,Electronic City,3 BHK,1493.0,3,1,73.19
Super built-up  Area,Ready To Move,Whitefield,4 BHK,1933.0,4,2,157.01
Carpet  Area,Ready To Move,Indiranagar,3 BHK,1619.0,3,2,310.04
Super built-up  Area,Ready To Move,HSR Layout,3 BHK,1757.0,4,1,162.21
Super built-up  Area,Ready To Move,Thanisandra,4 BHK,2952.0,5,3,211.75
Super built-up  Area,Under Construction,Rajaji Nagar,2 BHK,1349.0,2,0,142.17
Plot  Area,Ready To Move,Whitefield,3 BHK,1389.0,4,1,110.1
Super built-up  Area,Ready To Move,Thanisandra,2 BHK,1423.0,2,2,106.96
Built-up  Area,Under Construction,Electronic City,3 BHK,1783.0,4,1,91.67
Super built-up  Area,Under Construction,Jayanagar,3 BHK,2154.0,4,3,255.5
Super built-up  Area,Under Construction,Yelahanka,3 BHK,1967.0,4,3,117.45
Built-up  Area,Under Construction,HSR Layout,3 BHK,1777.0,4,2,198.94
Super built-up  Area,Ready To Move,Thanisandra,2 BHK,1219.0,3,1,83.61
Super built-up  Area,Ready To Move,Sarjapur Road,2 BHK,797.0,2,2,61.52
Built-up  Area,Ready To Move,Hebbal,1 BHK,743.0,2,3,92.66
Super built-up  Area,Ready To Move,Yelahanka,2 BHK,1433.0,2,3,90.24
Plot  Area,Ready To Move,Hebbal,3 BHK,1558.0,4,1,153.0
Super built-up  Area,Under Construction,Sarjapur Road,2 BHK,818.0,2,0,52.2
Built-up  Area,Ready To Move,HSR Layout,2 BHK,1270.0,2,3,130.17
Built-up  Area,Under Construction,Yelahanka,2 BHK,1143.0,2,0,72.16
Super built-up  Area,Ready To Move,Sarjapur Road,2 BHK,906.0,2,2,64.98
Built-up  Area,Ready To Move,Electronic City,3 BHK,1771.0,3,1,103.04
Super built-up  Area,Ready To Move,Thanisandra,3 BHK,2179.0,3,1,149.43
Super built-up  Area,Ready To Move,Yelahanka,1 BHK,710.0,1,1,41.66
Super built-up  Area,Ready To Move,Whitefield,3 BHK,2096.0,3,2,146.06
Super built-up  Area,Ready To Move,Electronic City,2 BHK,1087.0,3,0,57.19
Built-up  Area,Ready To Move,Whitefield,3 BHK,2128.0,3,1,161.43
Super built-up  Area,Under Construction,Sarjapur Road,2 BHK,1205.0,2,1,68.53
Carpet  Area,Ready To Move,Hebbal,5 BHK,2564.0,6,2,301.0
Super built-up  Area,Ready To Move,Thanisandra,1 BHK,532.0,2,1,34.57
Super built-up  Area,Ready To Move,Bellandur,3 BHK,2098.0,4,0,177.74
Super built-up  Area,Ready To Move,Koramangala,2 BHK,1275.0,2,3,172.34
Super built-up  Area,Under Construction,Sarjapur Road,1 BHK,372.0,2,2,24.07
Built-up  Area,Ready To Move,Jayanagar,1 BHK,366.0,2,2,55.93
Built-up  Area,Under Construction,Hebbal,2 BHK,1316.0,2,1,135.7
Built-up  Area,Ready To Move,Other,3 BHK,1464.0,4,2,92.54
Plot  Area,Ready To Move,Koramangala,1 BHK,701.0,2,2,112.39
Super built-up  Area,Under Construction,Whitefield,3 BHK,1737.0,3,1,108.48
Super built-up  Area,Under Construction,Bellandur,3 BHK,2205.0,4,1,159.05
Built-up  Area,Under Construction,Sarjapur Road,2 BHK,1101.0,3,1,91.27
Super built-up  Area,Ready To Move,Bellandur,1 BHK,637.0,1,1,49.61
Super built-up  Area,Ready To Move,Whitefield,3 BHK,1400.0,3,2,91.25
Super built-up  Area,Ready To Move,Electronic City,2 BHK,1353.0,2,0,65.71
Super built-up  Area,Under Construction,Jayanagar,1 BHK,673.0,1,0,73.91
Super built-up  Area,Under Construction,Electronic City,3 BHK,1397.0,3,3,76.36
Built-up  Area,Ready To Move,Yelahanka,2 BHK,1211.0,2,2,75.59
Super built-up  Area,Ready To Move,Electronic City,2 BHK,1110.0,3,1,60.8
Super built-up  Area,Ready To Move,Koramangala,1 BHK,682.0,2,0,95.14
Super built-up  Area,Ready To Move,Bellandur,5 BHK,2452.0,5,1,221.05
Plot  Area,Ready To Move,HSR Layout,2 BHK,1269.0,2,1,152.81
Carpet  Area,Ready To Move,Sarjapur Road,5 BHK,3635.0,5,1,319.3
Built-up  Area,Under Construction,Electronic City,2 BHK,1231.0,2,1,56.3
Super built-up  Area,Ready To Move,Whitefield,2 BHK,976.0,2,2,62.08
Plot  Area,Ready To Move,Sarjapur Road,3 BHK,2057.0,3,1,143.06
Built-up  Area,Ready To Move,Bellandur,2 BHK,1444.0,2,0,127.77
Built-up  Area,Ready To Move,Marathahalli,2 BHK,1040.0,2,2,82.27
Built-up  Area,Ready To Move,Jayanagar,1 BHK,613.0,2,1,97.18
Super built-up  Area,Under Construction,Thanisandra,4 BHK,2601.0,4,1,153.72
Super built-up  Area,Ready To Move,Yelahanka,1 BHK,528.0,1,2,33.99
Super built-up  Area,Ready To Move,Bellandur,3 BHK,1813.0,3,1,143.54
Super built-up  Area,Under Construction,Electronic City,2 BHK,1553.0,2,1,70.73
Built-up  Area,Ready To Move,Rajaji Nagar,1 BHK,839.0,2,2,127.71
Plot  Area,Ready To Move,Bellandur,1 BHK,566.0,1,1,50.31
Built-up  Area,Ready To Move,Indiranagar,4 BHK,2718.0,5,2,436.03
Super built-up  Area,Ready To Move,Whitefield,3 BHK,2086.0,3,2,134.48
Super built-up  Area,Ready To Move,Hebbal,3 BHK,1440.0,3,3,134.79
Super built-up  Area,Ready To Move,Hebbal,2 BHK,1394.0,2,1,126.78
Super built-up  Area,Under Construction,Jayanagar,2 BHK,1392.0,2,2,198.41
Super built-up  Area,Ready To Move,HSR Layout,3 BHK,1662.0,3,2,139.53
Super built-up  Area,Ready To Move,Sarjapur Road,3 BHK,1724.0,3,2,131.62
Super built-up  Area,Ready To Move,Other,3 BHK,2059.0,3,1,109.41
Carpet  Area,Ready To Move,Whitefield,2 BHK,1270.0,3,3,104.18
Super built-up  Area,Ready To Move,Hebbal,5 BHK,3242.0,5,3,323.83
Built-up  Area,Under Construction,Whitefield,1 BHK,685.0,1,1,49.3
Super built-up  Area,Ready To Move,Thanisandra,1 BHK,595.0,1,3,41.81
Super built-up  Area,Ready To Move,Rajaji Nagar,3 BHK,2121.0,3,1,233.28
Built-up  Area,Under Construction,Electronic City,3 BHK,1779.0,3,1,90.1
Built-up  Area,Ready To Move,Jayanagar,2 BHK,1193.0,3,2,150.98
Super built-up  Area,Ready To Move,Sarjapur Road,3 BHK,2280.0,3,2,172.66
Super built-up  Area,Ready To Move,Rajaji Nagar,2 BHK,1258.0,2,1,153.36
Super built-up  Area,Ready To Move,Thanisandra,1 BHK,727.0,2,3,54.63
Built-up  Area,Ready To Move,Yelahanka,3 BHK,1927.0,4,1,144.94
Plot  Area,Ready To Move,Whitefield,2 BHK,850.0,2,2,68.31
Super built-up  Area,Ready To Move,Marathahalli,1 BHK,564.0,1,1,33.33
Super built-up  Area,Ready To Move,Thanisandra,2 BHK,1216.0,3,1,92.64
Plot  Area,Ready To Move,Sarjapur Road,2 BHK,1082.0,2,1,80.21
Super built-up  Area,Ready To Move,Yelahanka,1 BHK,559.0,1,3,41.93
Built-up  Area,Ready To Move,Electronic City,3 BHK,2165.0,3,2,103.96
Super built-up  Area,Ready To Move,Jayanagar,2 BHK,1260.0,3,2,149.38
Super built-up  Area,Ready To Move,Whitefield,2 BHK,1149.0,2,2,82.69
Super built-up  Area,Ready To Move,Bellandur,3 BHK,1943.0,3,2,162.86
Super built-up  Area,Ready To Move,HSR Layout,3 BHK,1848.0,3,1,176.26
Super built-up  Area,Ready To Move,Whitefield,3 BHK,1359.0,4,1,98.0
Built-up  Area,Ready To Move,Electronic City,2 BHK,1266.0,2,0,76.73
Built-up  Area,Ready To Move,Whitefield,1 BHK,679.0,1,1,49.54
Built-up  Area,Under Construction,Hebbal,3 BHK,1896.0,4,2,184.81
Super built-up  Area,Ready To Move,Sarjapur Road,2 BHK,1329.0,3,2,96.61
Super built-up  Area,Under Construction,Indiranagar,1 BHK,596.0,2,1,90.14
Super built-up  Area,Under Construction,Sarjapur Road,3 BHK,1881.0,4,0,124.83
Built-up  Area,Under Construction,Sarjapur Road,2 BHK,1552.0,2,2,118.65
Super built-up  Area,Under Construction,Thanisandra,5 BHK,3382.0,5,0,204.01
Super built-up  Area,Ready To Move,Whitefield,3 BHK,2239.0,3,2,146.27
Super built-up  Area,Ready To Move,Rajaji Nagar,3 BHK,1799.0,3,2,207.31
Super built-up  Area,Ready To Move,Jayanagar,3 BHK,2103.0,4,2,301.37
Super built-up  Area,Ready To Move,Bellandur,2 BHK,1404.0,2,1,133.43
Built-up  Area,Ready To Move,Indiranagar,3 BHK,1657.0,3,1,265.51
Plot  Area,Ready To Move,Rajaji Nagar,3 BHK,1794.0,4,1,227.51
Plot  Area,Ready To Move,Electronic City,1 BHK,482.0,1,0,26.84
Plot  Area,Ready To Move,Whitefield,4 BHK,2807.0,4,3,228.74
Plot  Area,Ready To Move,Electronic City,3 BHK,2036.0,3,1,130.02
Super built-up  Area,Ready To Move,Yelahanka,4 BHK,2038.0,5,2,132.64
Super built-up  Area,Ready To Move,Whitefield,3 BHK,2191.0,3,0,129.98
Built-up  Area,Under Construction,Indiranagar,2 BHK,1176.0,2,2,170.99
Super built-up  Area,Under Construction,Other,2 BHK,1409.0,3,1,70.9
Super built-up  Area,Under Construction,Jayanagar,2 BHK,1078.0,3,2,146.5
Super built-up  Area,Ready To Move,HSR Layout,2 BHK,777.0,2,3,74.11
Super built-up  Area,Under Construction,Whitefield,2 BHK,976.0,2,2,66.38
Super built-up  Area,Ready To Move,Yelahanka,2 BHK,1293.0,2,2,80.01
Super built-up  Area,Under Construction,Indiranagar,3 BHK,1827.0,3,1,235.6
Super built-up  Area,Ready To Move,Whitefield,2 BHK,1288.0,2,1,80.53
Plot  Area,Ready To Move,Whitefield,2 BHK,1252.0,3,1,101.73
Super built-up  Area,Ready To Move,Rajaji Nagar,2 BHK,1123.0,2,2,154.25
Plot  Area,Ready To Move,Bellandur,3 BHK,1506.0,3,3,149.24
Super built-up  Area,Ready To Move,Yelahanka,5 BHK,2586.0,6,1,155.46
Super built-up  Area,Ready To Move,Jayanagar,3 BHK,2243.0,3,0,312.27
Super built-up  Area,Ready To Move,Indiranagar,1 BHK,669.0,2,2,107.34
Super built-up  Area,Ready To Move,HSR Layout,2 BHK,1101.0,2,1,110.55
Built-up  Area,Ready To Move,Hebbal,3 BHK,1636.0,4,0,153.36
Built-up  Area,Ready To Move,Sarjapur Road,2 BHK,1435.0,2,1,106.09
Built-up  Area,Ready To Move,Hebbal,4 BHK,2436.0,4,2,260.7
Plot  Area,Ready To Move,Thanisandra,1 BHK,725.0,2,2,61.83
Super built-up  Area,Ready To Move,Koramangala,2 BHK,1098.0,2,2,155.22
Super built-up  Area,Ready To Move,Rajaji Nagar,2 BHK,1187.0,2,3,144.8
Super built-up  Area,Ready To Move,Hebbal,3 BHK,1315.0,3,2,127.85
Super built-up  Area,Ready To Move,Koramangala,2 BHK,1356.0,2,2,192.76
Super built-up  Area,Ready To Move,Koramangala,2 BHK,1398.0,3,1,224.03
Super built-up  Area,Under Construction,Indiranagar,2 BHK,1184.0,2,1,171.53
Super built-up  Area,Under Construction,Bellandur,2 BHK,919.0,2,2,67.23
Super built-up  Area,Ready To Move,Electronic City,5 BHK,2622.0,5,2,130.2
Super built-up  Area,Ready To Move,HSR Layout,2 BHK,1029.0,3,1,101.76
Built-up  Area,Ready To Move,Whitefield,2 BHK,1107.0,2,2,81.91
Super built-up  Area,Ready To Move,Sarjapur Road,2 BHK,1210.0,3,0,90.34
Built-up  Area,Ready To Move,HSR Layout,2 BHK,1291.0,2,3,130.78
Built-up  Area,Under Construction,Bellandur,2 BHK,1410.0,2,0,104.75
Super built-up  Area,Ready To Move,Marathahalli,2 BHK,1489.0,2,0,87.48
Super built-up  Area,Ready To Move,Koramangala,3 BHK,1882.0,3,1,274.2
Super built-up  Area,Ready To Move,Thanisandra,3 BHK,1574.0,3,2,107.53
Built-up  Area,Ready To Move,HSR Layout,2 BHK,1332.0,2,1,140.95
Built-up  Area,Ready To Move,Koramangala,3 BHK,1607.0,3,1,230.61
Super built-up  Area,Ready To Move,Whitefield,4 BHK,2811.0,5,1,192.95
Super built-up  Area,Ready To Move,Electronic City,2 BHK,1047.0,3,1,57.38
Carpet  Area,Ready To Move,Sarjapur Road,1 BHK,610.0,1,2,58.56
Super built-up  Area,Ready To Move,Hebbal,3 BHK,2018.0,3,1,194.07
Built-up  Area,Under Construction,Whitefield,3 BHK,1992.0,4,2,125.59
Super built-up  Area,Under Construction,Whitefield,2 BHK,1360.0,2,2,91.88
Super built-up  Area,Under Construction,Electronic City,2 BHK,1164.0,2,3,61.43
Built-up  Area,Ready To Move,Other,2 BHK,1094.0,3,1,64.09
Built-up  Area,Ready To Move,Sarjapur Road,2 BHK,1094.0,3,2,84.12
Built-up  Area,Under Construction,HSR Layout,3 BHK,1515.0,3,1,144.99
Super built-up  Area,Ready To Move,Electronic City,3 BHK,1538.0,3,3,90.41
Super built-up  Area,Ready To Move,Koramangala,3 BHK,1655.0,3,2,279.13
Built-up  Area,Ready To Move,Electronic City,2 BHK,1186.0,2,0,72.79
Super built-up  Area,Ready To Move,Electronic City,2 BHK,827.0,2,0,40.79
Super built-up  Area,Ready To Move,HSR Layout,3 BHK,1689.0,3,2,155.14
Plot  Area,Ready To Move,Whitefield,2 BHK,1293.0,2,1,90.74
Super built-up  Area,Ready To Move,Whitefield,3 BHK,1701.0,3,0,123.73
Super built-up  Area,Ready To Move,Electronic City,3 BHK,2180.0,3,3,121.56
Built-up  Area,Ready To Move,Whitefield,3 BHK,1433.0,4,1,112.78
Carpet  Area,Ready To Move,Whitefield,3 BHK,2189.0,3,1,183.55
Super built-up  Area,Ready To Move,Sarjapur Road,3 BHK,1750.0,3,0,107.29
Super built-up  Area,Ready To Move,Yelahanka,2 BHK,958.0,2,2,63.78
Built-up  Area,Ready To Move,Indiranagar,3 BHK,1687.0,3,2,255.29
Built-up  Area,Ready To Move,HSR Layout,2 BHK,960.0,2,2,105.17
Built-up  Area,Ready To Move,Sarjapur Road,4 BHK,2749.0,4,1,202.39
Super built-up  Area,Ready To Move,Marathahalli,2 BHK,1407.0,2,2,84.32
Super built-up  Area,Ready To Move,Sarjapur Road,2 BHK,1073.0,2,1,75.96
Super built-up  Area,Ready To Move,Whitefield,3 BHK,1940.0,4,1,119.3
Plot  Area,Ready To Move,Koramangala,3 BHK,2157.0,4,0,351.06
Plot  Area,Ready To Move,Whitefield,3 BHK,1711.0,3,2,135.66
Super built-up  Area,Under Construction,Sarjapur Road,1 BHK,474.0,2,1,32.29
Super built-up  Area,Ready To Move,HSR Layout,3 BHK,1673.0,4,0,179.32
Super built-up  Area,Ready To Move,Jayanagar,2 BHK,1279.0,2,2,179.58
Carpet  Area,Ready To Move,HSR Layout,2 BHK,1156.0,3,1,153.53
Built-up  Area,Under Construction,Bellandur,3 BHK,1786.0,3,1,129.25
Super built-up  Area,Ready To Move,Other,3 BHK,1572.0,3,1,87.24
Super built-up  Area,Ready To Move,Whitefield,2 BHK,1301.0,2,2,85.83
Super built-up  Area,Under Construction,Electronic City,2 BHK,989.0,3,2,55.15
Super built-up  Area,Ready To Move,Sarjapur Road,3 BHK,1465.0,3,1,107.04
Built-up  Area,Ready To Move,Hebbal,3 BHK,1454.0,3,1,156.15
Built-up  Area,Ready To Move,Hebbal,2 BHK,1151.0,2,0,112.14
Super built-up  Area,Ready To Move,Rajaji Nagar,3 BHK,2159.0,3,2,285.2
Super built-up  Area,Ready To Move,Thanisandra,3 BHK,1778.0,4,2,132.21
Plot  Area,Ready To Move,Koramangala,2 BHK,951.0,3,3,174.31
Super built-up  Area,Under Construction,Sarjapur Road,1 BHK,452.0,1,1,30.65
Super built-up  Area,Ready To Move,Yelahanka,2 BHK,1229.0,2,0,73.89
Plot  Area,Ready To Move,Marathahalli,3 BHK,2005.0,3,1,145.27
Built-up  Area,Ready To Move,Yelahanka,2 BHK,1193.0,2,2,87.97
Built-up  Area,Under Construction,Whitefield,3 BHK,2102.0,4,2,137.27
Super built-up  Area,Ready To Move,Koramangala,3 BHK,2055.0,4,2,296.79
Super built-up  Area,Under Construction,Whitefield,3 BHK,1634.0,4,3,124.75
Super built-up  Area,Ready To Move,Electronic City,1 BHK,535.0,2,2,33.35
Super built-up  Area,Under Construction,Whitefield,1 BHK,723.0,1,3,51.83
Built-up  Area,Ready To Move,Koramangala,3 BHK,1479.0,4,1,246.46
Super built-up  Area,Under Construction,Bellandur,3 BHK,1791.0,3,2,138.17
Built-up  Area,Ready To Move,Whitefield,2 BHK,949.0,2,1,79.8
Super built-up  Area,Ready To Move,Sarjapur Road,2 BHK,1287.0,3,1,79.08
Super built-up  Area,Ready To Move,Hebbal,3 BHK,2084.0,4,2,185.16
Carpet  Area,Ready To Move,Sarjapur Road,1 BHK,649.0,1,1,53.32
Super built-up  Area,Ready To Move,Whitefield,3 BHK,1816.0,3,1,131.49
Super built-up  Area,Under Construction,Hebbal,2 BHK,1405.0,3,2,119.02
Super built-up  Area,Ready To Move,Thanisandra,3 BHK,1863.0,3,1,119.67
Super built-up  Area,Ready To Move,Whitefield,2 BHK,952.0,2,2,72.89
Super built-up  Area,Ready To Move,Whitefield,3 BHK,2141.0,3,2,135.59
Super built-up  Area,Ready To Move,Sarjapur Road,2 BHK,1353.0,2,1,89.03
Built-up  Area,Under Construction,Marathahalli,2 BHK,1442.0,2,0,80.17
Built-up  Area,Under Construction,Bellandur,2 BHK,1179.0,3,2,95.32
Super built-up  Area,Under Construction,Bellandur,3 BHK,1420.0,4,3,101.29
Super built-up  Area,Ready To Move,Sarjapur Road,2 BHK,1210.0,2,3,84.59
Super built-up  Area,Ready To Move,Indiranagar,2 BHK,1329.0,2,2,187.83
Super built-up  Area,Ready To Move,Whitefield,5 BHK,3072.0,5,1,216.54
Super built-up  Area,Ready To Move,Koramangala,2 BHK,1586.0,2,2,206.01
Built-up  Area,Under Construction,Rajaji Nagar,1 BHK,734.0,1,2,80.34
Super built-up  Area,Ready To Move,Koramangala,3 BHK,1890.0,3,2,266.4
Built-up  Area,Ready To Move,Jayanagar,3 BHK,1672.0,3,3,245.19
Plot  Area,Ready To Move,Thanisandra,2 BHK,1276.0,2,2,98.76
Built-up  Area,Ready To Move,Whitefield,3 BHK,1591.0,4,2,127.22
Super built-up  Area,Ready To Move,Rajaji Nagar,2 BHK,1184.0,2,2,132.33
Super built-up  Area,Under Construction,Whitefield,2 BHK,1309.0,3,2,77.99
Plot  Area,Ready To Move,HSR Layout,2 BHK,1125.0,3,1,114.69
Super built-up  Area,Under Construction,Whitefield,2 BHK,1200.0,2,1,82.65
Built-up  Area,Ready To Move,Whitefield,2 BHK,1418.0,2,2,108.24
Super built-up  Area,Ready To Move,Hebbal,2 BHK,1303.0,3,1,127.07
Super built-up  Area,Ready To Move,Sarjapur Road,2 BHK,1073.0,3,2,80.88
Built-up  Area,Ready To Move,HSR Layout,2 BHK,1114.0,2,2,118.73
Built-up  Area,Ready To Move,Indiranagar,2 BHK,1227.0,2,0,199.12
Built-up  Area,Ready To Move,Whitefield,2 BHK,871.0,2,1,65.81
Plot  Area,Ready To Move,Whitefield,2 BHK,1187.0,2,2,99.35
Super built-up  Area,Ready To Move,Indiranagar,2 BHK,1520.0,2,2,199.91
Super built-up  Area,Ready To Move,Sarjapur Road,3 BHK,2179.0,4,1,174.26
Plot  Area,Ready To Move,Thanisandra,3 BHK,1538.0,4,0,115.38
Super built-up  Area,Under Construction,Bellandur,3 BHK,1762.0,3,2,135.52
Built-up  Area,Under Construction,Jayanagar,3 BHK,1652.0,3,2,235.74
Super built-up  Area,Ready To Move,Bellandur,2 BHK,900.0,2,1,86.6
Super built-up  Area,Ready To Move,Hebbal,3 BHK,1592.0,4,2,150.7
Super built-up  Area,Ready To Move,Bellandur,3 BHK,1516.0,3,2,113.35
Super built-up  Area,Ready To Move,Electronic City,1 BHK,493.0,2,2,28.7
Plot  Area,Ready To Move,Sarjapur Road,3 BHK,1489.0,3,1,113.32
Built-up  Area,Ready To Move,Yelahanka,1 BHK,635.0,2,2,50.79
Super built-up  Area,Ready To Move,Hebbal,2 BHK,1180.0,3,1,125.1
Super built-up  Area,Ready To Move,Yelahanka,2 BHK,1150.0,3,1,65.54
Super built-up  Area,Under Construction,Yelahanka,3 BHK,1914.0,3,3,124.0
Super built-up  Area,Ready To Move,Jayanagar,3 BHK,2255.0,4,2,330.48
Super built-up  Area,Ready To Move,Rajaji Nagar,4 BHK,2454.0,4,3,264.62
Super built-up  Area,Ready To Move,Hebbal,2 BHK,1190.0,3,2,102.95
Super built-up  Area,Ready To Move,Sarjapur Road,3 BHK,2055.0,4,2,136.86
Super built-up  Area,Ready To Move,Indiranagar,1 BHK,350.0,1,2,51.58
Super built-up  Area,Under Construction,Sarjapur Road,2 BHK,1496.0,2,2,102.82
Super built-up  Area,Ready To Move,Koramangala,3 BHK,1407.0,3,2,211.27
Super built-up  Area,Ready To Move,Bellandur,2 BHK,1140.0,3,1,88.3
Super built-up  Area,Ready To Move,Bellandur,1 BHK,407.0,1,1,32.38
Super built-up  Area,Ready To Move,Sarjapur Road,2 BHK,997.0,2,2,72.4
Plot  Area,Ready To Move,Electronic City,2 BHK,994.0,3,3,58.58
Super built-up  Area,Ready To Move,Hebbal,2 BHK,1330.0,3,3,116.8
Plot  Area,Ready To Move,Whitefield,2 BHK,1047.0,3,1,81.37
Super built-up  Area,Ready To Move,Rajaji Nagar,2 BHK,1551.0,3,2,173.94
Plot  Area,Ready To Move,Sarjapur Road,2 BHK,1056.0,3,2,101.12
Super built-up  Area,Ready To Move,Electronic City,1 BHK,538.0,1,1,29.78
Built-up  Area,Ready To Move,Whitefield,3 BHK,2062.0,3,2,161.95
Super built-up  Area,Ready To Move,Koramangala,3 BHK,1541.0,4,2,198.29
Built-up  Area,Ready To Move,Koramangala,3 BHK,1589.0,3,2,233.15
Super built-up  Area,Under Construction,Sarjapur Road,3 BHK,1289.0,3,2,75.58
Super built-up  Area,Ready To Move,Whitefield,2 BHK,1249.0,2,0,93.13
Built-up  Area,Ready To Move,Hebbal,3 BHK,1893.0,3,1,170.06
Super built-up  Area,Under Construction,Sarjapur Road,4 BHK,2118.0,4,2,130.01
Plot  Area,Ready To Move,Bellandur,1 BHK,712.0,1,1,62.39
Super built-up  Area,Ready To Move,Koramangala,1 BHK,611.0,1,3,82.08
Super built-up  Area,Ready To Move,Sarjapur Road,3 BHK,1917.0,3,2,116.77
Built-up  Area,Ready To Move,Electronic City,2 BHK,874.0,2,2,45.61
Super built-up  Area,Ready To Move,Other,3 BHK,2066.0,4,1,109.57
Super built-up  Area,Ready To Move,Hebbal,3 BHK,2232.0,3,0,211.04
Built-up  Area,Ready To Move,Bellandur,2 BHK,1208.0,2,2,104.42
Built-up  Area,Ready To Move,Whitefield,2 BHK,1275.0,2,2,99.22
Plot  Area,Ready To Move,HSR Layout,3 BHK,2097.0,3,2,240.01
Super built-up  Area,Under Construction,Whitefield,2 BHK,1359.0,2,1,81.2
Super built-up  Area,Under Construction,HSR Layout,3 BHK,2051.0,4,2,194.78
Super built-up  Area,Ready To Move,Marathahalli,1 BHK,594.0,1,0,42.74
Super built-up  Area,Ready To Move,Sarjapur Road,4 BHK,2680.0,4,1,209.39
Built-up  Area,Ready To Move,Whitefield,2 BHK,1522.0,2,1,120.54
Super built-up  Area,Ready To Move,Whitefield,3 BHK,1764.0,4,0,106.91
Super built-up  Area,Under Construction,Sarjapur Road,1 BHK,689.0,1,1,42.98
Super built-up  Area,Ready To Move,Electronic City,2 BHK,995.0,2,2,57.41
Built-up  Area,Ready To Move,Whitefield,3 BHK,1677.0,3,2,115.51
Plot  Area,Ready To Move,Thanisandra,1 BHK,491.0,2,2,39.11
Built-up  Area,Ready To Move,Hebbal,2 BHK,1201.0,2,0,120.19
Super built-up  Area,Ready To Move,Electronic City,2 BHK,947.0,2,1,50.44
Built-up  Area,Ready To Move,Rajaji Nagar,2 BHK,1411.0,2,0,173.99
Super built-up  Area,Ready To Move,Whitefield,2 BHK,1263.0,2,1,85.87
Super built-up  Area,Under Construction,Marathahalli,3 BHK,2094.0,4,1,105.05
Super built-up  Area,Ready To Move,Sarjapur Road,2 BHK,1170.0,2,3,86.52
Super built-up  Area,Under Construction,Rajaji Nagar,1 BHK,481.0,1,2,57.53
Super built-up  Area,Under Construction,Koramangala,2 BHK,1135.0,2,1,142.79
Built-up  Area,Ready To Move,Yelahanka,3 BHK,1328.0,3,0,93.7
Super built-up  Area,Ready To Move,Other,3 BHK,1515.0,4,1,99.45
Super built-up  Area,Ready To Move,Electronic City,2 BHK,1195.0,2,0,62.3
Plot  Area,Ready To Move,Marathahalli,3 BHK,1530.0,4,2,113.53
Built-up  Area,Ready To Move,Sarjapur Road,3 BHK,1438.0,4,1,100.23
Built-up  Area,Ready To Move,Sarjapur Road,2 BHK,1287.0,2,2,100.99
Super built-up  Area,Ready To Move,Sarjapur Road,2 BHK,910.0,2,2,78.4
Super built-up  Area,Ready To Move,HSR Layout,2 BHK,1064.0,3,1,105.7
Super built-up  Area,Under Construction,Electronic City,2 BHK,1237.0,2,2,64.08
Super built-up  Area,Ready To Move,Indiranagar,3 BHK,1531.0,3,2,236.49
Super built-up  Area,Ready To Move,HSR Layout,2 BHK,1172.0,3,1,112.54
Super built-up  Area,Under Construction,Thanisandra,2 BHK,920.0,3,0,53.16
Super built-up  Area,Ready To Move,Yelahanka,2 BHK,1136.0,2,0,70.72
Super built-up  Area,Ready To Move,Hebbal,3 BHK,1510.0,3,2,136.15
Super built-up  Area,Ready To Move,Sarjapur Road,2 BHK,1011.0,2,2,60.41
Super built-up  Area,Under Construction,Electronic City,2 BHK,951.0,2,2,49.53
Super built-up  Area,Ready To Move,Electronic City,5 BHK,3450.0,5,1,170.51
Super built-up  Area,Ready To Move,Whitefield,2 BHK,1448.0,2,2,104.34
Super built-up  Area,Ready To Move,Sarjapur Road,2 BHK,951.0,2,2,79.04
Super built-up  Area,Under Construction,Electronic City,3 BHK,1874.0,3,1,91.92
Super built-up  Area,Under Construction,Marathahalli,3 BHK,1595.0,3,1,102.23
Super built-up  Area,Ready To Move,Indiranagar,2 BHK,1541.0,2,2,209.95
Plot  Area,Under Construction,Sarjapur Road,3 BHK,1854.0,3,1,138.73
Carpet  Area,Ready To Move,Indiranagar,3 BHK,2033.0,3,3,387.62
Super built-up  Area,Ready To Move,Whitefield,2 BHK,1235.0,3,2,94.96
Plot  Area,Under Construction,Hebbal,2 BHK,1327.0,2,1,129.97
Super built-up  Area,Ready To Move,Koramangala,3 BHK,1776.0,4,2,214.33
Super built-up  Area,Ready To Move,HSR Layout,2 BHK,1152.0,2,1,108.81
Carpet  Area,Ready To Move,Hebbal,2 BHK,915.0,3,2,118.16
Super built-up  Area,Under Construction,Other,3 BHK,1754.0,3,2,89.19
Built-up  Area,Under Construction,Rajaji Nagar,2 BHK,890.0,3,1,102.87
Super built-up  Area,Under Construction,Koramangala,1 BHK,527.0,1,2,67.29
Super built-up  Area,Ready To Move,Indiranagar,2 BHK,1053.0,2,1,144.86
Super built-up  Area,Under Construction,Koramangala,3 BHK,1585.0,4,2,213.1
Super built-up  Area,Ready To Move,Electronic City,2 BHK,1298.0,3,3,72.8
Super built-up  Area,Ready To Move,Sarjapur Road,3 BHK,2311.0,3,2,169.37
Super built-up  Area,Under Construction,Whitefield,3 BHK,1750.0,3,3,100.89
Super built-up  Area,Ready To Move,Hebbal,2 BHK,1120.0,3,3,103.75
Carpet  Area,Ready To Move,HSR Layout,5 BHK,3163.0,5,2,367.81
Built-up  Area,Ready To Move,Electronic City,3 BHK,1399.0,3,1,76.01
Super built-up  Area,Ready To Move,Marathahalli,1 BHK,473.0,2,1,33.07
Super built-up  Area,Ready To Move,Rajaji Nagar,2 BHK,1558.0,2,2,161.02
Built-up  Area,Ready To Move,Thanisandra,2 BHK,1061.0,3,1,69.37
Super built-up  Area,Ready To Move,HSR Layout,2 BHK,990.0,3,1,100.1
Super built-up  Area,Ready To Move,Jayanagar,2 BHK,1172.0,2,2,156.0
Super built-up  Area,Ready To Move,Whitefield,2 BHK,991.0,2,2,79.01
Plot  Area,Ready To Move,Yelahanka,1 BHK,685.0,1,1,53.65
Super built-up  Area,Ready To Move,Whitefield,2 BHK,1189.0,2,1,83.91
Super built-up  Area,Ready To Move,Yelahanka,1 BHK,658.0,1,1,41.03
Super built-up  Area,Under Construction,Electronic City,1 BHK,539.0,1,1,25.7
Super built-up  Area,Ready To Move,Jayanagar,2 BHK,1362.0,2,2,174.1
Super built-up  Area,Ready To Move,Marathahalli,2 BHK,1336.0,2,2,83.35
Super built-up  Area,Under Construction,Whitefield,4 BHK,1792.0,4,3,121.58
Super built-up  Area,Ready To Move,Hebbal,1 BHK,424.0,1,1,40.76
Super built-up  Area,Under Construction,Other,4 BHK,2102.0,5,2,100.87
Super built-up  Area,Ready To Move,HSR Layout,1 BHK,696.0,2,2,57.53
Built-up  Area,Ready To Move,Jayanagar,3 BHK,1540.0,3,1,240.96
Plot  Area,Ready To Move,Indiranagar,2 BHK,894.0,2,1,151.98
Super built-up  Area,Ready To Move,Sarjapur Road,3 BHK,1689.0,4,0,122.68
Super built-up  Area,Under Construction,Electronic City,1 BHK,637.0,1,1,33.49
Super built-up  Area,Under Construction,Electronic City,4 BHK,2898.0,4,0,135.7
Super built-up  Area,Under Construction,Thanisandra,1 BHK,496.0,2,2,37.22
Built-up  Area,Under Construction,Sarjapur Road,2 BHK,1317.0,3,1,72.77
Super built-up  Area,Under Construction,HSR Layout,2 BHK,1433.0,2,1,137.48
Built-up  Area,Ready To Move,HSR Layout,3 BHK,1467.0,3,1,160.55
Built-up  Area,Under Construction,Indiranagar,4 BHK,2773.0,5,0,368.69
Plot  Area,Ready To Move,Jayanagar,2 BHK,1349.0,2,1,222.32
Super built-up  Area,Ready To Move,Other,3 BHK,1725.0,4,1,105.01
Super built-up  Area,Ready To Move,Hebbal,3 BHK,2050.0,4,3,209.34
Super built-up  Area,Under Construction,Yelahanka,2 BHK,1460.0,2,1,89.07
Plot  Area,Ready To Move,Thanisandra,3 BHK,2003.0,4,2,125.59
Built-up  Area,Under Construction,Indiranagar,1 BHK,671.0,1,2,91.17
Super built-up  Area,Ready To Move,Marathahalli,2 BHK,1311.0,2,3,68.67
Super built-up  Area,Ready To Move,Electronic City,3 BHK,1638.0,3,3,83.8
Super built-up  Area,Under Construction,Whitefield,2 BHK,875.0,2,2,56.53
Super built-up  Area,Ready To Move,Jayanagar,3 BHK,2136.0,3,2,314.81
Super built-up  Area,Under Construction,Hebbal,3 BHK,1837.0,3,2,160.97
Super built-up  Area,Ready To Move,Jayanagar,3 BHK,2003.0,4,3,278.37
Super built-up  Area,Ready To Move,Rajaji Nagar,2 BHK,1232.0,2,1,157.12
Built-up  Area,Under Construction,Whitefield,2 BHK,1195.0,3,1,89.32
Super built-up  Area,Ready To Move,Rajaji Nagar,1 BHK,622.0,1,2,64.91
Super built-up  Area,Ready To Move,Hebbal,5 BHK,2739.0,6,2,256.37
Super built-up  Area,Ready To Move,HSR Layout,2 BHK,1062.0,3,0,119.64
Built-up  Area,Ready To Move,Koramangala,2 BHK,953.0,2,2,162.56
Super built-up  Area,Ready To Move,Marathahalli,2 BHK,1049.0,2,2,74.31
Plot  Area,Ready To Move,Whitefield,1 BHK,635.0,1,1,53.56
Super built-up  Area,Under Construction,Hebbal,2 BHK,946.0,3,2,84.78
Plot  Area,Ready To Move,Bellandur,1 BHK,700.0,1,1,65.69
Plot  Area,Ready To Move,Thanisandra,2 BHK,1238.0,2,1,71.45
Super built-up  Area,Under Construction,Bellandur,4 BHK,2218.0,4,0,162.08
Plot  Area,Under Construction,Whitefield,3 BHK,1822.0,3,1,111.92
Super built-up  Area,Ready To Move,Sarjapur Road,3 BHK,2143.0,4,1,157.55
Super built-up  Area,Ready To Move,Sarjapur Road,2 BHK,1036.0,2,2,75.5
Super built-up  Area,Ready To Move,Yelahanka,3 BHK,2047.0,3,3,130.63
Super built-up  Area,Ready To Move,Electronic City,3 BHK,1868.0,4,0,93.84
Built-up  Area,Ready To Move,Electronic City,4 BHK,2084.0,4,1,106.98
Built-up  Area,Under Construction,Marathahalli,1 BHK,647.0,1,2,45.58
Super built-up  Area,Ready To Move,Whitefield,3 BHK,1347.0,4,2,92.59
Super built-up  Area,Ready To Move,Other,2 BHK,1002.0,3,3,54.69
Super built-up  Area,Ready To Move,Bellandur,2 BHK,1354.0,3,1,120.94
Built-up  Area,Ready To Move,Yelahanka,2 BHK,1034.0,2,2,74.59
Super built-up  Area,Ready To Move,Sarjapur Road,3 BHK,2125.0,3,2,154.68
Plot  Area,Under Construction,Whitefield,2 BHK,1341.0,3,2,102.45
Super built-up  Area,Ready To Move,Thanisandra,1 BHK,700.0,1,2,50.95
Super built-up  Area,Ready To Move,Yelahanka,3 BHK,1875.0,3,1,105.62
Plot  Area,Ready To Move,Thanisandra,2 BHK,1459.0,2,1,94.85
Super built-up  Area,Ready To Move,Whitefield,1 BHK,584.0,1,1,41.91
Super built-up  Area,Ready To Move,Thanisandra,2 BHK,1039.0,3,2,85.84
Super built-up  Area,Ready To Move,Thanisandra,2 BHK,893.0,2,2,66.8
Super built-up  Area,Ready To Move,Bellandur,1 BHK,585.0,1,2,42.68
Carpet  Area,Under Construction,Thanisandra,2 BHK,1047.0,2,2,93.18
Super built-up  Area,Ready To Move,Jayanagar,5 BHK,2472.0,5,2,295.56
Super built-up  Area,Ready To Move,Koramangala,3 BHK,1414.0,4,2,208.96
Super built-up  Area,Ready To Move,Whitefield,2 BHK,1272.0,3,1,90.63
Super built-up  Area,Ready To Move,HSR Layout,2 BHK,1294.0,2,2,131.48
Built-up  Area,Ready To Move,Whitefield,2 BHK,1400.0,3,1,104.42
Plot  Area,Ready To Move,Hebbal,2 BHK,1190.0,2,3,123.31
Plot  Area,Ready To Move,Hebbal,2 BHK,910.0,3,2,92.69
Super built-up  Area,Ready To Move,Whitefield,1 BHK,653.0,2,3,45.88
Super built-up  Area,Ready To Move,Sarjapur Road,2 BHK,1166.0,2,2,77.64
Super built-up  Area,Ready To Move,Whitefield,2 BHK,1347.0,3,2,91.84
Built-up  Area,Ready To Move,Yelahanka,2 BHK,1313.0,2,1,86.59
Super built-up  Area,Under Construction,Marathahalli,3 BHK,1878.0,4,1,125.45
Super built-up  Area,Ready To Move,Whitefield,5 BHK,2382.0,5,2,162.51
Plot  Area,Ready To Move,Marathahalli,4 BHK,2075.0,4,1,165.59
Super built-up  Area,Under Construction,HSR Layout,5 BHK,2381.0,5,2,224.5
Super built-up  Area,Ready To Move,Sarjapur Road,1 BHK,632.0,2,2,48.71
Super built-up  Area,Ready To Move,Whitefield,3 BHK,1628.0,3,1,114.43
Super built-up  Area,Ready To Move,HSR Layout,2 BHK,834.0,2,2,87.7
Super built-up  Area,Ready To Move,Yelahanka,3 BHK,1948.0,4,0,123.97
Super built-up  Area,Under Construction,Bellandur,3 BHK,1472.0,3,1,107.58
Super built-up  Area,Ready To Move,Whitefield,2 BHK,1389.0,3,2,107.33
Super built-up  Area,Ready To Move,Whitefield,2 BHK,1158.0,2,1,58.38
Built-up  Area,Ready To Move,Hebbal,2 BHK,1112.0,2,2,103.42
Super built-up  Area,Ready To Move,Sarjapur Road,2 BHK,1435.0,2,2,110.35
Built-up  Area,Ready To Move,Electronic City,5 BHK,2585.0,5,2,152.27
Super built-up  Area,Ready To Move,Electronic City,3 BHK,1417.0,3,1,81.54
Super built-up  Area,Ready To Move,Yelahanka,2 BHK,894.0,2,1,48.15
Plot  Area,Ready To Move,Marathahalli,2 BHK,1309.0,3,1,98.01
Super built-up  Area,Ready To Move,Hebbal,1 BHK,651.0,1,1,62.6
Super built-up  Area,Under Construction,Rajaji Nagar,5 BHK,3138.0,6,1,337.49
Plot  Area,Under Construction,Sarjapur Road,3 BHK,1757.0,3,0,130.75
Super built-up  Area,Under Construction,Hebbal,2 BHK,1031.0,3,2,82.64
Super built-up  Area,Ready To Move,Electronic City,3 BHK,2117.0,4,1,116.42
Super built-up  Area,Ready To Move,Koramangala,3 BHK,2204.0,4,1,278.34
Built-up  Area,Ready To Move,Other,2 BHK,1113.0,3,2,67.94
Plot  Area,Ready To Move,Koramangala,4 BHK,2940.0,5,1,498.19
Super built-up  Area,Ready To Move,Sarjapur Road,2 BHK,1320.0,3,2,98.08
Super built-up  Area,Ready To Move,Koramangala,1 BHK,459.0,2,2,78.36
Super built-up  Area,Ready To Move,Whitefield,2 BHK,927.0,2,1,71.76
Super built-up  Area,Ready To Move,Rajaji Nagar,3 BHK,1935.0,4,1,207.02
Super built-up  Area,Ready To Move,HSR Layout,2 BHK,1194.0,3,2,129.78
Super built-up  Area,Ready To Move,Hebbal,3 BHK,1774.0,3,0,191.36
Super built-up  Area,Ready To Move,Indiranagar,3 BHK,1825.0,4,0,301.66
Super built-up  Area,Ready To Move,Koramangala,3 BHK,1229.0,3,1,161.11
Plot  Area,Ready To Move,Whitefield,3 BHK,1735.0,3,1,146.29
Super built-up  Area,Ready To Move,Bellandur,2 BHK,1341.0,3,1,99.43
Super built-up  Area,Ready To Move,Electronic City,2 BHK,1093.0,3,0,54.68
Super built-up  Area,Under Construction,Thanisandra,2 BHK,1378.0,3,1,80.25
Plot  Area,Ready To Move,Yelahanka,2 BHK,1302.0,2,2,97.9
Built-up  Area,Ready To Move,Yelahanka,4 BHK,2490.0,4,1,174.67
Built-up  Area,Ready To Move,Indiranagar,3 BHK,1696.0,3,1,246.13
Super built-up  Area,Under Construction,HSR Layout,2 BHK,1286.0,3,3,128.7
Built-up  Area,Ready To Move,Whitefield,3 BHK,1336.0,3,1,83.08
Super built-up  Area,Ready To Move,Thanisandra,3 BHK,1608.0,4,2,97.11
Super built-up  Area,Ready To Move,Electronic City,4 BHK,2348.0,5,1,107.9
Super built-up  Area,Ready To Move,HSR Layout,2 BHK,1405.0,3,2,153.73
Built-up  Area,Ready To Move,Electronic City,3 BHK,2093.0,3,2,126.2
Built-up  Area,Ready To Move,Whitefield,2 BHK,1125.0,3,0,94.98
Plot  Area,Ready To Move,Koramangala,1 BHK,721.0,2,2,121.09
Plot  Area,Ready To Move,Whitefield,1 BHK,576.0,2,3,49.94
Super built-up  Area,Ready To Move,Thanisandra,2 BHK,1535.0,2,2,107.37
Super built-up  Area,Ready To Move,Sarjapur Road,2 BHK,1050.0,2,1,79.91
Super built-up  Area,Ready To Move,Whitefield,2 BHK,1189.0,2,3,94.37
Plot  Area,Under Construction,HSR Layout,3 BHK,1525.0,3,1,151.47
Super built-up  Area,Ready To Move,Whitefield,3 BHK,2016.0,3,2,148.09
Plot  Area,Ready To Move,Electronic City,4 BHK,2206.0,4,1,131.18
Super built-up  Area,Ready To Move,Bellandur,2 BHK,894.0,2,1,70.18
Super built-up  Area,Ready To Move,Whitefield,4 BHK,2480.0,5,2,183.81
Super built-up  Area,Ready To Move,Yelahanka,3 BHK,2257.0,4,2,134.38
Super built-up  Area,Under Construction,Whitefield,2 BHK,1334.0,2,1,84.2
Plot  Area,Ready To Move,Electronic City,3 BHK,1800.0,3,1,108.9
Super built-up  Area,Ready To Move,Thanisandra,3 BHK,1983.0,4,2,115.57
Super built-up  Area,Under Construction,Sarjapur Road,2 BHK,996.0,2,1,76.38
Super built-up  Area,Under Construction,Whitefield,3 BHK,1436.0,3,3,103.06
Super built-up  Area,Ready To Move,Sarjapur Road,3 BHK,1766.0,3,2,113.61
Super built-up  Area,Ready To Move,Electronic City,5 BHK,2509.0,5,2,127.06
Super built-up  Area,Ready To Move,Jayanagar,3 BHK,1892.0,4,2,260.98
Plot  Area,Ready To Move,Sarjapur Road,3 BHK,2169.0,4,2,181.03
Super built-up  Area,Under Construction,Yelahanka,3 BHK,1507.0,3,1,95.41
Super built-up  Area,Ready To Move,Rajaji Nagar,4 BHK,2543.0,4,1,244.39
Super built-up  Area,Ready To Move,Hebbal,4 BHK,2085.0,5,2,215.84
Super built-up  Area,Ready To Move,Rajaji Nagar,3 BHK,1870.0,3,2,212.25
Super built-up  Area,Ready To Move,Sarjapur Road,3 BHK,2133.0,3,2,125.64
Super built-up  Area,Ready To Move,Marathahalli,1 BHK,350.0,1,1,21.41
Super built-up  Area,Under Construction,Whitefield,3 BHK,1809.0,3,1,112.72
Built-up  Area,Ready To Move,Bellandur,2 BHK,1437.0,2,3,128.15
Super built-up  Area,Ready To Move,HSR Layout,2 BHK,1117.0,2,2,106.26
Built-up  Area,Under Construction,Sarjapur Road,2 BHK,874.0,2,1,59.05
Plot  Area,Ready To Move,Koramangala,2 BHK,1315.0,2,1,197.05
Super built-up  Area,Ready To Move,Bellandur,2 BHK,1441.0,2,2,105.07
Super built-up  Area,Ready To Move,Whitefield,3 BHK,2360.0,4,2,159.7
Super built-up  Area,Ready To Move,Electronic City,3 BHK,1500.0,4,0,86.01
Super built-up  Area,Ready To Move,Thanisandra,2 BHK,1305.0,3,2,91.87
Built-up  Area,Under Construction,Bellandur,3 BHK,1436.0,3,2,128.27
Built-up  Area,Ready To Move,Marathahalli,5 BHK,3126.0,5,2,232.56
Super built-up  Area,Ready To Move,Thanisandra,2 BHK,1212.0,2,1,84.27
Super built-up  Area,Ready To Move,Marathahalli,2 BHK,1471.0,2,3,92.06
Super built-up  Area,Ready To Move,Bellandur,2 BHK,1294.0,3,2,108.93
Super built-up  Area,Ready To Move,Sarjapur Road,4 BHK,2108.0,4,0,144.48
Built-up  Area,Ready To Move,Whitefield,2 BHK,1192.0,3,1,83.71
Super built-up  Area,Under Construction,Yelahanka,5 BHK,3204.0,5,1,223.8
Super built-up  Area,Ready To Move,Koramangala,2 BHK,1345.0,2,1,207.79
Built-up  Area,Ready To Move,Whitefield,1 BHK,615.0,2,0,49.83
Super built-up  Area,Ready To Move,Sarjapur Road,2 BHK,1274.0,2,1,98.59
Super built-up  Area,Under Construction,Marathahalli,2 BHK,1244.0,2,2,72.65
Super built-up  Area,Ready To Move,HSR Layout,3 BHK,1733.0,4,2,164.12
Super built-up  Area,Ready To Move,Hebbal,2 BHK,983.0,2,2,93.13
Built-up  Area,Ready To Move,Hebbal,2 BHK,1187.0,2,3,107.75
Plot  Area,Ready To Move,Electronic City,2 BHK,1213.0,2,0,73.28
Super built-up  Area,Ready To Move,Sarjapur Road,3 BHK,1673.0,3,2,115.92
Plot  Area,Under Construction,Sarjapur Road,3 BHK,2047.0,4,2,153.75
Super built-up  Area,Under Construction,Whitefield,3 BHK,1443.0,4,1,85.93
Built-up  Area,Ready To Move,Thanisandra,4 BHK,2962.0,4,1,212.86
Plot  Area,Ready To Move,Hebbal,2 BHK,1599.0,3,3,160.1
Super built-up  Area,Ready To Move,Yelahanka,1 BHK,676.0,1,1,35.71
Built-up  Area,Ready To Move,Jayanagar,2 BHK,1237.0,2,1,173.42
Super built-up  Area,Ready To Move,Electronic City,2 BHK,1332.0,2,2,64.11
Super built-up  Area,Ready To Move,Bellandur,2 BHK,1040.0,2,1,75.83
Built-up  Area,Ready To Move,Hebbal,3 BHK,1461.0,3,3,160.27
Plot  Area,Ready To Move,Rajaji Nagar,3 BHK,1600.0,3,3,182.25
Plot  Area,Ready To Move,Electronic City,2 BHK,1379.0,2,2,83.44
Super built-up  Area,Ready To Move,Bellandur,2 BHK,1022.0,3,2,85.3
Super built-up  Area,Ready To Move,Koramangala,3 BHK,1448.0,3,2,209.25
Super built-up  Area,Ready To Move,Sarjapur Road,5 BHK,3065.0,5,2,253.36
Carpet  Area,Ready To Move,Whitefield,1 BHK,402.0,1,3,37.32
Super built-up  Area,Ready To Move,Bellandur,2 BHK,1041.0,2,2,81.96
Built-up  Area,Under Construction,Thanisandra,5 BHK,2479.0,5,2,150.1
Super built-up  Area,Ready To Move,Sarjapur Road,4 BHK,2903.0,4,0,209.06
Super built-up  Area,Ready To Move,Koramangala,2 BHK,1176.0,2,2,148.87
Super built-up  Area,Ready To Move,Sarjapur Road,1 BHK,560.0,2,1,41.67
Carpet  Area,Ready To Move,Thanisandra,2 BHK,1066.0,2,2,86.85
Super built-up  Area,Ready To Move,Electronic City,3 BHK,1603.0,3,1,73.34
Plot  Area,Ready To Move,Rajaji Nagar,2 BHK,732.0,3,1,118.43
Super built-up  Area,Ready To Move,Electronic City,4 BHK,2347.0,4,1,127.65
Super built-up  Area,Ready To Move,Sarjapur Road,2 BHK,1068.0,3,1,77.32
Built-up  Area,Ready To Move,Whitefield,3 BHK,1477.0,4,2,110.12
Built-up  Area,Ready To Move,Whitefield,3 BHK,2099.0,3,2,161.32
Plot  Area,Ready To Move,HSR Layout,2 BHK,980.0,2,2,120.93
Super built-up  Area,Ready To Move,Electronic City,2 BHK,1269.0,2,2,72.56
Super built-up  Area,Under Construction,Yelahanka,2 BHK,1277.0,3,1,78.96
Super built-up  Area,Ready To Move,Whitefield,3 BHK,1646.0,3,0,110.36
Super built-up  Area,Under Construction,Sarjapur Road,1 BHK,522.0,1,2,34.99
Carpet  Area,Ready To Move,Sarjapur Road,3 BHK,1551.0,3,1,128.07
Super built-up  Area,Ready To Move,Whitefield,3 BHK,1451.0,3,2,103.84
Super built-up  Area,Ready To Move,Whitefield,2 BHK,1279.0,3,2,92.86
Super built-up  Area,Ready To Move,Hebbal,4 BHK,2104.0,5,1,203.22
Super built-up  Area,Under Construction,HSR Layout,3 BHK,1987.0,3,2,175.17
Super built-up  Area,Ready To Move,Hebbal,3 BHK,2222.0,4,1,202.06
Super built-up  Area,Ready To Move,HSR Layout,2 BHK,1167.0,2,1,101.78
Super built-up  Area,Ready To Move,Indiranagar,3 BHK,1463.0,3,2,172.56
Super built-up  Area,Ready To Move,Whitefield,2 BHK,1394.0,2,2,97.33
Carpet  Area,Ready To Move,Hebbal,3 BHK,1759.0,3,2,178.5
Super built-up  Area,Ready To Move,Marathahalli,1 BHK,703.0,2,2,57.07
Super built-up  Area,Ready To Move,HSR Layout,3 BHK,1530.0,4,1,139.03
Carpet  Area,Ready To Move,Bellandur,3 BHK,1427.0,3,1,156.49
Built-up  Area,Ready To Move,Sarjapur Road,2 BHK,1273.0,2,1,98.12
Carpet  Area,Under Construction,Thanisandra,1 BHK,629.0,1,1,49.38
Carpet  Area,Ready To Move,Thanisandra,2 BHK,1361.0,2,2,97.33
Super built-up  Area,Ready To Move,HSR Layout,2 BHK,1235.0,2,3,116.67
Built-up  Area,Under Construction,Other,3 BHK,2162.0,3,1,113.0
Super built-up  Area,Ready To Move,Whitefield,3 BHK,1556.0,3,1,109.2
Super built-up  Area,Ready To Move,Whitefield,1 BHK,643.0,1,0,43.38
Built-up  Area,Ready To Move,Thanisandra,2 BHK,1374.0,2,1,104.0
Super built-up  Area,Ready To Move,Yelahanka,3 BHK,1720.0,4,1,114.27
Built-up  Area,Ready To Move,Whitefield,2 BHK,1126.0,3,2,97.51
Built-up  Area,Ready To Move,Electronic City,5 BHK,3038.0,5,1,147.38
Super built-up  Area,Ready To Move,Whitefield,2 BHK,1105.0,3,2,72.71
Plot  Area,Ready To Move,Sarjapur Road,3 BHK,1674.0,4,1,144.08
Super built-up  Area,Ready To Move,Thanisandra,2 BHK,811.0,2,2,50.33
Super built-up  Area,Under Construction,HSR Layout,2 BHK,1025.0,2,3,92.71
Plot  Area,Ready To Move,Sarjapur Road,2 BHK,1558.0,3,1,136.74
Super built-up  Area,Ready To Move,Sarjapur Road,3 BHK,2252.0,3,2,155.3
Built-up  Area,Ready To Move,Whitefield,2 BHK,1086.0,2,1,89.18
Super built-up  Area,Under Construction,Sarjapur Road,3 BHK,1994.0,4,2,135.61
Super built-up  Area,Ready To Move,Koramangala,2 BHK,1024.0,3,1,156.88
Built-up  Area,Ready To Move,Other,2 BHK,1530.0,3,3,87.91
Super built-up  Area,Ready To Move,Jayanagar,2 BHK,1251.0,3,1,171.8
Super built-up  Area,Ready To Move,Whitefield,2 BHK,1121.0,3,1,77.75
Super built-up  Area,Ready To Move,Rajaji Nagar,2 BHK,1225.0,2,1,156.26
Plot  Area,Ready To Move,Yelahanka,2 BHK,1158.0,2,3,93.53
Super built-up  Area,Ready To Move,Yelahanka,3 BHK,2053.0,4,2,131.75
Plot  Area,Under Construction,Hebbal,4 BHK,2961.0,5,0,290.85
Super built-up  Area,Ready To Move,Sarjapur Road,3 BHK,2055.0,4,0,157.08
Super built-up  Area,Ready To Move,Sarjapur Road,2 BHK,816.0,2,1,56.24
Plot  Area,Ready To Move,Whitefield,2 BHK,1297.0,2,1,109.29
Super built-up  Area,Ready To Move,Electronic City,1 BHK,544.0,2,1,29.23
Super built-up  Area,Ready To Move,Electronic City,2 BHK,1374.0,2,2,75.65
Built-up  Area,Ready To Move,HSR Layout,2 BHK,1054.0,3,1,119.44
Built-up  Area,Under Construction,Thanisandra,2 BHK,1196.0,2,1,81.83
Super built-up  Area,Ready To Move,Hebbal,2 BHK,1337.0,3,2,138.68
Super built-up  Area,Ready To Move,Whitefield,2 BHK,1158.0,2,1,81.18
Built-up  Area,Ready To Move,Marathahalli,2 BHK,1170.0,2,2,83.24
Built-up  Area,Ready To Move,Marathahalli,2 BHK,1306.0,2,1,92.4
Built-up  Area,Ready To Move,Yelahanka,2 BHK,1203.0,2,2,75.97
Super built-up  Area,Ready To Move,Other,3 BHK,1560.0,3,2,76.62
Carpet  Area,Ready To Move,HSR Layout,2 BHK,1114.0,2,2,127.42
Super built-up  Area,Ready To Move,Marathahalli,2 BHK,1157.0,2,1,80.75
Super built-up  Area,Under Construction,Whitefield,1 BHK,562.0,2,2,38.84
Super built-up  Area,Ready To Move,Sarjapur Road,2 BHK,1134.0,3,0,97.18
Super built-up  Area,Ready To Move,Electronic City,3 BHK,1396.0,3,1,75.33
Super built-up  Area,Under Construction,Electronic City,1 BHK,744.0,2,1,36.1
Super built-up  Area,Under Construction,Whitefield,2 BHK,1527.0,2,1,86.17
Super built-up  Area,Ready To Move,Koramangala,3 BHK,1409.0,3,2,247.71
Built-up  Area,Ready To Move,Yelahanka,2 BHK,1372.0,2,2,100.3
Super built-up  Area,Ready To Move,Indiranagar,3 BHK,1720.0,4,3,267.59
Super built-up  Area,Ready To Move,Whitefield,3 BHK,1546.0,3,0,90.58
Super built-up  Area,Ready To Move,Yelahanka,1 BHK,668.0,1,3,43.0
Super built-up  Area,Under Construction,Koramangala,2 BHK,1442.0,3,1,195.4
Super built-up  Area,Ready To Move,Sarjapur Road,3 BHK,1983.0,4,3,149.73
Super built-up  Area,Ready To Move,Bellandur,4 BHK,2789.0,4,0,234.37
Carpet  Area,Ready To Move,Electronic City,3 BHK,1546.0,3,2,111.08
Plot  Area,Under Construction,Sarjapur Road,2 BHK,1313.0,2,1,111.59
Plot  Area,Ready To Move,Rajaji Nagar,2 BHK,1170.0,2,1,164.31
Super built-up  Area,Ready To Move,Sarjapur Road,3 BHK,1401.0,3,1,96.81
Super built-up  Area,Ready To Move,Hebbal,2 BHK,1051.0,2,0,88.96
Super built-up  Area,Ready To Move,Rajaji Nagar,2 BHK,916.0,3,1,117.96
Built-up  Area,Ready To Move,Bellandur,3 BHK,1788.0,4,1,175.01
Super built-up  Area,Ready To Move,Whitefield,1 BHK,564.0,1,2,46.15
Super built-up  Area,Ready To Move,Whitefield,3 BHK,1763.0,3,1,121.26
Super built-up  Area,Ready To Move,Whitefield,3 BHK,1943.0,3,2,118.58
Super built-up  Area,Under Construction,Koramangala,2 BHK,1217.0,2,0,172.38
Carpet  Area,Under Construction,Hebbal,3 BHK,1536.0,4,1,158.38
Built-up  Area,Ready To Move,Whitefield,3 BHK,1901.0,3,3,157.31
Built-up  Area,Ready To Move,Marathahalli,2 BHK,1479.0,2,0,94.95
Super built-up  Area,Ready To Move,HSR Layout,1 BHK,482.0,1,1,52.39
Plot  Area,Under Construction,Electronic City,1 BHK,759.0,2,2,45.32
Super built-up  Area,Ready To Move,HSR Layout,3 BHK,1896.0,4,3,173.7
Plot  Area,Ready To Move,Bellandur,2 BHK,1315.0,2,1,108.45
Super built-up  Area,Ready To Move,Whitefield,1 BHK,716.0,1,2,55.04
Super built-up  Area,Ready To Move,Electronic City,2 BHK,1008.0,2,1,52.08
Built-up  Area,Ready To Move,Yelahanka,1 BHK,512.0,2,0,34.15
Super built-up  Area,Ready To Move,Hebbal,1 BHK,509.0,2,2,50.4
Plot  Area,Ready To Move,HSR Layout,2 BHK,1118.0,3,2,126.62
Carpet  Area,Ready To Move,Hebbal,2 BHK,1007.0,2,2,119.41
Super built-up  Area,Ready To Move,Whitefield,2 BHK,1086.0,2,1,62.59
Super built-up  Area,Under Construction,Electronic City,3 BHK,1675.0,3,1,72.18
Super built-up  Area,Ready To Move,Hebbal,3 BHK,1989.0,3,2,168.89
Plot  Area,Ready To Move,Electronic City,2 BHK,1480.0,3,1,99.09
Super built-up  Area,Ready To Move,Whitefield,3 BHK,1871.0,3,3,125.35
Super built-up  Area,Under Construction,Jayanagar,2 BHK,693.0,2,0,94.18
Super built-up  Area,Ready To Move,Other,2 BHK,1481.0,3,2,74.83
Super built-up  Area,Ready To Move,Yelahanka,2 BHK,1427.0,2,3,83.13
Built-up  Area,Ready To Move,Jayanagar,2 BHK,1562.0,2,1,227.53
Super built-up  Area,Under Construction,Electronic City,2 BHK,917.0,3,1,46.85
Super built-up  Area,Ready To Move,Marathahalli,1 BHK,557.0,1,0,38.01
Built-up  Area,Ready To Move,Electronic City,2 BHK,1139.0,2,3,67.32
Super built-up  Area,Ready To Move,Marathahalli,2 BHK,1583.0,3,2,100.48
Super built-up  Area,Ready To Move,Other,2 BHK,1462.0,3,2,82.54
Super built-up  Area,Ready To Move,Thanisandra,4 BHK,2723.0,4,3,183.23
Super built-up  Area,Under Construction,Other,2 BHK,1084.0,2,1,54.63
Super built-up  Area,Ready To Move,Indiranagar,3 BHK,2228.0,3,3,376.42
Carpet  Area,Under Construction,Electronic City,2 BHK,935.0,2,2,55.75
Built-up  Area,Ready To Move,Hebbal,2 BHK,1352.0,2,1,123.59
Plot  Area,Under Construction,Indiranagar,4 BHK,2516.0,4,2,370.1
Plot  Area,Ready To Move,Whitefield,3 BHK,2135.0,4,2,143.85
Super built-up  Area,Ready To Move,Koramangala,2 BHK,1079.0,2,2,154.58
Super built-up  Area,Ready To Move,Other,2 BHK,1297.0,2,2,78.79
Super built-up  Area,Ready To Move,Electronic City,2 BHK,1247.0,3,3,71.47
Built-up  Area,Ready To Move,Yelahanka,3 BHK,1441.0,3,1,94.68
Built-up  Area,Ready To Move,Rajaji Nagar,1 BHK,453.0,1,0,56.19
Super built-up  Area,Ready To Move,Marathahalli,3 BHK,1456.0,4,2,91.12
Super built-up  Area,Ready To Move,Marathahalli,3 BHK,1390.0,3,2,94.87
Super built-up  Area,Under Construction,HSR Layout,2 BHK,1462.0,3,0,148.23
Super built-up  Area,Ready To Move,Other,3 BHK,2276.0,3,2,121.66
Plot  Area,Under Construction,Thanisandra,3 BHK,2039.0,4,2,142.36
Super built-up  Area,Under Construction,Electronic City,2 BHK,1401.0,2,0,68.12
Plot  Area,Ready To Move,Hebbal,2 BHK,1314.0,3,3,155.31
Super built-up  Area,Ready To Move,Thanisandra,3 BHK,1612.0,4,1,106.78
Built-up  Area,Ready To Move,Electronic City,2 BHK,1439.0,2,3,92.53
Plot  Area,Ready To Move,Koramangala,3 BHK,1814.0,3,0,277.03
Plot  Area,Ready To Move,Bellandur,2 BHK,1430.0,2,0,138.37
Super built-up  Area,Ready To Move,Electronic City,2 BHK,1267.0,2,1,65.47
Super built-up  Area,Ready To Move,Indiranagar,5 BHK,3012.0,6,1,436.79
Super built-up  Area,Ready To Move,Thanisandra,2 BHK,1161.0,2,3,73.58
Super built-up  Area,Ready To Move,HSR Layout,2 BHK,1435.0,3,3,138.7
Super built-up  Area,Under Construction,Whitefield,3 BHK,1957.0,3,1,113.26
Plot  Area,Ready To Move,Whitefield,3 BHK,1612.0,3,3,136.15
Super built-up  Area,Ready To Move,Sarjapur Road,2 BHK,942.0,3,1,72.37
Super built-up  Area,Ready To Move,Marathahalli,3 BHK,2215.0,3,1,157.23
Super built-up  Area,Ready To Move,Electronic City,1 BHK,660.0,1,3,39.06
Plot  Area,Ready To Move,Koramangala,3 BHK,1887.0,3,3,319.23
Carpet  Area,Ready To Move,Electronic City,2 BHK,1177.0,2,0,76.65
Super built-up  Area,Ready To Move,Sarjapur Road,2 BHK,1005.0,3,2,85.37
Super built-up  Area,Ready To Move,Jayanagar,3 BHK,1917.0,3,2,261.47
Built-up  Area,Ready To Move,Thanisandra,3 BHK,1973.0,3,3,155.61
Built-up  Area,Ready To Move,Whitefield,3 BHK,1950.0,3,1,137.96
Super built-up  Area,Ready To Move,Hebbal,2 BHK,997.0,3,3,102.47
Plot  Area,Ready To Move,Whitefield,4 BHK,2488.0,4,2,200.31
Carpet  Area,Ready To Move,HSR Layout,2 BHK,1376.0,2,2,153.91
Super built-up  Area,Under Construction,Bellandur,2 BHK,1240.0,2,2,86.17
Super built-up  Area,Ready To Move,Whitefield,4 BHK,2097.0,4,2,152.04
Super built-up  Area,Ready To Move,Electronic City,1 BHK,713.0,2,1,38.99
Super built-up  Area,Ready To Move,Sarjapur Road,1 BHK,563.0,2,0,40.32
Super built-up  Area,Under Construction,Rajaji Nagar,5 BHK,3103.0,6,1,396.1
Super built-up  Area,Under Construction,Other,4 BHK,2017.0,5,0,106.63
Super built-up  Area,Ready To Move,Whitefield,3 BHK,1630.0,4,1,104.44
Super built-up  Area,Ready To Move,Thanisandra,2 BHK,1503.0,2,0,106.73
Super built-up  Area,Ready To Move,Sarjapur Road,2 BHK,1042.0,2,1,65.61
Super built-up  Area,Ready To Move,Sarjapur Road,2 BHK,960.0,2,2,75.02
Super built-up  Area,Ready To Move,Thanisandra,2 BHK,952.0,3,3,76.57
Super built-up  Area,Ready To Move,Rajaji Nagar,2 BHK,773.0,3,0,88.57
Super built-up  Area,Ready To Move,Marathahalli,1 BHK,356.0,1,1,23.66
Super built-up  Area,Ready To Move,Indiranagar,2 BHK,1390.0,3,1,199.86
Built-up  Area,Ready To Move,Sarjapur Road,2 BHK,948.0,2,2,74.28
Super built-up  Area,Under Construction,Yelahanka,3 BHK,1936.0,4,2,109.11
Carpet  Area,Under Construction,Electronic City,2 BHK,1403.0,2,1,72.42
Super built-up  Area,Ready To Move,Indiranagar,3 BHK,2071.0,3,1,312.82
Super built-up  Area,Ready To Move,Sarjapur Road,2 BHK,1120.0,2,1,68.46
Super built-up  Area,Under Construction,Bellandur,2 BHK,1210.0,2,2,90.84
Built-up  Area,Ready To Move,Electronic City,2 BHK,1212.0,2,2,61.03
Plot  Area,Ready To Move,Electronic City,2 BHK,1251.0,2,2,67.26
Plot  Area,Ready To Move,Rajaji Nagar,2 BHK,1267.0,2,1,178.96
Carpet  Area,Ready To Move,Whitefield,3 BHK,2035.0,3,0,191.25
Super built-up  Area,Ready To Move,HSR Layout,2 BHK,1159.0,3,2,125.05
Super built-up  Area,Ready To Move,Electronic City,3 BHK,1647.0,4,3,90.52
Super built-up  Area,Ready To Move,Whitefield,3 BHK,1654.0,3,1,105.41
Super built-up  Area,Ready To Move,Whitefield,2 BHK,1118.0,2,3,71.38
Super built-up  Area,Ready To Move,Electronic City,2 BHK,1620.0,2,2,82.71
Plot  Area,Under Construction,Jayanagar,3 BHK,2134.0,3,2,314.66
Plot  Area,Ready To Move,Electronic City,3 BHK,1773.0,3,2,106.66
Super built-up  Area,Ready To Move,Marathahalli,3 BHK,2195.0,3,2,133.74
Super built-up  Area,Ready To Move,Indiranagar,3 BHK,2164.0,4,2,314.79
Super built-up  Area,Ready To Move,Hebbal,1 BHK,396.0,1,0,36.14
Built-up  Area,Ready To Move,Indiranagar,1 BHK,518.0,2,1,81.93
Super built-up  Area,Ready To Move,HSR Layout,3 BHK,1251.0,3,2,128.83
Plot  Area,Under Construction,Thanisandra,2 BHK,1248.0,2,2,86.91
Built-up  Area,Under Construction,Electronic City,2 BHK,1336.0,2,3,75.52
Super built-up  Area,Ready To Move,Sarjapur Road,3 BHK,2190.0,4,1,169.31
Super built-up  Area,Under Construction,Rajaji Nagar,2 BHK,1242.0,2,1,135.63
Super built-up  Area,Ready To Move,Marathahalli,2 BHK,848.0,2,1,55.01
Plot  Area,Under Construction,Rajaji Nagar,3 BHK,2229.0,4,1,274.54
Super built-up  Area,Under Construction,Hebbal,2 BHK,1191.0,2,2,109.72
Carpet  Area,Ready To Move,Yelahanka,3 BHK,1586.0,3,1,123.34
Super built-up  Area,Under Construction,Hebbal,3 BHK,1796.0,4,1,141.6
Built-up  Area,Ready To Move,HSR Layout,2 BHK,1199.0,3,2,141.86
Super built-up  Area,Ready To Move,Electronic City,2 BHK,1471.0,2,0,70.82
Super built-up  Area,Under Construction,Indiranagar,3 BHK,1999.0,3,1,217.86
Built-up  Area,Ready To Move,Electronic City,2 BHK,1410.0,2,1,81.57
Built-up  Area,Ready To Move,Sarjapur Road,1 BHK,454.0,1,2,36.1
Built-up  Area,Ready To Move,Jayanagar,3 BHK,1566.0,4,1,246.06
Super built-up  Area,Under Construction,Electronic City,3 BHK,2160.0,3,1,101.38
Carpet  Area,Ready To Move,Whitefield,2 BHK,1287.0,2,0,108.81
Carpet  Area,Ready To Move,Whitefield,2 BHK,1253.0,2,2,107.61
Super built-up  Area,Ready To Move,Marathahalli,4 BHK,2047.0,4,1,114.23
Plot  Area,Under Construction,HSR Layout,3 BHK,1808.0,4,2,171.76
Super built-up  Area,Ready To Move,Hebbal,2 BHK,869.0,2,1,81.06
Built-up  Area,Under Construction,Yelahanka,3 BHK,1932.0,3,2,125.61
Super built-up  Area,Under Construction,Yelahanka,2 BHK,1094.0,2,2,57.22
Carpet  Area,Ready To Move,Sarjapur Road,2 BHK,1044.0,2,2,77.79
Super built-up  Area,Ready To Move,Bellandur,2 BHK,1615.0,3,1,122.87
Super built-up  Area,Ready To Move,Thanisandra,2 BHK,1438.0,2,1,96.11
Super built-up  Area,Ready To Move,Bellandur,3 BHK,1889.0,4,2,148.6
Super built-up  Area,Ready To Move,Electronic City,2 BHK,1082.0,2,2,58.66
Super built-up  Area,Under Construction,Jayanagar,3 BHK,1804.0,3,2,260.21
Super built-up  Area,Under Construction,HSR Layout,2 BHK,1364.0,3,2,113.12
Built-up  Area,Ready To Move,Electronic City,2 BHK,1228.0,3,1,74.7
Carpet  Area,Ready To Move,Hebbal,2 BHK,1541.0,2,1,163.46
Built-up  Area,Ready To Move,Whitefield,2 BHK,1310.0,2,2,93.36
Plot  Area,Ready To Move,Whitefield,2 BHK,1168.0,2,2,92.83
Super built-up  Area,Ready To Move,Thanisandra,2 BHK,1118.0,2,2,79.03
Super built-up  Area,Under Construction,Whitefield,3 BHK,2129.0,3,2,119.46
Super built-up  Area,Ready To Move,Hebbal,3 BHK,1353.0,3,1,137.22
Super built-up  Area,Ready To Move,HSR Layout,3 BHK,2098.0,3,2,198.04
Plot  Area,Ready To Move,Whitefield,3 BHK,1974.0,3,1,159.09
Super built-up  Area,Ready To Move,Other,3 BHK,2114.0,3,2,111.15
Plot  Area,Ready To Move,Electronic City,2 BHK,1395.0,2,0,80.02
Super built-up  Area,Ready To Move,Sarjapur Road,5 BHK,3656.0,6,1,259.75
Built-up  Area,Under Construction,Sarjapur Road,2 BHK,1369.0,2,2,83.94
Super built-up  Area,Ready To Move,Electronic City,3 BHK,1861.0,4,2,109.33
Super built-up  Area,Ready To Move,Whitefield,3 BHK,2076.0,3,2,130.94
Built-up  Area,Ready To Move,Thanisandra,2 BHK,966.0,2,3,75.9
Super built-up  Area,Under Construction,Marathahalli,5 BHK,3363.0,5,3,157.96
Built-up  Area,Ready To Move,Electronic City,2 BHK,1323.0,3,1,77.29
Super built-up  Area,Under Construction,Bellandur,2 BHK,1128.0,3,2,89.78
Super built-up  Area,Under Construction,Thanisandra,2 BHK,1485.0,2,2,87.89
Plot  Area,Ready To Move,Jayanagar,2 BHK,1159.0,2,3,182.92
Super built-up  Area,Under Construction,Hebbal,3 BHK,2105.0,3,1,174.71
Built-up  Area,Ready To Move,Sarjapur Road,1 BHK,613.0,1,0,49.28
Super built-up  Area,Ready To Move,Sarjapur Road,3 BHK,1887.0,4,1,124.75
Super built-up  Area,Ready To Move,Thanisandra,3 BHK,1441.0,3,2,98.31
Super built-up  Area,Under Construction,Yelahanka,2 BHK,975.0,2,3,71.46
Super built-up  Area,Under Construction,Electronic City,2 BHK,970.0,3,2,50.12
Super built-up  Area,Under Construction,Sarjapur Road,2 BHK,1336.0,3,2,111.85
Super built-up  Area,Ready To Move,Rajaji Nagar,4 BHK,2234.0,5,2,268.42
Super built-up  Area,Ready To Move,Yelahanka,3 BHK,1896.0,4,1,103.26
Built-up  Area,Ready To Move,Other,2 BHK,1073.0,3,2,67.11
Built-up  Area,Ready To Move,Thanisandra,1 BHK,549.0,2,1,40.1
Super built-up  Area,Ready To Move,Sarjapur Road,2 BHK,1267.0,2,1,83.46
Super built-up  Area,Ready To Move,Indiranagar,2 BHK,935.0,2,1,136.14
Super built-up  Area,Under Construction,Bellandur,3 BHK,1969.0,3,2,124.44
Super built-up  Area,Ready To Move,Whitefield,3 BHK,2067.0,3,2,134.11
Super built-up  Area,Ready To Move,HSR Layout,2 BHK,1143.0,2,2,117.71
Super built-up  Area,Ready To Move,Bellandur,3 BHK,1933.0,3,1,168.79
Carpet  Area,Ready To Move,Electronic City,2 BHK,1180.0,2,1,67.17
Built-up  Area,Under Construction,Yelahanka,2 BHK,1639.0,2,2,103.45
Super built-up  Area,Ready To Move,Indiranagar,3 BHK,2090.0,3,2,272.06
Super built-up  Area,Ready To Move,Marathahalli,1 BHK,759.0,1,2,53.37
Built-up  Area,Ready To Move,Whitefield,2 BHK,1498.0,2,1,104.06
Super built-up  Area,Under Construction,Electronic City,2 BHK,975.0,2,1,47.84
Built-up  Area,Ready To Move,Koramangala,2 BHK,1128.0,3,1,167.97
Plot  Area,Ready To Move,Sarjapur Road,2 BHK,1117.0,2,2,82.9
Super built-up  Area,Ready To Move,Thanisandra,3 BHK,1900.0,4,1,133.3
Super built-up  Area,Ready To Move,Thanisandra,2 BHK,913.0,2,2,73.83
Built-up  Area,Under Construction,Whitefield,1 BHK,497.0,1,2,35.51
Carpet  Area,Ready To Move,HSR Layout,2 BHK,1483.0,2,1,171.52
Super built-up  Area,Ready To Move,HSR Layout,2 BHK,1438.0,3,2,143.42
Built-up  Area,Ready To Move,Sarjapur Road,2 BHK,929.0,3,2,82.71
Super built-up  Area,Under Construction,Marathahalli,3 BHK,1922.0,3,2,124.73
Super built-up  Area,Ready To Move,Yelahanka,3 BHK,1456.0,3,2,86.48
Built-up  Area,Under Construction,Bellandur,2 BHK,1274.0,2,1,106.83
Plot  Area,Ready To Move,Thanisandra,3 BHK,2020.0,4,1,178.75
Super built-up  Area,Under Construction,Hebbal,2 BHK,884.0,2,2,74.3
Built-up  Area,Under Construction,Marathahalli,2 BHK,1532.0,2,1,110.93
Super built-up  Area,Ready To Move,Bellandur,3 BHK,1609.0,3,1,113.83
Super built-up  Area,Ready To Move,Thanisandra,3 BHK,1984.0,3,2,140.01
Super built-up  Area,Ready To Move,Jayanagar,1 BHK,435.0,1,2,51.44
Super built-up  Area,Under Construction,Electronic City,2 BHK,840.0,2,2,39.93
Super built-up  Area,Ready To Move,Yelahanka,1 BHK,592.0,2,2,38.97
Super built-up  Area,Ready To Move,Electronic City,2 BHK,1201.0,2,3,56.54
Built-up  Area,Ready To Move,Sarjapur Road,2 BHK,1283.0,2,1,103.3
Built-up  Area,Ready To Move,Sarjapur Road,3 BHK,1968.0,4,2,143.29
Super built-up  Area,Ready To Move,Other,2 BHK,1047.0,3,2,56.83
Super built-up  Area,Under Construction,Jayanagar,1 BHK,667.0,2,2,85.05
Super built-up  Area,Under Construction,Bellandur,2 BHK,1320.0,3,1,96.26
Carpet  Area,Ready To Move,Thanisandra,3 BHK,2273.0,3,1,206.49
Super built-up  Area,Ready To Move,Indiranagar,2 BHK,1268.0,3,2,217.73
Super built-up  Area,Ready To Move,Marathahalli,2 BHK,1151.0,2,2,77.04
Super built-up  Area,Ready To Move,HSR Layout,2 BHK,1272.0,2,2,132.55
Super built-up  Area,Ready To Move,Sarjapur Road,3 BHK,1903.0,3,2,142.31
Super built-up  Area,Ready To Move,Electronic City,2 BHK,1392.0,3,2,79.61
Built-up  Area,Ready To Move,Yelahanka,1 BHK,510.0,1,1,36.31
Built-up  Area,Ready To Move,Thanisandra,2 BHK,1000.0,2,1,70.52
Super built-up  Area,Ready To Move,Sarjapur Road,2 BHK,1208.0,3,2,80.02
Super built-up  Area,Ready To Move,Whitefield,2 BHK,1525.0,3,2,96.3
Super built-up  Area,Ready To Move,Yelahanka,1 BHK,606.0,1,0,28.16
Plot  Area,Ready To Move,Whitefield,2 BHK,1236.0,3,2,95.71
Super built-up  Area,Ready To Move,Bellandur,3 BHK,1809.0,3,3,159.21
Built-up  Area,Ready To Move,Other,2 BHK,1547.0,2,2,98.57
Super built-up  Area,Ready To Move,Hebbal,3 BHK,1799.0,3,2,173.83
Super built-up  Area,Under Construction,Electronic City,2 BHK,1544.0,3,2,76.47
Super built-up  Area,Ready To Move,Bellandur,4 BHK,2526.0,5,0,194.29
Super built-up  Area,Ready To Move,Yelahanka,4 BHK,2808.0,5,0,188.23
Super built-up  Area,Ready To Move,HSR Layout,3 BHK,2090.0,3,3,209.38
Super built-up  Area,Ready To Move,Marathahalli,4 BHK,2851.0,4,0,177.61
Super built-up  Area,Ready To Move,Whitefield,2 BHK,1473.0,2,1,107.37
Super built-up  Area,Under Construction,HSR Layout,3 BHK,2253.0,4,1,175.64
Super built-up  Area,Ready To Move,Thanisandra,2 BHK,1600.0,2,3,107.61
Super built-up  Area,Under Construction,Jayanagar,3 BHK,2285.0,3,2,281.42
Super built-up  Area,Under Construction,Electronic City,2 BHK,1397.0,2,2,71.68
Plot  Area,Ready To Move,Yelahanka,2 BHK,1257.0,2,1,93.92
Super built-up  Area,Under Construction,Indiranagar,4 BHK,2392.0,4,1,318.5
Super built-up  Area,Ready To Move,Sarjapur Road,2 BHK,980.0,3,1,76.61
Super built-up  Area,Ready To Move,Whitefield,3 BHK,1415.0,3,2,101.1
Super built-up  Area,Under Construction,Jayanagar,3 BHK,2241.0,4,3,270.78
Super built-up  Area,Ready To Move,Electronic City,2 BHK,1489.0,2,1,92.45
Built-up  Area,Ready To Move,Sarjapur Road,2 BHK,1257.0,3,1,93.76
Super built-up  Area,Ready To Move,Sarjapur Road,2 BHK,1243.0,3,1,93.63
Super built-up  Area,Ready To Move,Jayanagar,4 BHK,2092.0,4,2,290.21
Plot  Area,Ready To Move,Bellandur,4 BHK,2185.0,4,1,181.9
Plot  Area,Under Construction,Yelahanka,3 BHK,2039.0,3,1,138.65
Carpet  Area,Ready To Move,Electronic City,3 BHK,2042.0,4,0,117.29
Built-up  Area,Under Construction,Koramangala,1 BHK,391.0,2,2,54.15
Plot  Area,Ready To Move,Indiranagar,2 BHK,1459.0,2,2,245.13
Super built-up  Area,Ready To Move,Yelahanka,2 BHK,1351.0,3,1,74.29
Super built-up  Area,Ready To Move,Rajaji Nagar,2 BHK,1027.0,2,2,118.05
Super built-up  Area,Ready To Move,Whitefield,2 BHK,1315.0,3,2,87.52
Built-up  Area,Ready To Move,Bellandur,2 BHK,1033.0,2,1,79.11
Plot  Area,Under Construction,Whitefield,3 BHK,2194.0,4,1,157.76
Super built-up  Area,Ready To Move,HSR Layout,2 BHK,1370.0,2,3,135.1
Super built-up  Area,Ready To Move,Electronic City,2 BHK,1100.0,2,1,42.24
Built-up  Area,Ready To Move,Sarjapur Road,1 BHK,627.0,2,1,51.09
Plot  Area,Ready To Move,Sarjapur Road,3 BHK,1399.0,3,2,131.85
Super built-up  Area,Ready To Move,Koramangala,2 BHK,1449.0,2,1,201.95
Carpet  Area,Ready To Move,Sarjapur Road,2 BHK,1054.0,2,3,101.68
Super built-up  Area,Under Construction,Thanisandra,3 BHK,1717.0,3,1,111.54
Super built-up  Area,Under Construction,Hebbal,2 BHK,1192.0,3,2,94.64
Super built-up  Area,Ready To Move,Whitefield,2 BHK,914.0,2,1,61.73
Super built-up  Area,Ready To Move,Yelahanka,3 BHK,1818.0,4,2,106.56
Super built-up  Area,Ready To Move,Electronic City,2 BHK,1543.0,2,2,83.31
Built-up  Area,Ready To Move,Hebbal,2 BHK,1245.0,2,2,137.58
Built-up  Area,Under Construction,Bellandur,2 BHK,1219.0,3,1,109.44
Built-up  Area,Under Construction,Sarjapur Road,2 BHK,904.0,2,2,59.8
Super built-up  Area,Ready To Move,Whitefield,2 BHK,1405.0,3,3,93.5
Super built-up  Area,Ready To Move,Sarjapur Road,1 BHK,503.0,1,2,38.35
Super built-up  Area,Ready To Move,Marathahalli,3 BHK,1606.0,3,1,94.67
Super built-up  Area,Under Construction,Koramangala,2 BHK,1097.0,3,2,163.38
Super built-up  Area,Under Construction,Bellandur,2 BHK,946.0,3,1,59.95
Super built-up  Area,Ready To Move,Koramangala,2 BHK,1386.0,2,3,188.79
Super built-up  Area,Under Construction,Electronic City,3 BHK,1590.0,3,0,76.79
Built-up  Area,Under Construction,Hebbal,3 BHK,1869.0,3,3,169.92
Super built-up  Area,Ready To Move,Thanisandra,2 BHK,1402.0,2,3,89.67
Carpet  Area,Under Construction,Whitefield,2 BHK,1064.0,2,1,89.87
Super built-up  Area,Ready To Move,Electronic City,2 BHK,1292.0,3,1,68.19
Carpet  Area,Ready To Move,Electronic City,2 BHK,1197.0,2,0,81.82
Super built-up  Area,Ready To Move,Hebbal,2 BHK,1377.0,2,1,119.19
Super built-up  Area,Ready To Move,Other,2 BHK,1237.0,3,1,72.12
Super built-up  Area,Under Construction,Whitefield,2 BHK,1109.0,2,0,62.9
Built-up  Area,Ready To Move,HSR Layout,1 BHK,788.0,2,1,73.52
Super built-up  Area,Ready To Move,Electronic City,1 BHK,435.0,1,1,20.68
Super built-up  Area,Ready To Move,Other,2 BHK,1334.0,3,2,75.32
Plot  Area,Ready To Move,Whitefield,2 BHK,1361.0,3,2,93.12
Super built-up  Area,Ready To Move,Hebbal,3 BHK,1543.0,3,2,145.7
Super built-up  Area,Ready To Move,Thanisandra,3 BHK,1802.0,3,1,117.65
Super built-up  Area,Ready To Move,Bellandur,4 BHK,2454.0,4,1,187.01
Built-up  Area,Under Construction,Hebbal,2 BHK,1291.0,3,1,121.96
Super built-up  Area,Under Construction,Sarjapur Road,2 BHK,1024.0,3,0,71.82
Super built-up  Area,Ready To Move,Sarjapur Road,3 BHK,1738.0,4,1,119.54
Super built-up  Area,Ready To Move,Electronic City,2 BHK,1356.0,2,0,71.71
Super built-up  Area,Under Construction,Electronic City,2 BHK,1164.0,2,1,56.16
Built-up  Area,Ready To Move,HSR Layout,2 BHK,1072.0,2,2,124.16
Super built-up  Area,Ready To Move,Electronic City,2 BHK,864.0,2,2,39.29
Super built-up  Area,Ready To Move,Electronic City,3 BHK,1385.0,4,2,77.99
Super built-up  Area,Ready To Move,Bellandur,3 BHK,1964.0,3,2,155.59
Super built-up  Area,Ready To Move,Marathahalli,4 BHK,2097.0,4,1,120.8
Super built-up  Area,Under Construction,Koramangala,4 BHK,2038.0,5,2,260.52
Super built-up  Area,Ready To Move,Whitefield,2 BHK,968.0,2,1,63.27
Super built-up  Area,Under Construction,Whitefield,1 BHK,683.0,1,0,42.19
Plot  Area,Ready To Move,Marathahalli,1 BHK,649.0,2,2,53.05
Super built-up  Area,Ready To Move,Sarjapur Road,2 BHK,1342.0,2,3,91.42
Super built-up  Area,Ready To Move,Whitefield,1 BHK,630.0,1,1,43.07
Super built-up  Area,Ready To Move,Indiranagar,2 BHK,840.0,3,2,128.07
Super built-up  Area,Under Construction,Koramangala,1 BHK,756.0,2,1,104.01
Plot  Area,Ready To Move,Koramangala,3 BHK,1599.0,3,1,256.91
Super built-up  Area,Under Construction,Electronic City,2 BHK,994.0,2,2,37.44
Super built-up  Area,Ready To Move,Whitefield,2 BHK,1310.0,2,3,84.92
Built-up  Area,Ready To Move,Marathahalli,1 BHK,552.0,1,0,41.03
Super built-up  Area,Under Construction,Electronic City,3 BHK,1983.0,3,0,100.19
Super built-up  Area,Ready To Move,Bellandur,3 BHK,1948.0,3,2,144.72
Super built-up  Area,Ready To Move,Bellandur,2 BHK,1263.0,3,1,103.5
Super built-up  Area,Ready To Move,Koramangala,3 BHK,1786.0,4,3,285.97
Super built-up  Area,Under Construction,Sarjapur Road,2 BHK,1303.0,2,3,99.06
Super built-up  Area,Ready To Move,Electronic City,3 BHK,1854.0,3,0,93.75
Super built-up  Area,Under Construction,Indiranagar,2 BHK,1229.0,2,2,187.05
Super built-up  Area,Under Construction,Jayanagar,2 BHK,1455.0,2,1,148.45
Super built-up  Area,Ready To Move,Marathahalli,1 BHK,467.0,2,2,33.19
Carpet  Area,Ready To Move,Whitefield,2 BHK,950.0,3,2,92.52
Super built-up  Area,Ready To Move,Electronic City,3 BHK,1823.0,4,0,102.08
Carpet  Area,Ready To Move,Marathahalli,3 BHK,2094.0,3,0,165.19
Super built-up  Area,Ready To Move,Thanisandra,2 BHK,1416.0,2,0,81.75
Built-up  Area,Ready To Move,Rajaji Nagar,2 BHK,1125.0,3,2,137.27
Super built-up  Area,Ready To Move,Electronic City,1 BHK,476.0,1,3,31.1
Super built-up  Area,Ready To Move,Indiranagar,1 BHK,711.0,1,2,96.22
Plot  Area,Under Construction,Bellandur,3 BHK,1846.0,4,2,171.44
Plot  Area,Under Construction,Bellandur,2 BHK,995.0,3,0,80.17
Super built-up  Area,Under Construction,Hebbal,2 BHK,1301.0,3,1,116.32
Super built-up  Area,Ready To Move,Whitefield,4 BHK,2425.0,4,1,168.56
Super built-up  Area,Ready To Move,Indiranagar,2 BHK,1578.0,3,1,239.67
Plot  Area,Ready To Move,Electronic City,2 BHK,1326.0,2,1,80.03
Super built-up  Area,Under Construction,Hebbal,2 BHK,1299.0,2,1,116.94
Built-up  Area,Ready To Move,Marathahalli,2 BHK,1247.0,3,2,82.16
Built-up  Area,Ready To Move,Sarjapur Road,2 BHK,1442.0,2,2,96.18
Built-up  Area,Ready To Move,Yelahanka,1 BHK,535.0,1,2,39.94
Super built-up  Area,Ready To Move,Electronic City,3 BHK,2105.0,3,2,116.09
Super built-up  Area,Ready To Move,Bellandur,3 BHK,1915.0,4,1,166.22
Carpet  Area,Ready To Move,Other,3 BHK,2290.0,3,1,148.45
Super built-up  Area,Ready To Move,Whitefield,3 BHK,1382.0,3,2,93.91
Built-up  Area,Ready To Move,Whitefield,2 BHK,1383.0,3,1,98.64
Super built-up  Area,Ready To Move,Hebbal,2 BHK,1030.0,3,2,90.37
Built-up  Area,Ready To Move,Whitefield,3 BHK,1521.0,4,2,123.23
Super built-up  Area,Under Construction,Thanisandra,2 BHK,1316.0,3,1,73.91
Super built-up  Area,Ready To Move,Rajaji Nagar,1 BHK,562.0,1,1,66.02
Built-up  Area,Ready To Move,Hebbal,1 BHK,634.0,1,1,60.18
Super built-up  Area,Under Construction,Electronic City,3 BHK,2134.0,4,0,113.74
Built-up  Area,Under Construction,Hebbal,1 BHK,641.0,2,0,56.49
Super built-up  Area,Ready To Move,Thanisandra,2 BHK,1063.0,2,2,74.05
Super built-up  Area,Ready To Move,Whitefield,2 BHK,975.0,2,1,62.22
Super built-up  Area,Under Construction,Indiranagar,3 BHK,2098.0,3,3,243.66
Super built-up  Area,Ready To Move,Koramangala,2 BHK,1411.0,2,2,200.4
Super built-up  Area,Under Construction,Koramangala,2 BHK,975.0,2,1,124.59
Built-up  Area,Ready To Move,Electronic City,3 BHK,1673.0,3,2,86.1
Built-up  Area,Under Construction,Thanisandra,3 BHK,1571.0,4,1,100.77
Super built-up  Area,Ready To Move,Whitefield,2 BHK,876.0,3,2,57.48
Super built-up  Area,Under Construction,Electronic City,2 BHK,1193.0,2,1,62.2
Built-up  Area,Ready To Move,Jayanagar,2 BHK,1345.0,2,2,220.59
Built-up  Area,Under Construction,Thanisandra,4 BHK,2497.0,4,2,151.91
Built-up  Area,Ready To Move,Whitefield,1 BHK,761.0,1,1,52.48
Built-up  Area,Ready To Move,Electronic City,2 BHK,1113.0,3,1,66.06
Super built-up  Area,Ready To Move,Electronic City,2 BHK,1124.0,2,2,50.32
Super built-up  Area,Under Construction,Electronic City,3 BHK,1501.0,4,0,65.6
Super built-up  Area,Ready To Move,Electronic City,3 BHK,1684.0,3,1,73.92
Super built-up  Area,Ready To Move,Whitefield,2 BHK,1386.0,2,1,90.24
Built-up  Area,Ready To Move,Hebbal,2 BHK,1279.0,3,1,129.52
Super built-up  Area,Under Construction,Thanisandra,4 BHK,2482.0,5,1,141.28
Plot  Area,Ready To Move,Koramangala,3 BHK,1564.0,3,2,255.8
Built-up  Area,Ready To Move,Bellandur,4 BHK,2629.0,4,3,223.24
Plot  Area,Ready To Move,Whitefield,3 BHK,1626.0,3,2,141.15
Plot  Area,Under Construction,Marathahalli,2 BHK,1401.0,3,2,98.84
Super built-up  Area,Ready To Move,Yelahanka,2 BHK,1260.0,2,2,97.18
Built-up  Area,Ready To Move,Yelahanka,3 BHK,1983.0,3,0,112.35
Super built-up  Area,Ready To Move,Yelahanka,2 BHK,1392.0,2,1,87.13
Super built-up  Area,Ready To Move,Marathahalli,2 BHK,870.0,2,2,61.63
Built-up  Area,Ready To Move,HSR Layout,2 BHK,1470.0,2,3,159.99
Super built-up  Area,Ready To Move,Electronic City,4 BHK,2924.0,4,1,129.26
Carpet  Area,Under Construction,Koramangala,1 BHK,661.0,1,2,115.84
Built-up  Area,Ready To Move,Thanisandra,2 BHK,954.0,2,1,70.06
Built-up  Area,Under Construction,Thanisandra,3 BHK,1661.0,4,1,121.72
Super built-up  Area,Ready To Move,HSR Layout,3 BHK,1811.0,3,1,180.87
Built-up  Area,Ready To Move,Whitefield,3 BHK,2223.0,3,2,157.86
Super built-up  Area,Ready To Move,Sarjapur Road,2 BHK,1344.0,2,2,100.31
Built-up  Area,Under Construction,Marathahalli,1 BHK,528.0,1,1,36.49
Super built-up  Area,Ready To Move,Indiranagar,2 BHK,1331.0,3,0,191.96
Built-up  Area,Ready To Move,HSR Layout,3 BHK,1845.0,3,2,195.61
Super built-up  Area,Ready To Move,Electronic City,2 BHK,1444.0,3,1,79.44
Super built-up  Area,Ready To Move,Sarjapur Road,3 BHK,1652.0,3,2,118.08
Super built-up  Area,Ready To Move,Rajaji Nagar,2 BHK,1338.0,2,1,170.84
Super built-up  Area,Under Construction,Bellandur,1 BHK,499.0,1,3,35.67
Built-up  Area,Ready To Move,Yelahanka,2 BHK,1568.0,2,2,108.11
Super built-up  Area,Ready To Move,Hebbal,3 BHK,1627.0,3,2,142.63
Super built-up  Area,Under Construction,Koramangala,5 BHK,2556.0,5,1,291.48
Super built-up  Area,Ready To Move,Electronic City,3 BHK,2118.0,3,0,105.46
Super built-up  Area,Under Construction,Bellandur,2 BHK,1030.0,2,0,74.1
Super built-up  Area,Ready To Move,Hebbal,3 BHK,1733.0,3,1,171.81
Built-up  Area,Under Construction,Hebbal,3 BHK,1640.0,3,3,151.07
Super built-up  Area,Under Construction,Koramangala,1 BHK,767.0,1,1,96.81
Super built-up  Area,Under Construction,Marathahalli,4 BHK,2409.0,4,2,137.72
Super built-up  Area,Ready To Move,Whitefield,2 BHK,1202.0,3,1,88.09
Super built-up  Area,Ready To Move,Yelahanka,4 BHK,2810.0,5,0,197.88
Super built-up  Area,Ready To Move,Sarjapur Road,3 BHK,1502.0,4,1,96.18
Super built-up  Area,Ready To Move,Hebbal,2 BHK,1437.0,3,1,117.51
Built-up  Area,Ready To Move,Whitefield,2 BHK,886.0,3,1,62.4
Super built-up  Area,Ready To Move,Sarjapur Road,2 BHK,1266.0,3,2,78.02
Super built-up  Area,Ready To Move,HSR Layout,2 BHK,1375.0,2,0,124.05
Super built-up  Area,Ready To Move,Whitefield,2 BHK,1499.0,2,1,88.44
Super built-up  Area,Under Construction,HSR Layout,3 BHK,1907.0,3,2,179.69
Carpet  Area,Under Construction,Marathahalli,2 BHK,1403.0,2,1,103.84
Super built-up  Area,Ready To Move,Whitefield,1 BHK,438.0,2,1,32.16
Carpet  Area,Under Construction,Thanisandra,4 BHK,2817.0,4,0,190.43
Super built-up  Area,Ready To Move,Hebbal,2 BHK,1426.0,3,0,150.94
Super built-up  Area,Ready To Move,Bellandur,3 BHK,1574.0,3,2,143.65
Super built-up  Area,Ready To Move,Electronic City,1 BHK,563.0,1,3,28.08
Super built-up  Area,Under Construction,Electronic City,3 BHK,1964.0,4,1,107.75
Super built-up  Area,Ready To Move,Electronic City,2 BHK,1134.0,3,1,54.04
Super built-up  Area,Ready To Move,Whitefield,3 BHK,1477.0,3,2,115.5
Super built-up  Area,Ready To Move,Electronic City,3 BHK,2006.0,3,2,100.65
Super built-up  Area,Ready To Move,Bellandur,3 BHK,1434.0,4,1,118.43
Super built-up  Area,Ready To Move,Rajaji Nagar,2 BHK,1543.0,2,2,199.85
Super built-up  Area,Ready To Move,Yelahanka,1 BHK,674.0,1,0,46.35
Plot  Area,Ready To Move,Bellandur,3 BHK,1493.0,4,1,131.57
Super built-up  Area,Under Construction,Whitefield,2 BHK,994.0,2,1,63.48
Built-up  Area,Ready To Move,Electronic City,2 BHK,916.0,2,2,54.73
Super built-up  Area,Ready To Move,Sarjapur Road,2 BHK,807.0,2,0,55.91
Super built-up  Area,Ready To Move,Electronic City,2 BHK,1458.0,2,2,62.39
Super built-up  Area,Ready To Move,HSR Layout,2 BHK,1007.0,2,1,102.77
Super built-up  Area,Ready To Move,HSR Layout,2 BHK,1119.0,2,2,111.84
Super built-up  Area,Ready To Move,Sarjapur Road,2 BHK,1363.0,2,2,86.22
Super built-up  Area,Ready To Move,Sarjapur Road,2 BHK,865.0,2,3,64.16
Super built-up  Area,Ready To Move,Yelahanka,2 BHK,1180.0,3,1,75.57
Super built-up  Area,Ready To Move,Yelahanka,3 BHK,2065.0,3,3,147.92
Plot  Area,Ready To Move,Sarjapur Road,3 BHK,2047.0,3,2,156.25
Super built-up  Area,Under Construction,Rajaji Nagar,1 BHK,656.0,2,3,75.7
Super built-up  Area,Ready To Move,Marathahalli,3 BHK,1876.0,3,2,132.89
Super built-up  Area,Ready To Move,Sarjapur Road,4 BHK,2534.0,5,2,174.94
Plot  Area,Ready To Move,Sarjapur Road,3 BHK,2180.0,3,1,170.6
Super built-up  Area,Ready To Move,HSR Layout,5 BHK,2836.0,5,1,221.05
Super built-up  Area,Ready To Move,Marathahalli,2 BHK,1087.0,2,1,78.56
Plot  Area,Ready To Move,Jayanagar,3 BHK,1356.0,3,1,209.5
Built-up  Area,Under Construction,Whitefield,3 BHK,1717.0,4,2,140.14
Super built-up  Area,Under Construction,Sarjapur Road,2 BHK,1480.0,2,1,91.62
Super built-up  Area,Ready To Move,Indiranagar,3 BHK,1494.0,3,3,228.17
Built-up  Area,Ready To Move,HSR Layout,2 BHK,1345.0,3,1,152.87
Built-up  Area,Ready To Move,Electronic City,2 BHK,1105.0,2,2,62.33
Super built-up  Area,Ready To Move,Jayanagar,2 BHK,1082.0,2,3,137.32
Super built-up  Area,Ready To Move,Bellandur,3 BHK,1740.0,4,3,148.61
Super built-up  Area,Ready To Move,Yelahanka,3 BHK,1752.0,4,1,115.47
Super built-up  Area,Ready To Move,Jayanagar,2 BHK,921.0,2,0,114.89
Built-up  Area,Ready To Move,Thanisandra,2 BHK,952.0,2,1,70.46
Super built-up  Area,Ready To Move,Hebbal,2 BHK,928.0,3,2,84.84
Carpet  Area,Ready To Move,Koramangala,2 BHK,1010.0,3,0,189.28
Built-up  Area,Ready To Move,Electronic City,3 BHK,1447.0,4,1,79.68
Super built-up  Area,Ready To Move,Bellandur,3 BHK,2033.0,4,2,166.59
Super built-up  Area,Ready To Move,Electronic City,3 BHK,2068.0,3,2,105.62
Super built-up  Area,Ready To Move,Bellandur,5 BHK,2926.0,5,1,253.28
Super built-up  Area,Ready To Move,Electronic City,3 BHK,2223.0,4,1,120.14
Built-up  Area,Ready To Move,Whitefield,2 BHK,1501.0,2,1,101.05
Super built-up  Area,Ready To Move,Electronic City,2 BHK,1128.0,2,1,56.64
Super built-up  Area,Ready To Move,Whitefield,2 BHK,1168.0,3,1,87.67
Super built-up  Area,Ready To Move,Thanisandra,2 BHK,985.0,2,1,76.15
Built-up  Area,Ready To Move,Thanisandra,3 BHK,1975.0,4,1,131.26
Super built-up  Area,Ready To Move,HSR Layout,2 BHK,1291.0,2,2,129.07
Super built-up  Area,Ready To Move,Electronic City,3 BHK,1949.0,3,2,101.43
Built-up  Area,Ready To Move,Whitefield,2 BHK,1478.0,2,2,95.83
Super built-up  Area,Ready To Move,Whitefield,3 BHK,1646.0,3,1,119.05
Built-up  Area,Under Construction,Electronic City,1 BHK,486.0,1,3,28.16
Super built-up  Area,Under Construction,Rajaji Nagar,1 BHK,530.0,2,2,69.16
Carpet  Area,Ready To Move,Electronic City,3 BHK,2035.0,4,1,131.97
Super built-up  Area,Ready To Move,Sarjapur Road,3 BHK,1840.0,3,1,154.69
Super built-up  Area,Ready To Move,Whitefield,3 BHK,2167.0,3,0,129.42
Super built-up  Area,Ready To Move,Electronic City,3 BHK,1556.0,3,1,75.72
Super built-up  Area,Ready To Move,HSR Layout,2 BHK,1097.0,2,2,112.75
Super built-up  Area,Ready To Move,Koramangala,2 BHK,1006.0,2,1,151.4
Super built-up  Area,Ready To Move,Electronic City,3 BHK,1249.0,3,3,63.4
Carpet  Area,Ready To Move,Whitefield,1 BHK,505.0,1,2,45.1
Plot  Area,Ready To Move,Sarjapur Road,3 BHK,1796.0,4,3,133.7
Super built-up  Area,Under Construction,Electronic City,2 BHK,1098.0,3,2,53.87
Super built-up  Area,Under Construction,Electronic City,2 BHK,1111.0,3,0,49.6
Super built-up  Area,Under Construction,Marathahalli,2 BHK,1497.0,2,2,90.22
Built-up  Area,Ready To Move,Koramangala,4 BHK,1992.0,4,1,304.2
Super built-up  Area,Ready To Move,Indiranagar,3 BHK,1867.0,3,1,290.84
Super built-up  Area,Ready To Move,Hebbal,3 BHK,1695.0,3,1,183.43
Built-up  Area,Under Construction,Hebbal,2 BHK,1586.0,3,1,156.3
Built-up  Area,Ready To Move,HSR Layout,1 BHK,504.0,1,3,54.88
Super built-up  Area,Under Construction,Bellandur,5 BHK,3165.0,5,1,203.13
Plot  Area,Ready To Move,Bellandur,2 BHK,1251.0,2,3,124.53
Plot  Area,Ready To Move,Electronic City,2 BHK,1168.0,2,2,74.24
Super built-up  Area,Ready To Move,HSR Layout,2 BHK,1246.0,2,1,126.79
Super built-up  Area,Ready To Move,Hebbal,2 BHK,1244.0,2,1,125.83
Carpet  Area,Under Construction,Jayanagar,2 BHK,1117.0,3,2,163.43
Super built-up  Area,Ready To Move,Koramangala,3 BHK,1861.0,3,1,257.0
Super built-up  Area,Under Construction,HSR Layout,4 BHK,2271.0,4,0,207.31
Super built-up  Area,Ready To Move,Whitefield,2 BHK,906.0,3,2,68.73
Plot  Area,Ready To Move,Koramangala,1 BHK,760.0,1,2,136.04
Built-up  Area,Under Construction,Whitefield,3 BHK,1745.0,3,1,107.26
Super built-up  Area,Ready To Move,Sarjapur Road,2 BHK,1309.0,3,1,81.98
Carpet  Area,Under Construction,Whitefield,5 BHK,3007.0,5,1,259.31
Built-up  Area,Ready To Move,Bellandur,1 BHK,673.0,1,2,66.61
Plot  Area,Ready To Move,Electronic City,1 BHK,518.0,1,1,33.7
Super built-up  Area,Ready To Move,Sarjapur Road,3 BHK,1627.0,3,2,121.65
Super built-up  Area,Under Construction,Rajaji Nagar,3 BHK,1770.0,3,0,187.98
Built-up  Area,Ready To Move,Electronic City,2 BHK,1412.0,3,1,73.9
Super built-up  Area,Ready To Move,HSR Layout,2 BHK,980.0,3,0,94.78
Built-up  Area,Under Construction,Hebbal,2 BHK,1254.0,2,1,100.23
Built-up  Area,Ready To Move,Whitefield,2 BHK,1017.0,3,3,87.0
Super built-up  Area,Under Construction,Yelahanka,2 BHK,1325.0,2,2,74.41
Built-up  Area,Ready To Move,Whitefield,3 BHK,2160.0,4,0,151.99
Super built-up  Area,Ready To Move,Hebbal,1 BHK,824.0,2,2,74.1
Super built-up  Area,Ready To Move,Indiranagar,2 BHK,1237.0,3,1,194.77
Super built-up  Area,Ready To Move,Koramangala,3 BHK,2120.0,4,1,359.43
Super built-up  Area,Ready To Move,Bellandur,1 BHK,620.0,2,2,50.39
Super built-up  Area,Ready To Move,Electronic City,3 BHK,1864.0,3,1,92.22
Built-up  Area,Ready To Move,Whitefield,3 BHK,1858.0,4,1,140.67
Built-up  Area,Ready To Move,Thanisandra,1 BHK,613.0,1,1,39.79
Super built-up  Area,Ready To Move,HSR Layout,3 BHK,1378.0,3,0,130.15
Built-up  Area,Ready To Move,Yelahanka,2 BHK,1233.0,2,2,90.8
Super built-up  Area,Ready To Move,Yelahanka,3 BHK,1514.0,3,2,102.43
Super built-up  Area,Under Construction,Jayanagar,3 BHK,1581.0,3,2,188.6
Super built-up  Area,Ready To Move,HSR Layout,3 BHK,2145.0,4,0,199.38
Super built-up  Area,Ready To Move,Sarjapur Road,2 BHK,1137.0,2,0,75.41
Built-up  Area,Ready To Move,Yelahanka,2 BHK,1141.0,2,2,68.41
Super built-up  Area,Ready To Move,Hebbal,2 BHK,1593.0,2,2,136.84
Built-up  Area,Ready To Move,Electronic City,3 BHK,1744.0,3,2,92.7
Built-up  Area,Under Construction,Jayanagar,4 BHK,2699.0,4,2,364.29
Carpet  Area,Under Construction,Rajaji Nagar,1 BHK,700.0,1,2,106.94
Super built-up  Area,Ready To Move,Hebbal,1 BHK,391.0,1,2,37.17
Super built-up  Area,Ready To Move,Whitefield,3 BHK,1554.0,3,2,102.66
Super built-up  Area,Ready To Move,Sarjapur Road,2 BHK,1182.0,2,2,79.16
Carpet  Area,Under Construction,Yelahanka,2 BHK,1001.0,3,1,66.31
Super built-up  Area,Ready To Move,Rajaji Nagar,2 BHK,1056.0,2,1,115.13
Super built-up  Area,Under Construction,Electronic City,2 BHK,783.0,2,2,44.67
Super built-up  Area,Ready To Move,Whitefield,4 BHK,2373.0,4,2,171.38
Super built-up  Area,Under Construction,Jayanagar,4 BHK,3056.0,4,2,377.46
Super built-up  Area,Under Construction,Sarjapur Road,2 BHK,908.0,2,1,63.69
Super built-up  Area,Ready To Move,HSR Layout,4 BHK,2240.0,4,2,243.3
Super built-up  Area,Ready To Move,Marathahalli,2 BHK,1036.0,2,3,68.55
Super built-up  Area,Ready To Move,Whitefield,3 BHK,2050.0,4,1,134.31
Super built-up  Area,Under Construction,Koramangala,2 BHK,946.0,3,2,135.8
Super built-up  Area,Under Construction,Whitefield,3 BHK,1733.0,4,2,116.66
Super built-up  Area,Ready To Move,Sarjapur Road,2 BHK,834.0,3,1,58.3
Carpet  Area,Ready To Move,Yelahanka,2 BHK,1342.0,3,1,112.99
Super built-up  Area,Under Construction,Hebbal,4 BHK,1933.0,4,2,179.94
Built-up  Area,Ready To Move,Other,2 BHK,1201.0,2,1,62.82
Super built-up  Area,Under Construction,Indiranagar,5 BHK,3267.0,5,0,462.02
Plot  Area,Under Construction,Sarjapur Road,1 BHK,582.0,2,2,47.31
Super built-up  Area,Under Construction,Electronic City,1 BHK,433.0,2,3,26.04
Super built-up  Area,Ready To Move,Sarjapur Road,3 BHK,1750.0,4,1,117.41
Super built-up  Area,Ready To Move,Sarjapur Road,2 BHK,1370.0,2,2,100.71
Built-up  Area,Ready To Move,Whitefield,2 BHK,1230.0,2,2,92.29
Super built-up  Area,Under Construction,Sarjapur Road,1 BHK,697.0,1,2,53.54
Super built-up  Area,Ready To Move,Hebbal,2 BHK,1105.0,2,1,106.12
Super built-up  Area,Ready To Move,Thanisandra,2 BHK,1024.0,2,0,68.2
Super built-up  Area,Ready To Move,Bellandur,2 BHK,966.0,3,1,82.4
Super built-up  Area,Ready To Move,Bellandur,3 BHK,2126.0,3,1,167.42
Super built-up  Area,Under Construction,Whitefield,3 BHK,1652.0,3,2,96.66
Super built-up  Area,Ready To Move,Electronic City,4 BHK,2324.0,4,0,129.56
Super built-up  Area,Ready To Move,Bellandur,3 BHK,1500.0,4,0,127.11
Built-up  Area,Ready To Move,HSR Layout,2 BHK,1135.0,2,2,112.05
Super built-up  Area,Under Construction,Whitefield,2 BHK,851.0,3,1,53.07
Super built-up  Area,Ready To Move,Yelahanka,2 BHK,1373.0,2,2,75.32
Built-up  Area,Ready To Move,Thanisandra,2 BHK,1294.0,2,2,85.08
Super built-up  Area,Ready To Move,HSR Layout,2 BHK,992.0,2,2,101.7
Super built-up  Area,Ready To Move,Whitefield,3 BHK,1953.0,3,1,133.32
Built-up  Area,Ready To Move,Thanisandra,3 BHK,1458.0,3,3,116.12
Super built-up  Area,Ready To Move,Indiranagar,3 BHK,1626.0,3,1,277.31
Super built-up  Area,Ready To Move,Yelahanka,2 BHK,1039.0,2,1,65.13
Carpet  Area,Ready To Move,Thanisandra,2 BHK,998.0,3,1,92.98
Plot  Area,Ready To Move,Yelahanka,3 BHK,1423.0,3,2,110.11
Super built-up  Area,Under Construction,HSR Layout,3 BHK,1662.0,4,2,151.99
Super built-up  Area,Ready To Move,Whitefield,3 BHK,1897.0,3,2,98.28
Super built-up  Area,Ready To Move,Bellandur,1 BHK,543.0,1,1,47.81
Super built-up  Area,Ready To Move,Koramangala,3 BHK,1492.0,4,1,176.03
Super built-up  Area,Under Construction,Thanisandra,3 BHK,1923.0,3,1,118.58
Super built-up  Area,Ready To Move,Electronic City,1 BHK,580.0,1,1,32.74
Plot  Area,Under Construction,Electronic City,2 BHK,1400.0,3,2,74.68
Plot  Area,Ready To Move,Rajaji Nagar,3 BHK,1889.0,4,2,272.86
Super built-up  Area,Ready To Move,Thanisandra,2 BHK,1001.0,3,1,63.75
Super built-up  Area,Ready To Move,Rajaji Nagar,3 BHK,1916.0,4,3,211.2
Super built-up  Area,Ready To Move,Thanisandra,2 BHK,924.0,2,1,65.87
Super built-up  Area,Ready To Move,Indiranagar,1 BHK,495.0,1,3,79.97
Super built-up  Area,Ready To Move,Bellandur,2 BHK,1117.0,2,2,83.97
Built-up  Area,Ready To Move,Rajaji Nagar,2 BHK,1561.0,2,2,188.06
Super built-up  Area,Ready To Move,Indiranagar,2 BHK,933.0,2,1,138.8
Plot  Area,Under Construction,Koramangala,3 BHK,2324.0,3,1,418.07
Super built-up  Area,Ready To Move,Electronic City,3 BHK,1962.0,4,2,102.26
Super built-up  Area,Ready To Move,Hebbal,5 BHK,3625.0,5,2,324.03
Super built-up  Area,Ready To Move,Thanisandra,1 BHK,645.0,1,1,43.08
Super built-up  Area,Ready To Move,Electronic City,2 BHK,1181.0,2,1,56.93
Plot  Area,Ready To Move,Electronic City,1 BHK,710.0,1,2,47.81
Built-up  Area,Ready To Move,Sarjapur Road,2 BHK,953.0,2,1,71.37
Super built-up  Area,Ready To Move,Electronic City,2 BHK,942.0,2,2,45.7
Super built-up  Area,Ready To Move,Electronic City,3 BHK,1943.0,3,1,104.71
Super built-up  Area,Under Construction,Hebbal,2 BHK,1108.0,3,2,89.01
Carpet  Area,Ready To Move,Rajaji Nagar,1 BHK,456.0,1,3,65.67
Built-up  Area,Ready To Move,HSR Layout,2 BHK,1422.0,2,2,143.36
Super built-up  Area,Ready To Move,Electronic City,2 BHK,1002.0,2,1,54.96
Super built-up  Area,Under Construction,Whitefield,3 BHK,2267.0,4,2,144.23
Super built-up  Area,Ready To Move,Bellandur,3 BHK,2033.0,3,2,173.56
Super built-up  Area,Ready To Move,Sarjapur Road,1 BHK,669.0,1,1,49.59
Super built-up  Area,Ready To Move,Yelahanka,3 BHK,1335.0,4,3,78.94
Super built-up  Area,Ready To Move,Bellandur,2 BHK,1303.0,2,2,111.42
Plot  Area,Ready To Move,Yelahanka,2 BHK,956.0,3,1,63.96
Super built-up  Area,Ready To Move,Electronic City,1 BHK,676.0,1,0,26.71
Super built-up  Area,Under Construction,Bellandur,3 BHK,1591.0,3,2,118.23
Plot  Area,Ready To Move,Electronic City,1 BHK,485.0,2,1,33.5
Super built-up  Area,Ready To Move,Marathahalli,2 BHK,1104.0,3,0,67.81
Super built-up  Area,Ready To Move,Koramangala,1 BHK,500.0,2,2,64.42
Super built-up  Area,Under Construction,Sarjapur Road,2 BHK,1085.0,2,2,74.81
Super built-up  Area,Ready To Move,Electronic City,3 BHK,1715.0,3,2,84.5
Super built-up  Area,Ready To Move,Electronic City,3 BHK,2301.0,3,2,123.18
Super built-up  Area,Ready To Move,Bellandur,3 BHK,1635.0,3,2,125.04
Built-up  Area,Ready To Move,Electronic City,4 BHK,1872.0,4,2,112.23
Super built-up  Area,Under Construction,Indiranagar,3 BHK,1985.0,3,2,241.47
Built-up  Area,Under Construction,Electronic City,2 BHK,1098.0,2,1,50.54
Super built-up  Area,Ready To Move,Bellandur,2 BHK,1157.0,2,1,93.35
Built-up  Area,Ready To Move,Yelahanka,2 BHK,1194.0,3,2,94.42
Built-up  Area,Under Construction,Thanisandra,2 BHK,1180.0,2,1,80.38
Built-up  Area,Ready To Move,Thanisandra,2 BHK,1081.0,3,2,72.79
Super built-up  Area,Ready To Move,Electronic City,3 BHK,1764.0,3,1,95.13
Built-up  Area,Ready To Move,Whitefield,1 BHK,521.0,1,2,40.94
Super built-up  Area,Ready To Move,Bellandur,3 BHK,2072.0,4,3,185.39
Plot  Area,Under Construction,Sarjapur Road,2 BHK,1167.0,2,1,85.7
Super built-up  Area,Ready To Move,Hebbal,1 BHK,350.0,2,1,36.41
Super built-up  Area,Ready To Move,Whitefield,2 BHK,1088.0,2,2,80.66
Super built-up  Area,Ready To Move,Electronic City,2 BHK,1195.0,2,2,62.18
Built-up  Area,Under Construction,Whitefield,1 BHK,702.0,1,2,48.58
Super built-up  Area,Ready To Move,Jayanagar,2 BHK,1076.0,3,1,132.79
Plot  Area,Ready To Move,Electronic City,2 BHK,1018.0,2,2,57.38
Carpet  Area,Under Construction,Indiranagar,1 BHK,735.0,1,0,123.77
Super built-up  Area,Ready To Move,Whitefield,3 BHK,2007.0,3,1,141.98
Super built-up  Area,Ready To Move,Bellandur,2 BHK,942.0,3,3,85.14
Built-up  Area,Ready To Move,Sarjapur Road,3 BHK,1870.0,3,2,108.49
Super built-up  Area,Ready To Move,Rajaji Nagar,2 BHK,1243.0,2,2,157.5
Super built-up  Area,Under Construction,Rajaji Nagar,2 BHK,1331.0,3,3,142.27
Plot  Area,Ready To Move,Sarjapur Road,3 BHK,2213.0,4,1,164.07
Carpet  Area,Under Construction,Rajaji Nagar,3 BHK,1771.0,3,0,296.75
Plot  Area,Ready To Move,Other,3 BHK,1867.0,3,1,116.82
Super built-up  Area,Under Construction,Yelahanka,2 BHK,1201.0,3,2,80.82
Super built-up  Area,Ready To Move,Jayanagar,1 BHK,720.0,2,0,109.39
Super built-up  Area,Ready To Move,Electronic City,3 BHK,1740.0,3,0,93.16
Super built-up  Area,Ready To Move,Indiranagar,2 BHK,1347.0,3,2,176.47
Super built-up  Area,Ready To Move,Whitefield,3 BHK,1582.0,4,1,107.03
Super built-up  Area,Ready To Move,Whitefield,2 BHK,1197.0,2,1,76.87
Super built-up  Area,Ready To Move,Other,2 BHK,1255.0,2,2,79.72
Built-up  Area,Ready To Move,Sarjapur Road,2 BHK,1094.0,3,2,82.84
Built-up  Area,Ready To Move,Thanisandra,3 BHK,1840.0,3,1,143.72
Built-up  Area,Ready To Move,Yelahanka,2 BHK,1364.0,2,1,96.43
Super built-up  Area,Ready To Move,Jayanagar,4 BHK,2315.0,5,1,291.61
Super built-up  Area,Under Construction,Other,2 BHK,1280.0,2,3,61.67
Built-up  Area,Ready To Move,Electronic City,3 BHK,1329.0,3,3,64.54
Super built-up  Area,Under Construction,Whitefield,2 BHK,895.0,2,1,61.6
Super built-up  Area,Ready To Move,Hebbal,3 BHK,2044.0,3,1,194.58
Super built-up  Area,Under Construction,Whitefield,1 BHK,500.0,1,2,37.18
Super built-up  Area,Ready To Move,Whitefield,3 BHK,2006.0,3,2,152.46
Super built-up  Area,Under Construction,Sarjapur Road,2 BHK,1383.0,2,1,94.69
Plot  Area,Ready To Move,Yelahanka,2 BHK,1335.0,2,1,99.08
Plot  Area,Ready To Move,Indiranagar,1 BHK,611.0,2,1,104.74
Super built-up  Area,Under Construction,Sarjapur Road,3 BHK,1641.0,4,3,98.9
Super built-up  Area,Ready To Move,Bellandur,2 BHK,924.0,2,1,80.38
Built-up  Area,Ready To Move,Electronic City,2 BHK,1187.0,3,1,70.47
Super built-up  Area,Under Construction,Whitefield,2 BHK,1205.0,2,3,66.42
Super built-up  Area,Ready To Move,Thanisandra,1 BHK,599.0,2,1,42.1
Plot  Area,Ready To Move,Koramangala,3 BHK,1834.0,3,1,313.65
Built-up  Area,Ready To Move,Thanisandra,2 BHK,1059.0,3,1,79.32
Plot  Area,Ready To Move,Whitefield,2 BHK,1478.0,3,1,97.86
Super built-up  Area,Under Construction,Yelahanka,2 BHK,1419.0,2,1,74.95
Super built-up  Area,Ready To Move,Koramangala,2 BHK,1442.0,2,0,172.54
Built-up  Area,Ready To Move,Indiranagar,2 BHK,1219.0,3,1,198.47
Super built-up  Area,Ready To Move,Koramangala,2 BHK,1268.0,3,2,168.61
Built-up  Area,Ready To Move,Jayanagar,2 BHK,1351.0,2,1,169.24
Super built-up  Area,Under Construction,Indiranagar,2 BHK,1054.0,2,2,158.84
Built-up  Area,Ready To Move,Indiranagar,3 BHK,1496.0,3,2,218.41
Super built-up  Area,Ready To Move,Other,1 BHK,760.0,2,1,52.06
Super built-up  Area,Ready To Move,Thanisandra,3 BHK,2215.0,4,2,179.9
Super built-up  Area,Under Construction,Hebbal,2 BHK,1265.0,3,1,112.25
Built-up  Area,Ready To Move,Bellandur,3 BHK,2090.0,3,0,182.76
Super built-up  Area,Ready To Move,Sarjapur Road,2 BHK,921.0,3,2,66.16
Super built-up  Area,Ready To Move,Electronic City,2 BHK,1169.0,2,2,65.98
Plot  Area,Ready To Move,Indiranagar,3 BHK,1551.0,3,1,262.15
Super built-up  Area,Ready To Move,Marathahalli,3 BHK,1537.0,3,1,89.25
Super built-up  Area,Ready To Move,Marathahalli,2 BHK,1151.0,2,1,72.42
Super built-up  Area,Under Construction,Sarjapur Road,2 BHK,1270.0,2,2,87.63
Plot  Area,Under Construction,HSR Layout,1 BHK,545.0,1,2,52.43
Super built-up  Area,Under Construction,Electronic City,4 BHK,1999.0,5,1,75.01
Super built-up  Area,Ready To Move,Other,3 BHK,1687.0,4,2,85.32
Built-up  Area,Ready To Move,Other,2 BHK,1175.0,3,1,72.29
Super built-up  Area,Ready To Move,Koramangala,3 BHK,1348.0,3,2,181.87
Super built-up  Area,Ready To Move,Yelahanka,2 BHK,1002.0,3,1,63.37
Super built-up  Area,Ready To Move,Thanisandra,3 BHK,1449.0,3,0,96.12
Built-up  Area,Under Construction,Indiranagar,2 BHK,1332.0,2,2,197.57
Super built-up  Area,Ready To Move,Whitefield,2 BHK,958.0,2,3,66.45
Plot  Area,Under Construction,Hebbal,1 BHK,631.0,1,2,75.68
Plot  Area,Ready To Move,Bellandur,4 BHK,1803.0,4,1,156.99
Super built-up  Area,Ready To Move,Bellandur,3 BHK,2036.0,4,2,148.99
Built-up  Area,Ready To Move,Sarjapur Road,3 BHK,1803.0,3,2,142.12
Super built-up  Area,Under Construction,Marathahalli,2 BHK,1570.0,2,1,99.23
Super built-up  Area,Under Construction,Electronic City,2 BHK,1394.0,2,2,64.04
Super built-up  Area,Ready To Move,HSR Layout,2 BHK,1033.0,2,1,100.6
Plot  Area,Ready To Move,Bellandur,3 BHK,1445.0,4,2,129.13
Super built-up  Area,Under Construction,Bellandur,4 BHK,2117.0,4,2,166.34
Super built-up  Area,Ready To Move,Koramangala,2 BHK,1435.0,2,2,200.85
Super built-up  Area,Ready To Move,Electronic City,3 BHK,1917.0,3,0,88.11
Super built-up  Area,Ready To Move,Electronic City,3 BHK,1520.0,4,2,73.62
Super built-up  Area,Ready To Move,Koramangala,2 BHK,850.0,2,2,121.0
Super built-up  Area,Ready To Move,Indiranagar,2 BHK,1337.0,2,2,199.86
Super built-up  Area,Under Construction,Electronic City,2 BHK,992.0,3,1,49.1
Super built-up  Area,Ready To Move,Bellandur,3 BHK,2259.0,3,1,162.21
Super built-up  Area,Ready To Move,Hebbal,3 BHK,1374.0,3,1,133.63
Super built-up  Area,Ready To Move,Bellandur,3 BHK,1553.0,3,2,114.97
Plot  Area,Ready To Move,Yelahanka,3 BHK,1721.0,3,1,125.44
Carpet  Area,Ready To Move,Electronic City,2 BHK,1581.0,2,2,95.69
Super built-up  Area,Ready To Move,Whitefield,3 BHK,2017.0,3,2,132.64
Super built-up  Area,Ready To Move,Thanisandra,3 BHK,2010.0,3,2,137.91
Carpet  Area,Ready To Move,Koramangala,3 BHK,1724.0,3,2,299.46
Built-up  Area,Ready To Move,Bellandur,2 BHK,1135.0,2,1,99.65
Super built-up  Area,Ready To Move,Yelahanka,3 BHK,2109.0,4,3,140.85
Super built-up  Area,Ready To Move,Yelahanka,3 BHK,2087.0,3,2,143.15
Super built-up  Area,Ready To Move,Marathahalli,3 BHK,1848.0,4,1,132.28
Super built-up  Area,Ready To Move,HSR Layout,3 BHK,1870.0,3,1,189.75
Super built-up  Area,Ready To Move,HSR Layout,2 BHK,1192.0,2,1,105.31
Plot  Area,Ready To Move,Hebbal,3 BHK,1840.0,4,0,183.52
Super built-up  Area,Ready To Move,Electronic City,2 BHK,1343.0,3,1,63.72
Built-up  Area,Ready To Move,Indiranagar,1 BHK,417.0,1,2,61.86
Built-up  Area,Ready To Move,Electronic City,3 BHK,1948.0,3,1,89.69
Built-up  Area,Ready To Move,Marathahalli,2 BHK,968.0,2,1,73.44
Plot  Area,Under Construction,Indiranagar,2 BHK,1024.0,2,1,141.2
Carpet  Area,Under Construction,Indiranagar,4 BHK,3147.0,4,0,554.12
Super built-up  Area,Under Construction,Sarjapur Road,1 BHK,519.0,2,2,33.13
Carpet  Area,Ready To Move,Whitefield,4 BHK,1916.0,4,2,138.42
Built-up  Area,Under Construction,Whitefield,2 BHK,1340.0,2,2,87.37
Super built-up  Area,Ready To Move,Hebbal,2 BHK,1480.0,3,3,141.23
Built-up  Area,Ready To Move,Whitefield,2 BHK,900.0,3,2,63.34
Built-up  Area,Ready To Move,Koramangala,3 BHK,1691.0,3,0,249.59
Plot  Area,Under Construction,Rajaji Nagar,2 BHK,973.0,2,2,125.61
Super built-up  Area,Ready To Move,Rajaji Nagar,5 BHK,3576.0,6,2,398.6
Super built-up  Area,Under Construction,Bellandur,3 BHK,1693.0,4,2,117.28
Super built-up  Area,Ready To Move,Electronic City,3 BHK,1593.0,4,3,89.65
Super built-up  Area,Under Construction,Jayanagar,1 BHK,494.0,1,1,64.18
Super built-up  Area,Under Construction,Rajaji Nagar,2 BHK,1237.0,2,1,129.73
Super built-up  Area,Under Construction,Electronic City,4 BHK,2525.0,5,2,106.74
Built-up  Area,Ready To Move,Thanisandra,2 BHK,1499.0,2,3,113.91
Super built-up  Area,Under Construction,Electronic City,2 BHK,1513.0,2,1,77.25
Super built-up  Area,Under Construction,Yelahanka,2 BHK,1283.0,2,1,69.79
Super built-up  Area,Ready To Move,Other,4 BHK,2523.0,4,2,137.32
Super built-up  Area,Ready To Move,Whitefield,2 BHK,813.0,2,2,59.81
Super built-up  Area,Ready To Move,Rajaji Nagar,2 BHK,941.0,3,2,111.03
Super built-up  Area,Ready To Move,Koramangala,3 BHK,2139.0,3,2,320.8
Super built-up  Area,Under Construction,Other,4 BHK,2955.0,4,1,146.26
Super built-up  Area,Ready To Move,Hebbal,1 BHK,465.0,2,1,41.72
Super built-up  Area,Ready To Move,Jayanagar,2 BHK,1416.0,3,1,184.09
Super built-up  Area,Ready To Move,Whitefield,2 BHK,1588.0,2,1,115.69
Super built-up  Area,Ready To Move,Sarjapur Road,1 BHK,753.0,1,2,53.76
Super built-up  Area,Ready To Move,Whitefield,2 BHK,1380.0,2,2,103.71
Super built-up  Area,Under Construction,Other,2 BHK,936.0,3,2,49.25
Built-up  Area,Ready To Move,Yelahanka,2 BHK,1463.0,2,2,96.1
Built-up  Area,Under Construction,Jayanagar,2 BHK,1300.0,3,3,183.47
Super built-up  Area,Under Construction,Marathahalli,2 BHK,922.0,2,2,49.5
Super built-up  Area,Ready To Move,Whitefield,4 BHK,2563.0,5,0,182.55
Built-up  Area,Ready To Move,Sarjapur Road,2 BHK,1016.0,2,1,79.45
Super built-up  Area,Ready To Move,Whitefield,2 BHK,1370.0,2,2,94.54
Plot  Area,Ready To Move,Electronic City,2 BHK,1319.0,3,1,79.83
Plot  Area,Ready To Move,Electronic City,2 BHK,1102.0,3,1,67.1
Plot  Area,Ready To Move,Hebbal,3 BHK,1931.0,3,3,201.21
Built-up  Area,Under Construction,Electronic City,3 BHK,1355.0,4,1,63.51
Built-up  Area,Ready To Move,Whitefield,2 BHK,1047.0,3,2,82.8
Super built-up  Area,Ready To Move,Electronic City,3 BHK,1893.0,3,1,93.09
Built-up  Area,Under Construction,Whitefield,3 BHK,1489.0,3,1,99.13
Built-up  Area,Under Construction,Other,2 BHK,1249.0,3,2,71.19
Built-up  Area,Under Construction,Thanisandra,2 BHK,821.0,2,2,54.22
Super built-up  Area,Under Construction,Marathahalli,3 BHK,1772.0,4,2,109.16
Super built-up  Area,Ready To Move,Hebbal,4 BHK,3028.0,5,1,266.1
Plot  Area,Under Construction,Electronic City,2 BHK,1044.0,3,1,55.74
Super built-up  Area,Under Construction,Yelahanka,2 BHK,1240.0,3,2,71.12
Built-up  Area,Ready To Move,Sarjapur Road,3 BHK,2108.0,3,1,161.95
Carpet  Area,Ready To Move,Sarjapur Road,2 BHK,813.0,2,1,74.54
Built-up  Area,Ready To Move,Electronic City,3 BHK,2126.0,4,0,99.13
Carpet  Area,Ready To Move,Whitefield,1 BHK,575.0,1,0,51.64
Built-up  Area,Ready To Move,Electronic City,1 BHK,499.0,1,1,25.91
Super built-up  Area,Ready To Move,Sarjapur Road,2 BHK,1240.0,2,0,91.77
Built-up  Area,Ready To Move,Bellandur,3 BHK,1717.0,3,0,152.12
Super built-up  Area,Ready To Move,Whitefield,2 BHK,976.0,2,1,66.68
Super built-up  Area,Ready To Move,Electronic City,3 BHK,1471.0,4,1,70.44
Super built-up  Area,Under Construction,Yelahanka,2 BHK,969.0,2,3,60.2
Super built-up  Area,Ready To Move,Whitefield,2 BHK,1151.0,2,2,84.76
Super built-up  Area,Ready To Move,Sarjapur Road,2 BHK,1392.0,3,2,101.47
Super built-up  Area,Ready To Move,Jayanagar,3 BHK,1460.0,4,1,172.34
Super built-up  Area,Ready To Move,Electronic City,3 BHK,2107.0,3,2,118.02
Built-up  Area,Ready To Move,Whitefield,1 BHK,481.0,1,1,37.36
Super built-up  Area,Ready To Move,HSR Layout,2 BHK,1447.0,3,2,148.12
Super built-up  Area,Under Construction,Sarjapur Road,3 BHK,2134.0,3,2,142.24
Built-up  Area,Ready To Move,Indiranagar,2 BHK,840.0,3,1,139.13
Built-up  Area,Ready To Move,Yelahanka,2 BHK,1226.0,2,2,86.55
Plot  Area,Ready To Move,Whitefield,2 BHK,1297.0,2,2,98.96
Super built-up  Area,Ready To Move,Indiranagar,5 BHK,2906.0,5,2,394.43
Plot  Area,Under Construction,HSR Layout,4 BHK,2648.0,5,0,239.18
Super built-up  Area,Ready To Move,Whitefield,1 BHK,626.0,1,2,38.95
Super built-up  Area,Under Construction,Koramangala,2 BHK,1121.0,2,1,147.96
Super built-up  Area,Ready To Move,Electronic City,3 BHK,1463.0,4,3,73.87
Super built-up  Area,Ready To Move,HSR Layout,2 BHK,1263.0,2,2,113.77
Super built-up  Area,Under Construction,Whitefield,2 BHK,1315.0,2,2,85.58
Super built-up  Area,Under Construction,Hebbal,2 BHK,1439.0,2,1,113.91
Super built-up  Area,Under Construction,Sarjapur Road,1 BHK,596.0,1,2,36.84
Built-up  Area,Ready To Move,Yelahanka,3 BHK,1275.0,3,2,77.37
Built-up  Area,Under Construction,Whitefield,2 BHK,857.0,3,2,61.67
Super built-up  Area,Ready To Move,Hebbal,2 BHK,1093.0,2,2,96.28
Super built-up  Area,Under Construction,Hebbal,2 BHK,1134.0,3,1,97.31
Super built-up  Area,Ready To Move,Thanisandra,3 BHK,1650.0,4,1,97.0
Carpet  Area,Ready To Move,Indiranagar,3 BHK,1899.0,4,1,380.08
Super built-up  Area,Under Construction,Bellandur,2 BHK,1112.0,2,2,77.65
Super built-up  Area,Ready To Move,Thanisandra,3 BHK,1539.0,3,3,110.26
Super built-up  Area,Ready To Move,Jayanagar,1 BHK,678.0,1,1,90.46
Super built-up  Area,Under Construction,Sarjapur Road,3 BHK,2198.0,3,3,145.7
Super built-up  Area,Ready To Move,HSR Layout,2 BHK,1099.0,2,1,92.41
Super built-up  Area,Ready To Move,Jayanagar,2 BHK,1557.0,3,3,223.14
Built-up  Area,Ready To Move,Other,2 BHK,1105.0,2,1,62.64
Built-up  Area,Ready To Move,Rajaji Nagar,2 BHK,1092.0,2,2,135.15
Built-up  Area,Ready To Move,Sarjapur Road,3 BHK,1682.0,3,3,127.69
Super built-up  Area,Ready To Move,Electronic City,3 BHK,1952.0,3,1,99.52
Super built-up  Area,Ready To Move,HSR Layout,3 BHK,1419.0,3,1,124.97
Plot  Area,Ready To Move,Thanisandra,1 BHK,632.0,1,2,47.43
Plot  Area,Ready To Move,HSR Layout,4 BHK,2348.0,5,2,273.24
Super built-up  Area,Ready To Move,HSR Layout,2 BHK,1183.0,2,1,109.24
Super built-up  Area,Ready To Move,Yelahanka,3 BHK,1580.0,3,2,106.72
Super built-up  Area,Under Construction,Sarjapur Road,3 BHK,1465.0,4,1,97.19
Super built-up  Area,Ready To Move,Jayanagar,2 BHK,1057.0,2,1,133.48
Built-up  Area,Ready To Move,Hebbal,3 BHK,1394.0,3,1,149.01
Carpet  Area,Ready To Move,Sarjapur Road,1 BHK,808.0,1,1,64.21
Super built-up  Area,Under Construction,Hebbal,1 BHK,676.0,1,3,63.51
Super built-up  Area,Ready To Move,Thanisandra,3 BHK,1254.0,3,2,87.94
Plot  Area,Under Construction,Whitefield,2 BHK,1327.0,2,1,96.77
Super built-up  Area,Ready To Move,Electronic City,2 BHK,1534.0,2,1,80.73
Carpet  Area,Ready To Move,Marathahalli,2 BHK,1481.0,2,2,133.51
Built-up  Area,Ready To Move,Electronic City,2 BHK,1186.0,2,1,61.71
Plot  Area,Under Construction,Indiranagar,1 BHK,466.0,2,0,77.83
Super built-up  Area,Ready To Move,Indiranagar,3 BHK,2092.0,3,1,297.3
Super built-up  Area,Ready To Move,HSR Layout,1 BHK,735.0,2,2,68.94
Super built-up  Area,Ready To Move,Koramangala,3 BHK,1799.0,3,1,270.64
Super built-up  Area,Ready To Move,Electronic City,3 BHK,2025.0,4,2,107.47
Super built-up  Area,Ready To Move,Indiranagar,2 BHK,1248.0,2,0,151.33
Carpet  Area,Ready To Move,Sarjapur Road,3 BHK,1775.0,3,1,161.94
Built-up  Area,Ready To Move,Bellandur,2 BHK,1219.0,2,2,107.79
Built-up  Area,Under Construction,Whitefield,2 BHK,1489.0,3,0,99.69
Super built-up  Area,Ready To Move,Indiranagar,2 BHK,1504.0,3,1,229.15
Built-up  Area,Under Construction,Electronic City,2 BHK,1268.0,3,2,66.15
Built-up  Area,Under Construction,Electronic City,5 BHK,3015.0,5,1,163.4
Super built-up  Area,Under Construction,Electronic City,2 BHK,867.0,2,2,36.28
Plot  Area,Under Construction,Electronic City,3 BHK,1829.0,3,1,95.93
Super built-up  Area,Under Construction,Yelahanka,3 BHK,1446.0,3,2,81.38
Super built-up  Area,Ready To Move,Electronic City,1 BHK,681.0,1,3,38.32
Super built-up  Area,Ready To Move,Marathahalli,4 BHK,2069.0,4,0,126.79
Built-up  Area,Ready To Move,Marathahalli,4 BHK,2248.0,5,1,148.42
Super built-up  Area,Ready To Move,Indiranagar,4 BHK,1938.0,4,2,291.06
Super built-up  Area,Ready To Move,Whitefield,2 BHK,1399.0,3,0,103.02
Super built-up  Area,Ready To Move,Sarjapur Road,2 BHK,918.0,3,1,73.02
Super built-up  Area,Ready To Move,Yelahanka,2 BHK,1258.0,2,2,75.73
Super built-up  Area,Under Construction,Sarjapur Road,3 BHK,2007.0,3,0,130.67
Super built-up  Area,Ready To Move,Whitefield,2 BHK,1298.0,3,2,94.64
Super built-up  Area,Ready To Move,Indiranagar,3 BHK,1510.0,3,1,210.77
Super built-up  Area,Ready To Move,Jayanagar,3 BHK,1730.0,3,1,242.27
Plot  Area,Ready To Move,Yelahanka,2 BHK,1153.0,2,1,81.56
Super built-up  Area,Under Construction,Electronic City,2 BHK,1397.0,2,0,67.13
Built-up  Area,Ready To Move,Bellandur,4 BHK,2133.0,5,0,193.65
Super built-up  Area,Ready To Move,Electronic City,2 BHK,1102.0,3,1,68.96
Super built-up  Area,Ready To Move,Electronic City,2 BHK,1298.0,3,2,67.5
Super built-up  Area,Ready To Move,Jayanagar,1 BHK,534.0,1,2,73.12
Super built-up  Area,Ready To Move,Electronic City,2 BHK,985.0,2,2,52.53
Super built-up  Area,Ready To Move,Electronic City,2 BHK,1001.0,3,2,57.25
Plot  Area,Ready To Move,Whitefield,1 BHK,602.0,1,2,43.85
Plot  Area,Ready To Move,Jayanagar,1 BHK,726.0,1,2,108.3
Super built-up  Area,Under Construction,Yelahanka,2 BHK,1416.0,2,1,76.61
Super built-up  Area,Ready To Move,Koramangala,2 BHK,1184.0,2,1,163.4
Carpet  Area,Ready To Move,Thanisandra,1 BHK,630.0,1,1,53.17
Super built-up  Area,Ready To Move,Electronic City,3 BHK,2197.0,3,1,118.98
Super built-up  Area,Ready To Move,Hebbal,2 BHK,1416.0,2,2,156.19
Carpet  Area,Under Construction,Sarjapur Road,2 BHK,1067.0,2,0,88.1
Carpet  Area,Ready To Move,Whitefield,3 BHK,2116.0,3,0,197.21
Super built-up  Area,Under Construction,HSR Layout,2 BHK,1019.0,3,2,98.22
Super built-up  Area,Ready To Move,Marathahalli,2 BHK,1427.0,2,3,90.47
Super built-up  Area,Under Construction,Whitefield,3 BHK,2039.0,3,2,133.65
Plot  Area,Ready To Move,Sarjapur Road,2 BHK,1283.0,3,2,92.52
Plot  Area,Ready To Move,Electronic City,3 BHK,1952.0,3,0,132.64
Super built-up  Area,Ready To Move,Electronic City,3 BHK,2047.0,3,2,108.08
Built-up  Area,Ready To Move,Rajaji Nagar,2 BHK,1166.0,2,0,154.4
Built-up  Area,Ready To Move,Hebbal,1 BHK,412.0,1,1,42.03
Built-up  Area,Ready To Move,Hebbal,1 BHK,575.0,1,1,56.18
Built-up  Area,Under Construction,Thanisandra,1 BHK,774.0,1,2,54.45
Built-up  Area,Ready To Move,Electronic City,3 BHK,1950.0,3,1,107.6
Super built-up  Area,Ready To Move,HSR Layout,2 BHK,960.0,3,1,101.56
Super built-up  Area,Under Construction,Hebbal,1 BHK,424.0,1,3,33.82
Built-up  Area,Ready To Move,Indiranagar,2 BHK,1478.0,2,1,245.99
Super built-up  Area,Under Construction,Other,2 BHK,1200.0,3,1,57.32
Super built-up  Area,Ready To Move,Thanisandra,2 BHK,1281.0,2,0,73.01
Built-up  Area,Ready To Move,Sarjapur Road,2 BHK,972.0,3,2,70.52
Built-up  Area,Ready To Move,Yelahanka,3 BHK,1591.0,3,2,100.81
Plot  Area,Under Construction,Electronic City,1 BHK,532.0,1,1,25.85
Super built-up  Area,Under Construction,Whitefield,2 BHK,1391.0,2,2,79.8
Super built-up  Area,Under Construction,Electronic City,1 BHK,761.0,1,2,37.65
Super built-up  Area,Ready To Move,Sarjapur Road,2 BHK,1373.0,2,1,94.91
Plot  Area,Under Construction,HSR Layout,2 BHK,1148.0,2,2,104.37
Super built-up  Area,Ready To Move,Koramangala,1 BHK,646.0,1,1,83.14
Built-up  Area,Ready To Move,Rajaji Nagar,2 BHK,1262.0,2,2,158.89
Built-up  Area,Under Construction,HSR Layout,2 BHK,1103.0,2,1,107.17
Super built-up  Area,Ready To Move,HSR Layout,2 BHK,1151.0,2,1,115.06
Carpet  Area,Ready To Move,Whitefield,3 BHK,1656.0,4,3,158.23
Plot  Area,Ready To Move,Whitefield,2 BHK,1331.0,3,2,96.42
Super built-up  Area,Under Construction,Indiranagar,3 BHK,2100.0,3,2,273.23
Super built-up  Area,Ready To Move,Hebbal,2 BHK,1350.0,2,2,137.17
Super built-up  Area,Ready To Move,Yelahanka,3 BHK,2203.0,3,2,139.72
Super built-up  Area,Under Construction,Electronic City,2 BHK,946.0,2,0,43.56
Plot  Area,Ready To Move,Whitefield,2 BHK,1515.0,3,1,100.67
Carpet  Area,Ready To Move,Hebbal,3 BHK,1837.0,3,0,231.77
Super built-up  Area,Ready To Move,Electronic City,3 BHK,1524.0,4,2,78.67
Super built-up  Area,Under Construction,Whitefield,4 BHK,2691.0,5,1,161.87
Super built-up  Area,Ready To Move,Thanisandra,1 BHK,556.0,2,3,47.99
Super built-up  Area,Ready To Move,Whitefield,2 BHK,1504.0,2,2,113.79
Super built-up  Area,Ready To Move,Koramangala,2 BHK,1003.0,2,2,143.98
Super built-up  Area,Ready To Move,Electronic City,3 BHK,1410.0,4,2,87.11
Super built-up  Area,Ready To Move,Electronic City,5 BHK,2582.0,6,1,150.06
Built-up  Area,Ready To Move,Sarjapur Road,2 BHK,986.0,2,1,74.1
Built-up  Area,Ready To Move,Yelahanka,3 BHK,2131.0,3,1,142.93
Super built-up  Area,Under Construction,Sarjapur Road,2 BHK,1156.0,2,1,76.7
Built-up  Area,Ready To Move,Thanisandra,2 BHK,1240.0,2,3,97.18
Built-up  Area,Under Construction,Whitefield,2 BHK,1386.0,2,1,104.64
Plot  Area,Ready To Move,Thanisandra,1 BHK,524.0,1,1,40.09
Super built-up  Area,Ready To Move,Electronic City,2 BHK,1070.0,2,2,45.28
Plot  Area,Ready To Move,Bellandur,2 BHK,1088.0,3,1,87.05
Plot  Area,Under Construction,Indiranagar,2 BHK,1321.0,2,1,207.91
Super built-up  Area,Ready To Move,Marathahalli,2 BHK,955.0,2,1,59.23
Super built-up  Area,Under Construction,Sarjapur Road,3 BHK,2018.0,3,2,110.65
Plot  Area,Ready To Move,Whitefield,2 BHK,966.0,3,2,81.87
Built-up  Area,Ready To Move,Whitefield,2 BHK,1240.0,2,2,90.62
Plot  Area,Ready To Move,Yelahanka,2 BHK,1010.0,2,1,63.78
Built-up  Area,Ready To Move,HSR Layout,3 BHK,1494.0,3,1,164.31
Super built-up  Area,Ready To Move,Thanisandra,1 BHK,543.0,2,2,40.8
Super built-up  Area,Ready To Move,Electronic City,5 BHK,2289.0,6,0,103.83
Super built-up  Area,Ready To Move,Sarjapur Road,2 BHK,1172.0,2,2,84.33
Carpet  Area,Ready To Move,Whitefield,2 BHK,1085.0,3,1,82.44
Super built-up  Area,Ready To Move,Marathahalli,2 BHK,1034.0,3,2,62.69
Super built-up  Area,Ready To Move,Bellandur,1 BHK,483.0,1,1,45.32
Built-up  Area,Ready To Move,Marathahalli,2 BHK,1188.0,2,2,77.53
Built-up  Area,Ready To Move,Electronic City,2 BHK,1060.0,3,2,64.26
Super built-up  Area,Ready To Move,Koramangala,2 BHK,1086.0,3,2,170.42
Super built-up  Area,Under Construction,Bellandur,2 BHK,1591.0,2,2,103.92
Super built-up  Area,Ready To Move,Sarjapur Road,3 BHK,2200.0,4,1,165.79
Super built-up  Area,Under Construction,Jayanagar,3 BHK,2069.0,4,2,262.87
Built-up  Area,Ready To Move,Marathahalli,2 BHK,1167.0,3,1,85.3
Super built-up  Area,Ready To Move,Rajaji Nagar,2 BHK,1199.0,2,0,152.28
Plot  Area,Ready To Move,Thanisandra,2 BHK,1195.0,2,2,94.25
Built-up  Area,Ready To Move,Electronic City,1 BHK,415.0,1,1,22.94
Built-up  Area,Ready To Move,Electronic City,3 BHK,2170.0,4,1,120.68
Super built-up  Area,Ready To Move,Marathahalli,3 BHK,1916.0,3,0,128.28
Super built-up  Area,Ready To Move,Whitefield,2 BHK,1110.0,2,1,77.38
Super built-up  Area,Ready To Move,Thanisandra,1 BHK,477.0,1,2,35.24
Super built-up  Area,Under Construction,Bellandur,2 BHK,1282.0,2,2,81.31
Built-up  Area,Ready To Move,Koramangala,3 BHK,1625.0,4,1,251.66
Super built-up  Area,Ready To Move,Other,2 BHK,1180.0,3,1,69.34
Built-up  Area,Under Construction,Sarjapur Road,4 BHK,2752.0,4,1,181.92
Super built-up  Area,Ready To Move,Sarjapur Road,5 BHK,3256.0,6,2,221.04
Super built-up  Area,Ready To Move,Whitefield,3 BHK,2058.0,3,2,152.96
Carpet  Area,Under Construction,Hebbal,2 BHK,1287.0,3,1,136.22
Super built-up  Area,Ready To Move,Electronic City,2 BHK,1077.0,2,1,52.33
Super built-up  Area,Ready To Move,Sarjapur Road,2 BHK,1423.0,3,2,112.36
Super built-up  Area,Ready To Move,Yelahanka,5 BHK,3618.0,5,0,230.34
Super built-up  Area,Ready To Move,Marathahalli,2 BHK,1015.0,2,2,57.36
Built-up  Area,Ready To Move,Electronic City,3 BHK,1810.0,3,2,108.25
Super built-up  Area,Ready To Move,Sarjapur Road,4 BHK,2787.0,4,0,194.91
Super built-up  Area,Ready To Move,Marathahalli,3 BHK,2141.0,3,2,142.49
Super built-up  Area,Ready To Move,Whitefield,2 BHK,997.0,2,1,67.93
Plot  Area,Under Construction,Whitefield,2 BHK,1040.0,2,1,75.65
Super built-up  Area,Under Construction,Electronic City,2 BHK,1079.0,2,1,52.47
Super built-up  Area,Under Construction,Indiranagar,2 BHK,1059.0,2,3,153.87
Super built-up  Area,Under Construction,Electronic City,4 BHK,2440.0,5,0,115.96
Super built-up  Area,Ready To Move,Marathahalli,3 BHK,2070.0,3,2,136.72
Super built-up  Area,Under Construction,Hebbal,2 BHK,1003.0,3,1,76.94
Super built-up  Area,Ready To Move,HSR Layout,2 BHK,1636.0,2,1,162.58
Super built-up  Area,Ready To Move,Electronic City,2 BHK,1367.0,3,0,73.58
Super built-up  Area,Ready To Move,Hebbal,2 BHK,1070.0,2,0,114.5
Super built-up  Area,Ready To Move,Bellandur,1 BHK,541.0,1,1,45.38
Plot  Area,Under Construction,Thanisandra,2 BHK,1228.0,2,2,78.98
Built-up  Area,Ready To Move,Thanisandra,4 BHK,2236.0,4,2,151.04
Super built-up  Area,Ready To Move,Indiranagar,4 BHK,2815.0,4,2,433.54
Super built-up  Area,Ready To Move,Rajaji Nagar,2 BHK,1177.0,2,1,131.76
Built-up  Area,Ready To Move,Yelahanka,3 BHK,1752.0,3,0,131.33
Plot  Area,Under Construction,Thanisandra,2 BHK,1356.0,3,2,94.16
Super built-up  Area,Under Construction,Whitefield,3 BHK,1411.0,3,2,93.51
Built-up  Area,Ready To Move,Whitefield,1 BHK,623.0,1,2,45.57
Super built-up  Area,Ready To Move,Electronic City,2 BHK,984.0,2,3,49.47
Super built-up  Area,Ready To Move,Bellandur,1 BHK,459.0,1,0,39.6
Carpet  Area,Under Construction,Hebbal,2 BHK,1259.0,2,2,149.08
Built-up  Area,Ready To Move,Hebbal,3 BHK,1386.0,3,2,147.53
Plot  Area,Under Construction,Rajaji Nagar,5 BHK,2395.0,6,3,330.41
Super built-up  Area,Ready To Move,Rajaji Nagar,3 BHK,1867.0,4,3,230.02
Super built-up  Area,Under Construction,Rajaji Nagar,3 BHK,1918.0,4,1,223.3
Super built-up  Area,Ready To Move,Sarjapur Road,2 BHK,1370.0,2,1,98.49
Super built-up  Area,Ready To Move,Bellandur,2 BHK,1109.0,2,2,83.12
Super built-up  Area,Ready To Move,Electronic City,3 BHK,1337.0,4,2,69.76
Super built-up  Area,Under Construction,Electronic City,2 BHK,1431.0,3,1,68.94
Super built-up  Area,Under Construction,Electronic City,1 BHK,582.0,2,1,29.56
Super built-up  Area,Ready To Move,Sarjapur Road,3 BHK,2024.0,3,3,137.31
Built-up  Area,Ready To Move,Hebbal,2 BHK,1096.0,3,1,95.77
Plot  Area,Under Construction,Yelahanka,1 BHK,480.0,1,1,29.06
Super built-up  Area,Under Construction,Whitefield,2 BHK,1366.0,2,1,76.47
Super built-up  Area,Ready To Move,Thanisandra,1 BHK,468.0,2,3,40.59
Super built-up  Area,Ready To Move,HSR Layout,3 BHK,2146.0,3,0,197.54
Plot  Area,Ready To Move,Electronic City,3 BHK,1221.0,3,1,76.49
Super built-up  Area,Under Construction,HSR Layout,2 BHK,1403.0,2,3,137.74
Built-up  Area,Ready To Move,Sarjapur Road,4 BHK,2393.0,4,1,210.22
Built-up  Area,Ready To Move,Indiranagar,3 BHK,1686.0,3,1,266.52
Super built-up  Area,Ready To Move,Hebbal,1 BHK,617.0,1,3,61.93
Super built-up  Area,Ready To Move,Electronic City,3 BHK,1904.0,3,2,104.33
Carpet  Area,Ready To Move,Whitefield,2 BHK,1302.0,2,3,115.45
Super built-up  Area,Ready To Move,HSR Layout,3 BHK,1964.0,4,2,203.38
Built-up  Area,Ready To Move,Rajaji Nagar,3 BHK,1675.0,3,0,226.79
Carpet  Area,Under Construction,Sarjapur Road,2 BHK,1268.0,2,2,108.11
Super built-up  Area,Under Construction,Thanisandra,3 BHK,1376.0,3,3,92.56
Plot  Area,Ready To Move,Bellandur,3 BHK,1430.0,3,1,130.44
Plot  Area,Ready To Move,Marathahalli,2 BHK,1006.0,3,2,76.47
Built-up  Area,Ready To Move,Yelahanka,1 BHK,923.0,1,3,62.57
Super built-up  Area,Under Construction,Indiranagar,1 BHK,582.0,1,3,73.29
Super built-up  Area,Under Construction,Bellandur,1 BHK,718.0,2,1,62.3
Super built-up  Area,Ready To Move,Rajaji Nagar,1 BHK,563.0,1,0,71.28
Built-up  Area,Under Construction,Sarjapur Road,2 BHK,1496.0,2,1,104.46
Built-up  Area,Ready To Move,Sarjapur Road,2 BHK,1197.0,3,1,102.95
Super built-up  Area,Ready To Move,Whitefield,1 BHK,479.0,1,2,36.2
Super built-up  Area,Ready To Move,Yelahanka,3 BHK,1625.0,4,2,98.83
Super built-up  Area,Under Construction,Yelahanka,5 BHK,2341.0,6,0,135.0
Built-up  Area,Ready To Move,Whitefield,3 BHK,2085.0,3,2,152.44
Built-up  Area,Under Construction,Indiranagar,2 BHK,1229.0,3,2,192.85
Plot  Area,Under Construction,Hebbal,3 BHK,1976.0,3,1,187.47
Built-up  Area,Ready To Move,Whitefield,4 BHK,2327.0,4,1,151.79
Built-up  Area,Ready To Move,Other,3 BHK,2093.0,4,2,122.2
Built-up  Area,Ready To Move,Electronic City,3 BHK,1852.0,4,2,87.52
Super built-up  Area,Under Construction,Whitefield,3 BHK,1756.0,4,1,104.7
Super built-up  Area,Ready To Move,Indiranagar,2 BHK,1445.0,2,3,200.58
Plot  Area,Ready To Move,Thanisandra,1 BHK,569.0,2,0,50.07
Built-up  Area,Under Construction,Whitefield,2 BHK,988.0,3,1,70.37
Super built-up  Area,Under Construction,Bellandur,1 BHK,593.0,1,2,44.62
Super built-up  Area,Ready To Move,HSR Layout,5 BHK,2197.0,5,1,196.1
Super built-up  Area,Under Construction,Whitefield,2 BHK,904.0,3,1,54.34
Super built-up  Area,Ready To Move,Electronic City,4 BHK,1952.0,4,2,104.48
Super built-up  Area,Ready To Move,Indiranagar,3 BHK,2105.0,4,2,312.01
Super built-up  Area,Ready To Move,Sarjapur Road,2 BHK,813.0,2,1,51.9
Super built-up  Area,Under Construction,Marathahalli,1 BHK,686.0,2,3,42.92
Super built-up  Area,Ready To Move,Yelahanka,2 BHK,1269.0,3,1,83.54
Built-up  Area,Ready To Move,Other,3 BHK,2128.0,3,3,132.1
Super built-up  Area,Ready To Move,Electronic City,3 BHK,1821.0,3,1,90.68
Super built-up  Area,Under Construction,Marathahalli,4 BHK,2573.0,5,2,180.96
Super built-up  Area,Ready To Move,Hebbal,2 BHK,1193.0,3,1,111.07
Super built-up  Area,Ready To Move,Sarjapur Road,2 BHK,1436.0,2,2,102.25
Super built-up  Area,Ready To Move,Whitefield,1 BHK,456.0,1,2,31.4
Built-up  Area,Ready To Move,Whitefield,2 BHK,1355.0,2,1,91.83
Built-up  Area,Ready To Move,Bellandur,3 BHK,1774.0,3,1,118.57
Super built-up  Area,Under Construction,Hebbal,2 BHK,1526.0,2,1,126.79
Super built-up  Area,Ready To Move,Electronic City,2 BHK,1196.0,2,2,67.8
Super built-up  Area,Under Construction,Koramangala,2 BHK,1404.0,3,2,187.85
Carpet  Area,Ready To Move,Electronic City,2 BHK,1438.0,2,1,93.96
Carpet  Area,Ready To Move,Indiranagar,3 BHK,1864.0,4,1,351.62
Super built-up  Area,Ready To Move,Sarjapur Road,2 BHK,1370.0,2,3,94.23
Built-up  Area,Ready To Move,Yelahanka,2 BHK,1067.0,3,1,69.15
Built-up  Area,Under Construction,Yelahanka,3 BHK,1468.0,3,2,91.76
Built-up  Area,Ready To Move,Hebbal,2 BHK,1071.0,3,2,122.38
Built-up  Area,Ready To Move,Sarjapur Road,3 BHK,1838.0,3,0,143.61
Carpet  Area,Ready To Move,Sarjapur Road,4 BHK,2807.0,4,1,237.79
Super built-up  Area,Ready To Move,Yelahanka,3 BHK,1879.0,4,2,115.88
Super built-up  Area,Ready To Move,Sarjapur Road,2 BHK,1139.0,3,1,83.43
Built-up  Area,Ready To Move,Electronic City,3 BHK,1363.0,3,2,75.39
Built-up  Area,Under Construction,Whitefield,3 BHK,2139.0,4,2,150.11
Built-up  Area,Ready To Move,Hebbal,2 BHK,742.0,3,2,68.73
Super built-up  Area,Ready To Move,HSR Layout,3 BHK,1478.0,3,0,173.24
Super built-up  Area,Ready To Move,Jayanagar,2 BHK,1272.0,2,2,166.48
Super built-up  Area,Under Construction,Electronic City,3 BHK,1681.0,4,1,83.5
Super built-up  Area,Ready To Move,Sarjapur Road,2 BHK,901.0,2,1,68.84
Super built-up  Area,Ready To Move,Yelahanka,4 BHK,2824.0,4,2,180.48
Carpet  Area,Ready To Move,Yelahanka,2 BHK,1003.0,2,2,77.69
Super built-up  Area,Ready To Move,Sarjapur Road,2 BHK,1387.0,2,1,103.05
Built-up  Area,Ready To Move,Hebbal,2 BHK,1104.0,2,1,121.43
Super built-up  Area,Under Construction,Sarjapur Road,2 BHK,1487.0,3,2,88.35
Built-up  Area,Under Construction,Marathahalli,2 BHK,1029.0,2,2,64.91
Super built-up  Area,Ready To Move,Whitefield,1 BHK,446.0,1,1,31.93
Built-up  Area,Ready To Move,Marathahalli,2 BHK,958.0,2,1,67.73
Super built-up  Area,Ready To Move,Bellandur,2 BHK,1331.0,3,1,90.91
Super built-up  Area,Under Construction,HSR Layout,2 BHK,914.0,3,1,69.5
Super built-up  Area,Ready To Move,Whitefield,1 BHK,626.0,2,1,40.53
Super built-up  Area,Under Construction,Hebbal,2 BHK,1163.0,2,1,105.25
Plot  Area,Under Construction,Hebbal,2 BHK,1146.0,3,2,123.02
Plot  Area,Ready To Move,Electronic City,2 BHK,999.0,2,2,51.84
Carpet  Area,Ready To Move,Bellandur,2 BHK,1444.0,2,0,125.61
Built-up  Area,Ready To Move,Other,2 BHK,1397.0,3,1,89.09
Carpet  Area,Ready To Move,Indiranagar,1 BHK,615.0,1,1,112.86
Built-up  Area,Ready To Move,Thanisandra,2 BHK,1490.0,3,0,118.05
Super built-up  Area,Ready To Move,Whitefield,2 BHK,1289.0,3,2,83.88
Super built-up  Area,Ready To Move,Hebbal,2 BHK,1043.0,2,1,95.47
Super built-up  Area,Under Construction,Whitefield,2 BHK,1379.0,2,3,86.88
Super built-up  Area,Ready To Move,Koramangala,2 BHK,1199.0,3,1,200.0
Super built-up  Area,Ready To Move,Marathahalli,3 BHK,1477.0,4,2,84.27
Super built-up  Area,Under Construction,Bellandur,3 BHK,1375.0,3,2,85.81
Built-up  Area,Ready To Move,Whitefield,5 BHK,2585.0,6,1,171.53
Super built-up  Area,Ready To Move,Sarjapur Road,2 BHK,1153.0,3,2,82.65
Super built-up  Area,Ready To Move,Indiranagar,2 BHK,1104.0,2,1,146.37
Built-up  Area,Ready To Move,Hebbal,4 BHK,2428.0,5,1,263.67
Built-up  Area,Ready To Move,Yelahanka,2 BHK,1295.0,2,1,83.27
Carpet  Area,Under Construction,Yelahanka,2 BHK,1226.0,2,2,89.87
Super built-up  Area,Under Construction,Koramangala,2 BHK,986.0,2,1,145.31
Super built-up  Area,Ready To Move,Sarjapur Road,2 BHK,1221.0,2,2,89.76
Super built-up  Area,Under Construction,Electronic City,1 BHK,688.0,2,1,34.81
Super built-up  Area,Under Construction,Whitefield,3 BHK,1740.0,4,1,118.21
Super built-up  Area,Ready To Move,Sarjapur Road,5 BHK,2353.0,5,3,161.21
Super built-up  Area,Ready To Move,Hebbal,1 BHK,623.0,1,0,59.5
Carpet  Area,Ready To Move,Bellandur,3 BHK,1548.0,3,2,170.64
Super built-up  Area,Ready To Move,Bellandur,2 BHK,1065.0,3,2,79.5
Super built-up  Area,Ready To Move,Whitefield,2 BHK,1136.0,2,2,79.61
Super built-up  Area,Ready To Move,Sarjapur Road,3 BHK,1486.0,4,1,101.0
Built-up  Area,Ready To Move,Electronic City,1 BHK,800.0,1,1,39.44
Super built-up  Area,Ready To Move,Electronic City,2 BHK,1086.0,2,2,58.73
Super built-up  Area,Ready To Move,Yelahanka,1 BHK,568.0,1,2,39.18
Super built-up  Area,Ready To Move,Whitefield,2 BHK,1090.0,2,1,68.1
Super built-up  Area,Ready To Move,Hebbal,2 BHK,1463.0,2,2,142.41
Super built-up  Area,Ready To Move,Electronic City,3 BHK,1512.0,3,1,89.96
Super built-up  Area,Under Construction,Jayanagar,3 BHK,1898.0,3,1,249.7
Super built-up  Area,Ready To Move,Indiranagar,2 BHK,929.0,2,2,129.91
Built-up  Area,Ready To Move,Electronic City,2 BHK,1389.0,2,1,73.01
Super built-up  Area,Ready To Move,HSR Layout,4 BHK,2846.0,4,1,265.02
Built-up  Area,Ready To Move,Thanisandra,3 BHK,2109.0,4,1,151.54
Super built-up  Area,Ready To Move,Marathahalli,2 BHK,1246.0,2,2,79.84
Super built-up  Area,Ready To Move,Electronic City,2 BHK,1331.0,3,1,62.87
Super built-up  Area,Ready To Move,Rajaji Nagar,2 BHK,1248.0,3,0,157.35
Super built-up  Area,Ready To Move,Marathahalli,2 BHK,925.0,3,0,65.88
Super built-up  Area,Ready To Move,Rajaji Nagar,3 BHK,1807.0,3,1,198.72
Super built-up  Area,Ready To Move,Koramangala,2 BHK,1024.0,3,2,144.1
Built-up  Area,Ready To Move,Koramangala,4 BHK,2544.0,5,3,482.71
Built-up  Area,Ready To Move,Hebbal,2 BHK,1567.0,3,2,149.95
Built-up  Area,Under Construction,Thanisandra,2 BHK,1077.0,2,1,60.75
Super built-up  Area,Ready To Move,HSR Layout,1 BHK,606.0,2,2,54.83
Super built-up  Area,Ready To Move,Bellandur,2 BHK,1076.0,3,2,94.3
Super built-up  Area,Ready To Move,Hebbal,2 BHK,1113.0,3,1,112.46
Built-up  Area,Under Construction,Thanisandra,2 BHK,1546.0,3,2,111.62
Super built-up  Area,Ready To Move,Yelahanka,5 BHK,3317.0,5,2,198.22
Super built-up  Area,Ready To Move,Whitefield,2 BHK,1199.0,2,2,77.34
Plot  Area,Ready To Move,Yelahanka,2 BHK,1286.0,3,1,97.99
Super built-up  Area,Ready To Move,HSR Layout,2 BHK,1029.0,3,2,102.04
Super built-up  Area,Ready To Move,Jayanagar,1 BHK,442.0,2,0,59.15
Super built-up  Area,Under Construction,Hebbal,2 BHK,992.0,2,2,86.58
Super built-up  Area,Ready To Move,Sarjapur Road,2 BHK,1449.0,2,1,111.4
Plot  Area,Under Construction,Rajaji Nagar,2 BHK,935.0,2,1,124.59
Super built-up  Area,Ready To Move,Electronic City,3 BHK,1375.0,3,0,69.3
Carpet  Area,Under Construction,Jayanagar,2 BHK,1085.0,2,1,160.7
Super built-up  Area,Ready To Move,HSR Layout,3 BHK,1617.0,3,1,156.41
Super built-up  Area,Ready To Move,HSR Layout,1 BHK,576.0,1,1,56.9
Built-up  Area,Under Construction,Sarjapur Road,2 BHK,1070.0,2,2,76.1
Super built-up  Area,Ready To Move,Indiranagar,2 BHK,1492.0,2,1,187.75
Super built-up  Area,Under Construction,Sarjapur Road,1 BHK,500.0,2,1,30.97
Super built-up  Area,Ready To Move,Whitefield,2 BHK,913.0,2,3,57.95
Super built-up  Area,Under Construction,Electronic City,2 BHK,1284.0,2,2,63.59
Built-up  Area,Ready To Move,Whitefield,5 BHK,3290.0,5,1,273.39
Built-up  Area,Under Construction,Other,3 BHK,2019.0,3,1,110.43
Built-up  Area,Ready To Move,Marathahalli,2 BHK,1264.0,2,2,85.44
Built-up  Area,Ready To Move,Sarjapur Road,1 BHK,709.0,2,1,63.59
Super built-up  Area,Ready To Move,Thanisandra,1 BHK,456.0,2,3,39.79
Super built-up  Area,Under Construction,Sarjapur Road,1 BHK,527.0,2,3,40.85
Built-up  Area,Ready To Move,Bellandur,3 BHK,2151.0,4,3,172.64
Carpet  Area,Ready To Move,Yelahanka,3 BHK,1592.0,3,1,119.06
Super built-up  Area,Ready To Move,Marathahalli,2 BHK,1096.0,3,2,82.0
Super built-up  Area,Ready To Move,Hebbal,2 BHK,1322.0,3,3,134.65
Super built-up  Area,Ready To Move,Yelahanka,2 BHK,1375.0,2,1,97.59
Super built-up  Area,Under Construction,Electronic City,3 BHK,1937.0,4,1,94.9
Super built-up  Area,Ready To Move,Other,2 BHK,1311.0,3,1,77.79
Super built-up  Area,Ready To Move,Whitefield,4 BHK,1946.0,4,1,144.19
Super built-up  Area,Under Construction,Koramangala,3 BHK,1927.0,3,3,264.18
Built-up  Area,Ready To Move,Bellandur,4 BHK,2221.0,4,2,188.23
Built-up  Area,Ready To Move,Bellandur,2 BHK,856.0,3,1,80.09
Carpet  Area,Ready To Move,Whitefield,2 BHK,1348.0,3,3,120.98
Super built-up  Area,Under Construction,Marathahalli,3 BHK,1785.0,3,1,94.26
Super built-up  Area,Ready To Move,Electronic City,3 BHK,2193.0,3,2,111.62
Super built-up  Area,Ready To Move,Koramangala,1 BHK,689.0,1,1,87.42
Super built-up  Area,Ready To Move,Electronic City,5 BHK,2866.0,5,3,137.09
Super built-up  Area,Ready To Move,Sarjapur Road,4 BHK,2575.0,5,2,185.07
Built-up  Area,Under Construction,HSR Layout,1 BHK,350.0,1,3,38.28
Super built-up  Area,Ready To Move,Hebbal,2 BHK,878.0,3,1,92.54
Carpet  Area,Ready To Move,Electronic City,2 BHK,1391.0,2,2,83.53
Built-up  Area,Under Construction,Electronic City,3 BHK,1734.0,4,1,80.48
Built-up  Area,Ready To Move,Hebbal,3 BHK,1390.0,3,1,126.73
Built-up  Area,Ready To Move,Thanisandra,2 BHK,1311.0,2,1,87.58
Super built-up  Area,Under Construction,Rajaji Nagar,1 BHK,530.0,1,1,56.14
Built-up  Area,Under Construction,Whitefield,2 BHK,1001.0,2,1,63.71
Super built-up  Area,Under Construction,Sarjapur Road,1 BHK,582.0,1,1,40.3
Plot  Area,Under Construction,Whitefield,2 BHK,1259.0,3,1,86.84
Super built-up  Area,Ready To Move,Whitefield,3 BHK,1981.0,4,0,135.13
Super built-up  Area,Under Construction,Bellandur,3 BHK,2178.0,3,2,173.98
Super built-up  Area,Ready To Move,Koramangala,2 BHK,1332.0,2,2,173.19
Super built-up  Area,Under Construction,Electronic City,3 BHK,1683.0,3,2,81.57
Super built-up  Area,Under Construction,Electronic City,2 BHK,1221.0,3,1,51.61
Super built-up  Area,Ready To Move,Whitefield,2 BHK,1072.0,3,2,79.32
Plot  Area,Ready To Move,Yelahanka,3 BHK,2007.0,3,3,147.32
Super built-up  Area,Ready To Move,Other,2 BHK,1292.0,3,0,80.91
Super built-up  Area,Under Construction,Whitefield,2 BHK,766.0,2,2,51.18
Super built-up  Area,Under Construction,Electronic City,2 BHK,1397.0,3,1,70.2
Super built-up  Area,Ready To Move,Jayanagar,2 BHK,1026.0,3,2,122.49
Super built-up  Area,Ready To Move,Marathahalli,3 BHK,1795.0,4,2,117.17
Built-up  Area,Under Construction,Hebbal,2 BHK,1046.0,2,2,102.72
Super built-up  Area,Ready To Move,Whitefield,1 BHK,690.0,1,2,51.56
Super built-up  Area,Ready To Move,Whitefield,3 BHK,1605.0,4,0,102.08
Super built-up  Area,Ready To Move,Indiranagar,1 BHK,583.0,1,2,89.29
Super built-up  Area,Under Construction,Sarjapur Road,2 BHK,1041.0,2,1,75.57
Super built-up  Area,Under Construction,Whitefield,2 BHK,1518.0,3,2,101.95
Built-up  Area,Ready To Move,Indiranagar,4 BHK,2196.0,4,0,402.76
Super built-up  Area,Ready To Move,Whitefield,3 BHK,1370.0,3,2,95.5
Super built-up  Area,Ready To Move,Yelahanka,2 BHK,1420.0,2,2,84.59
Super built-up  Area,Under Construction,Sarjapur Road,3 BHK,1581.0,4,2,106.17
Super built-up  Area,Ready To Move,Whitefield,2 BHK,1209.0,3,1,77.9
Built-up  Area,Ready To Move,Indiranagar,2 BHK,1270.0,2,1,187.69
Super built-up  Area,Ready To Move,Sarjapur Road,3 BHK,2003.0,3,1,143.5
Super built-up  Area,Under Construction,Other,2 BHK,1099.0,2,0,52.45
Built-up  Area,Ready To Move,HSR Layout,3 BHK,1883.0,3,0,192.34
Super built-up  Area,Ready To Move,Electronic City,1 BHK,719.0,1,3,37.32
Plot  Area,Under Construction,Bellandur,2 BHK,1361.0,2,1,113.42
Super built-up  Area,Under Construction,Electronic City,2 BHK,1305.0,3,0,75.38
Super built-up  Area,Ready To Move,Rajaji Nagar,2 BHK,1329.0,2,2,175.94
Plot  Area,Ready To Move,Sarjapur Road,2 BHK,1035.0,2,2,92.09
Built-up  Area,Ready To Move,HSR Layout,2 BHK,1137.0,3,1,104.48
Super built-up  Area,Ready To Move,Whitefield,3 BHK,1419.0,3,1,98.51
Built-up  Area,Ready To Move,Hebbal,1 BHK,649.0,2,1,65.5
Super built-up  Area,Ready To Move,Yelahanka,2 BHK,1290.0,3,2,76.99
Super built-up  Area,Ready To Move,Yelahanka,2 BHK,1181.0,3,1,65.06
Super built-up  Area,Under Construction,Electronic City,2 BHK,1475.0,3,1,68.62
Super built-up  Area,Ready To Move,Electronic City,3 BHK,2256.0,4,2,113.19
Built-up  Area,Ready To Move,Yelahanka,1 BHK,674.0,1,2,51.7
Super built-up  Area,Ready To Move,Marathahalli,3 BHK,2035.0,3,2,124.43
Super built-up  Area,Ready To Move,Whitefield,3 BHK,1916.0,4,0,115.75
Built-up  Area,Ready To Move,Hebbal,2 BHK,1062.0,2,2,99.72
Super built-up  Area,Under Construction,Sarjapur Road,4 BHK,2585.0,5,1,148.45
Super built-up  Area,Ready To Move,Jayanagar,3 BHK,2308.0,4,1,327.85
Super built-up  Area,Ready To Move,Whitefield,4 BHK,2479.0,5,2,168.2
Super built-up  Area,Ready To Move,Electronic City,2 BHK,1195.0,3,2,68.63
Built-up  Area,Ready To Move,Thanisandra,2 BHK,972.0,2,2,74.21
Super built-up  Area,Ready To Move,Whitefield,2 BHK,1330.0,3,1,92.15
Super built-up  Area,Ready To Move,HSR Layout,1 BHK,533.0,2,3,52.23
Built-up  Area,Under Construction,Hebbal,3 BHK,1506.0,3,0,128.57
Super built-up  Area,Under Construction,Sarjapur Road,3 BHK,1457.0,4,1,91.31
Super built-up  Area,Ready To Move,Sarjapur Road,3 BHK,2107.0,4,1,147.27
Plot  Area,Ready To Move,HSR Layout,4 BHK,2644.0,4,3,285.82
Super built-up  Area,Ready To Move,Electronic City,5 BHK,3046.0,5,2,161.45
Super built-up  Area,Under Construction,Indiranagar,2 BHK,1222.0,3,2,163.02
Super built-up  Area,Ready To Move,Yelahanka,3 BHK,1462.0,3,1,91.9
Super built-up  Area,Ready To Move,Thanisandra,2 BHK,1155.0,3,2,88.32
Super built-up  Area,Ready To Move,Electronic City,2 BHK,1296.0,3,2,70.89
Super built-up  Area,Ready To Move,Whitefield,4 BHK,1939.0,4,2,126.37
Built-up  Area,Ready To Move,Electronic City,3 BHK,2083.0,4,2,105.03
Super built-up  Area,Ready To Move,Sarjapur Road,3 BHK,1978.0,4,2,160.04
Super built-up  Area,Ready To Move,Hebbal,2 BHK,969.0,3,1,86.73
Built-up  Area,Ready To Move,Bellandur,3 BHK,1768.0,3,1,150.9
Super built-up  Area,Ready To Move,Whitefield,2 BHK,1352.0,2,0,98.72
Built-up  Area,Ready To Move,Whitefield,2 BHK,879.0,3,2,61.46
Super built-up  Area,Ready To Move,Sarjapur Road,2 BHK,1083.0,2,2,84.72
Super built-up  Area,Ready To Move,Bellandur,2 BHK,1443.0,2,1,122.4
Plot  Area,Ready To Move,Electronic City,2 BHK,1069.0,2,3,67.47
Super built-up  Area,Ready To Move,Koramangala,3 BHK,1405.0,3,0,201.56
Carpet  Area,Ready To Move,Electronic City,1 BHK,711.0,1,3,52.89
Super built-up  Area,Ready To Move,Rajaji Nagar,3 BHK,1767.0,3,1,197.49
Super built-up  Area,Ready To Move,Rajaji Nagar,1 BHK,587.0,1,1,72.17
Super built-up  Area,Ready To Move,Sarjapur Road,2 BHK,1022.0,2,2,76.19
Super built-up  Area,Ready To Move,Electronic City,2 BHK,1056.0,2,2,48.59
Built-up  Area,Under Construction,Hebbal,3 BHK,2211.0,3,1,214.18
Built-up  Area,Ready To Move,Electronic City,3 BHK,1842.0,3,1,125.27
Built-up  Area,Under Construction,Bellandur,2 BHK,1344.0,2,2,110.18
Super built-up  Area,Under Construction,Yelahanka,1 BHK,720.0,2,1,43.88
Super built-up  Area,Ready To Move,Bellandur,3 BHK,2119.0,3,1,159.41
Built-up  Area,Under Construction,Yelahanka,2 BHK,1058.0,2,2,70.32
Super built-up  Area,Ready To Move,Sarjapur Road,2 BHK,1407.0,2,1,96.67
Built-up  Area,Ready To Move,Electronic City,2 BHK,1103.0,3,1,62.65
Super built-up  Area,Ready To Move,Thanisandra,1 BHK,441.0,1,2,30.98
Super built-up  Area,Ready To Move,Sarjapur Road,2 BHK,850.0,2,2,53.92
Built-up  Area,Ready To Move,Bellandur,2 BHK,947.0,2,2,85.86
Built-up  Area,Ready To Move,Electronic City,2 BHK,1058.0,3,0,67.06
Built-up  Area,Ready To Move,Whitefield,2 BHK,1086.0,2,2,65.5
Super built-up  Area,Ready To Move,Other,2 BHK,897.0,2,0,46.55
Super built-up  Area,Ready To Move,Electronic City,3 BHK,2161.0,3,1,105.72
Super built-up  Area,Ready To Move,Other,2 BHK,1104.0,2,1,63.91
Super built-up  Area,Under Construction,Other,2 BHK,1290.0,2,3,61.53
Super built-up  Area,Ready To Move,Yelahanka,1 BHK,739.0,1,2,45.23
Built-up  Area,Ready To Move,Bellandur,2 BHK,898.0,2,0,70.07
Super built-up  Area,Ready To Move,Indiranagar,3 BHK,1826.0,3,1,251.45
Super built-up  Area,Under Construction,Jayanagar,2 BHK,1310.0,2,3,159.18
Super built-up  Area,Ready To Move,Electronic City,3 BHK,1938.0,3,1,100.79
Plot  Area,Under Construction,Hebbal,3 BHK,2220.0,3,1,215.74
Super built-up  Area,Ready To Move,Koramangala,3 BHK,2041.0,4,2,293.59
Built-up  Area,Ready To Move,Hebbal,1 BHK,569.0,1,3,60.94
Carpet  Area,Under Construction,Hebbal,2 BHK,1411.0,2,1,147.38
Built-up  Area,Under Construction,Sarjapur Road,2 BHK,1312.0,3,2,93.9
Carpet  Area,Ready To Move,Indiranagar,3 BHK,1960.0,4,2,394.4
Built-up  Area,Ready To Move,Jayanagar,2 BHK,1309.0,3,1,186.34
Super built-up  Area,Ready To Move,Electronic City,3 BHK,2224.0,4,3,132.12
Super built-up  Area,Ready To Move,Marathahalli,2 BHK,1340.0,2,2,86.35
Super built-up  Area,Ready To Move,Bellandur,2 BHK,1235.0,3,0,103.28
Super built-up  Area,Ready To Move,Yelahanka,2 BHK,1489.0,2,1,87.87
Built-up  Area,Ready To Move,Indiranagar,2 BHK,1394.0,2,2,206.79
Super built-up  Area,Ready To Move,Thanisandra,2 BHK,1164.0,2,3,76.57
Built-up  Area,Ready To Move,Whitefield,2 BHK,1121.0,2,2,87.13
Super built-up  Area,Under Construction,Yelahanka,1 BHK,449.0,1,2,31.08
Super built-up  Area,Ready To Move,Whitefield,3 BHK,1467.0,3,2,96.48
Carpet  Area,Ready To Move,Rajaji Nagar,2 BHK,1286.0,3,2,228.39
Super built-up  Area,Ready To Move,Other,1 BHK,394.0,1,1,21.93
Built-up  Area,Under Construction,Sarjapur Road,2 BHK,1041.0,3,1,80.98
Built-up  Area,Under Construction,Electronic City,3 BHK,1889.0,3,2,101.42
Super built-up  Area,Under Construction,Thanisandra,2 BHK,888.0,2,2,53.4
Super built-up  Area,Ready To Move,Electronic City,5 BHK,3589.0,5,2,201.42
Super built-up  Area,Under Construction,Jayanagar,2 BHK,1387.0,2,2,162.95
Built-up  Area,Under Construction,Whitefield,4 BHK,1785.0,4,2,106.89
Super built-up  Area,Ready To Move,Whitefield,2 BHK,1003.0,3,0,72.05
Super built-up  Area,Ready To Move,Other,2 BHK,1467.0,2,1,83.76
Built-up  Area,Ready To Move,Bellandur,3 BHK,2182.0,3,3,210.35
Super built-up  Area,Ready To Move,Jayanagar,5 BHK,2670.0,5,2,344.66
Built-up  Area,Under Construction,Sarjapur Road,3 BHK,2116.0,3,2,174.13
Plot  Area,Ready To Move,Bellandur,2 BHK,1280.0,2,2,119.41
Plot  Area,Ready To Move,Indiranagar,1 BHK,506.0,1,0,88.95
Built-up  Area,Ready To Move,Koramangala,2 BHK,1526.0,3,2,256.86
Super built-up  Area,Ready To Move,Bellandur,1 BHK,460.0,2,1,38.09
Carpet  Area,Under Construction,Indiranagar,2 BHK,1305.0,2,1,230.48
Super built-up  Area,Ready To Move,Hebbal,2 BHK,1442.0,2,2,144.81
Super built-up  Area,Ready To Move,Electronic City,2 BHK,1403.0,2,1,67.24
Super built-up  Area,Under Construction,Thanisandra,3 BHK,1652.0,3,1,103.05
Carpet  Area,Under Construction,Electronic City,2 BHK,1519.0,2,2,93.06
Built-up  Area,Ready To Move,Bellandur,2 BHK,1229.0,2,2,102.24
Built-up  Area,Ready To Move,Electronic City,2 BHK,1245.0,3,1,69.06
Super built-up  Area,Ready To Move,Koramangala,2 BHK,1306.0,2,3,216.91
Built-up  Area,Under Construction,Thanisandra,2 BHK,1009.0,3,2,66.32
Built-up  Area,Under Construction,Electronic City,2 BHK,1019.0,3,1,54.17
Built-up  Area,Ready To Move,Whitefield,4 BHK,2174.0,5,1,176.7
Super built-up  Area,Ready To Move,Whitefield,2 BHK,1473.0,3,3,99.38
Super built-up  Area,Ready To Move,Koramangala,1 BHK,464.0,2,1,69.78
Super built-up  Area,Ready To Move,Jayanagar,2 BHK,1369.0,2,1,195.12
Super built-up  Area,Ready To Move,Whitefield,2 BHK,924.0,2,3,72.36
Super built-up  Area,Ready To Move,Thanisandra,2 BHK,951.0,2,2,65.28
Super built-up  Area,Ready To Move,Sarjapur Road,2 BHK,1162.0,2,2,77.69
Super built-up  Area,Ready To Move,Hebbal,2 BHK,1216.0,3,3,109.65
Super built-up  Area,Ready To Move,Marathahalli,3 BHK,1533.0,4,2,96.78
Super built-up  Area,Under Construction,Sarjapur Road,3 BHK,2323.0,3,2,142.61
Plot  Area,Ready To Move,Hebbal,2 BHK,1050.0,3,1,103.42
Super built-up  Area,Ready To Move,Whitefield,3 BHK,1837.0,4,0,125.64
Super built-up  Area,Ready To Move,Whitefield,2 BHK,1048.0,2,2,73.87
Super built-up  Area,Ready To Move,Electronic City,2 BHK,1099.0,3,0,59.81
Super built-up  Area,Ready To Move,Whitefield,2 BHK,1074.0,3,2,73.46
Plot  Area,Ready To Move,Koramangala,2 BHK,1270.0,3,3,220.6
Super built-up  Area,Under Construction,Hebbal,1 BHK,570.0,2,2,58.49
Super built-up  Area,Ready To Move,HSR Layout,3 BHK,1466.0,3,2,154.96
Carpet  Area,Ready To Move,Electronic City,3 BHK,1977.0,4,2,133.53
Super built-up  Area,Ready To Move,Sarjapur Road,3 BHK,2098.0,4,0,143.74
Super built-up  Area,Under Construction,Bellandur,1 BHK,675.0,1,2,54.75
Super built-up  Area,Ready To Move,Marathahalli,1 BHK,613.0,1,2,41.02
Super built-up  Area,Ready To Move,Whitefield,1 BHK,619.0,1,2,46.99
Carpet  Area,Under Construction,Rajaji Nagar,4 BHK,1965.0,4,1,241.1
Super built-up  Area,Ready To Move,Indiranagar,3 BHK,1924.0,3,3,306.83
Plot  Area,Ready To Move,Indiranagar,3 BHK,1807.0,3,1,330.26
Carpet  Area,Ready To Move,HSR Layout,2 BHK,1027.0,2,2,117.87
Super built-up  Area,Ready To Move,Whitefield,2 BHK,1352.0,3,2,105.99
Super built-up  Area,Ready To Move,Whitefield,2 BHK,1082.0,2,2,79.35
Super built-up  Area,Ready To Move,Koramangala,3 BHK,1334.0,3,2,209.96
Super built-up  Area,Under Construction,Sarjapur Road,3 BHK,1899.0,3,1,129.17
Super built-up  Area,Under Construction,Rajaji Nagar,2 BHK,1098.0,2,3,136.25
Super built-up  Area,Under Construction,Hebbal,2 BHK,1340.0,3,1,112.39
Super built-up  Area,Ready To Move,Whitefield,3 BHK,1387.0,3,2,93.09
Plot  Area,Ready To Move,Thanisandra,1 BHK,542.0,2,1,36.97
Super built-up  Area,Under Construction,Sarjapur Road,3 BHK,2199.0,3,0,164.89
Built-up  Area,Ready To Move,HSR Layout,2 BHK,1078.0,2,0,114.91
Plot  Area,Under Construction,Bellandur,2 BHK,1401.0,2,1,117.49
Super built-up  Area,Ready To Move,Rajaji Nagar,3 BHK,1505.0,3,2,202.3
Super built-up  Area,Under Construction,Yelahanka,3 BHK,1820.0,3,3,104.26
Super built-up  Area,Under Construction,Bellandur,2 BHK,1300.0,2,1,89.64
Super built-up  Area,Ready To Move,Bellandur,4 BHK,2617.0,4,2,217.6
Super built-up  Area,Ready To Move,Marathahalli,5 BHK,3213.0,5,2,216.69
Super built-up  Area,Ready To Move,Sarjapur Road,2 BHK,1480.0,2,2,102.55
Super built-up  Area,Ready To Move,Whitefield,2 BHK,1367.0,2,2,96.68
Carpet  Area,Ready To Move,Electronic City,2 BHK,1379.0,3,0,93.47
Super built-up  Area,Ready To Move,Electronic City,2 BHK,1405.0,2,1,73.08
Super built-up  Area,Ready To Move,Bellandur,4 BHK,2864.0,5,0,243.25
Super built-up  Area,Ready To Move,Koramangala,2 BHK,1343.0,2,2,168.41
Super built-up  Area,Ready To Move,Indiranagar,1 BHK,671.0,1,1,104.73
Super built-up  Area,Ready To Move,Whitefield,4 BHK,2742.0,4,1,220.31
Plot  Area,Ready To Move,Thanisandra,2 BHK,1467.0,2,1,107.88
Super built-up  Area,Ready To Move,Sarjapur Road,3 BHK,1416.0,4,1,103.9
Super built-up  Area,Under Construction,Bellandur,2 BHK,1006.0,2,2,72.37
Super built-up  Area,Ready To Move,Indiranagar,4 BHK,1768.0,4,1,265.05
Super built-up  Area,Ready To Move,Sarjapur Road,3 BHK,1426.0,3,3,104.57
Super built-up  Area,Under Construction,Whitefield,3 BHK,1723.0,3,0,100.01
Super built-up  Area,Ready To Move,Whitefield,4 BHK,2738.0,5,3,197.28
Super built-up  Area,Ready To Move,Yelahanka,1 BHK,598.0,1,2,32.63
Super built-up  Area,Ready To Move,Rajaji Nagar,2 BHK,836.0,3,2,117.27
Super built-up  Area,Ready To Move,Koramangala,3 BHK,2031.0,4,2,298.58
Super built-up  Area,Ready To Move,Whitefield,3 BHK,2167.0,4,2,137.3
Super built-up  Area,Under Construction,Hebbal,2 BHK,1193.0,2,3,113.49
Carpet  Area,Ready To Move,Thanisandra,3 BHK,2189.0,4,1,174.37
Super built-up  Area,Under Construction,Thanisandra,2 BHK,1367.0,2,2,93.77
Built-up  Area,Ready To Move,Whitefield,3 BHK,2077.0,3,2,170.73
Super built-up  Area,Under Construction,Whitefield,2 BHK,1223.0,2,2,68.97
Super built-up  Area,Ready To Move,Thanisandra,2 BHK,1499.0,2,1,96.13
Super built-up  Area,Ready To Move,Sarjapur Road,2 BHK,976.0,2,2,68.86
Super built-up  Area,Ready To Move,Electronic City,1 BHK,688.0,1,2,34.6
Super built-up  Area,Under Construction,Whitefield,2 BHK,963.0,3,1,57.26
Super built-up  Area,Ready To Move,HSR Layout,2 BHK,1064.0,3,0,113.61
Plot  Area,Ready To Move,Jayanagar,2 BHK,1112.0,2,2,162.58
Built-up  Area,Ready To Move,Marathahalli,3 BHK,1521.0,4,3,97.59
Super built-up  Area,Under Construction,Indiranagar,2 BHK,1056.0,2,2,135.69
Super built-up  Area,Ready To Move,HSR Layout,2 BHK,1391.0,3,2,121.78
Plot  Area,Ready To Move,Whitefield,3 BHK,1716.0,3,2,139.43
Built-up  Area,Ready To Move,HSR Layout,3 BHK,1819.0,3,0,202.39
Super built-up  Area,Ready To Move,Sarjapur Road,1 BHK,652.0,2,1,49.41
Plot  Area,Under Construction,Koramangala,3 BHK,1352.0,3,3,209.1
Super built-up  Area,Ready To Move,Sarjapur Road,5 BHK,3537.0,6,2,236.63
Super built-up  Area,Ready To Move,Electronic City,4 BHK,2616.0,5,1,126.8
Super built-up  Area,Ready To Move,Whitefield,3 BHK,2181.0,3,2,145.65
Plot  Area,Ready To Move,Sarjapur Road,3 BHK,1616.0,4,3,133.95
Plot  Area,Ready To Move,Whitefield,2 BHK,1010.0,2,0,75.79
Plot  Area,Ready To Move,Electronic City,3 BHK,1500.0,4,1,90.22
Super built-up  Area,Under Construction,Other,3 BHK,1987.0,3,2,89.19
Plot  Area,Ready To Move,Hebbal,2 BHK,1093.0,3,0,116.34
Super built-up  Area,Ready To Move,HSR Layout,2 BHK,1541.0,2,3,144.38
Super built-up  Area,Under Construction,Jayanagar,2 BHK,912.0,2,2,124.09
Super built-up  Area,Ready To Move,Other,3 BHK,1734.0,4,1,96.06
Super built-up  Area,Ready To Move,Indiranagar,2 BHK,891.0,2,1,155.54
Super built-up  Area,Ready To Move,Yelahanka,2 BHK,1354.0,2,2,77.81
Super built-up  Area,Ready To Move,Sarjapur Road,3 BHK,1424.0,3,2,91.75
Plot  Area,Ready To Move,Sarjapur Road,2 BHK,1252.0,3,2,110.52
Super built-up  Area,Ready To Move,Hebbal,4 BHK,2005.0,4,2,189.1
Super built-up  Area,Ready To Move,Bellandur,2 BHK,1469.0,3,2,131.8
Plot  Area,Ready To Move,Bellandur,1 BHK,698.0,1,1,59.46
Super built-up  Area,Ready To Move,Sarjapur Road,1 BHK,532.0,1,1,38.54
Super built-up  Area,Ready To Move,Whitefield,2 BHK,1388.0,2,2,90.13
Built-up  Area,Ready To Move,Koramangala,2 BHK,1303.0,3,2,195.08
Super built-up  Area,Ready To Move,Whitefield,3 BHK,1727.0,3,2,122.97
Built-up  Area,Under Construction,Indiranagar,3 BHK,2026.0,4,2,285.53
Super built-up  Area,Ready To Move,Bellandur,3 BHK,1760.0,3,1,122.67
Plot  Area,Ready To Move,Bellandur,2 BHK,1181.0,2,1,113.62
Super built-up  Area,Under Construction,Thanisandra,2 BHK,1107.0,3,2,75.5
Super built-up  Area,Ready To Move,Jayanagar,2 BHK,1369.0,2,2,152.54
Super built-up  Area,Under Construction,HSR Layout,2 BHK,1379.0,2,3,119.34
Super built-up  Area,Ready To Move,Thanisandra,3 BHK,1630.0,3,2,131.5
Built-up  Area,Under Construction,Koramangala,2 BHK,1173.0,2,1,156.0
Plot  Area,Ready To Move,Electronic City,4 BHK,2274.0,4,1,132.04
Built-up  Area,Under Construction,Whitefield,3 BHK,2088.0,3,2,148.32
Super built-up  Area,Under Construction,Electronic City,3 BHK,1564.0,4,2,65.28
Plot  Area,Ready To Move,Hebbal,3 BHK,1951.0,3,2,210.35
Super built-up  Area,Ready To Move,Koramangala,2 BHK,1060.0,2,1,145.18
Super built-up  Area,Ready To Move,Jayanagar,3 BHK,1929.0,3,2,263.62
Super built-up  Area,Ready To Move,Electronic City,2 BHK,1081.0,3,1,47.47
Super built-up  Area,Under Construction,Whitefield,2 BHK,1517.0,3,1,98.78
Built-up  Area,Ready To Move,Marathahalli,2 BHK,1007.0,2,0,72.69
Super built-up  Area,Under Construction,Whitefield,2 BHK,1146.0,3,1,78.29
Super built-up  Area,Ready To Move,Hebbal,2 BHK,1014.0,2,1,100.69
Built-up  Area,Ready To Move,Indiranagar,2 BHK,1415.0,2,1,224.45
Plot  Area,Ready To Move,HSR Layout,1 BHK,696.0,2,1,79.64
Plot  Area,Ready To Move,Whitefield,3 BHK,2115.0,3,2,138.43
Super built-up  Area,Ready To Move,Whitefield,2 BHK,1189.0,3,2,87.05
Super built-up  Area,Ready To Move,Whitefield,2 BHK,1193.0,2,2,70.37
Super built-up  Area,Ready To Move,Indiranagar,2 BHK,1261.0,2,1,169.04
Super built-up  Area,Under Construction,HSR Layout,3 BHK,1525.0,3,2,125.57
Plot  Area,Ready To Move,Electronic City,1 BHK,706.0,1,1,46.01
Plot  Area,Under Construction,Koramangala,2 BHK,1239.0,3,2,184.57
Plot  Area,Ready To Move,Yelahanka,2 BHK,1156.0,3,2,86.32
Super built-up  Area,Ready To Move,Whitefield,3 BHK,1406.0,3,2,109.65
Plot  Area,Ready To Move,HSR Layout,2 BHK,1355.0,3,2,143.18
Plot  Area,Ready To Move,Bellandur,2 BHK,1466.0,3,2,152.91
Super built-up  Area,Ready To Move,Electronic City,2 BHK,1345.0,3,2,63.0
Super built-up  Area,Ready To Move,Sarjapur Road,3 BHK,2283.0,3,0,156.96
Built-up  Area,Ready To Move,Koramangala,1 BHK,374.0,1,2,53.91
Super built-up  Area,Ready To Move,Rajaji Nagar,3 BHK,1477.0,3,1,160.27
Carpet  Area,Ready To Move,Yelahanka,1 BHK,753.0,1,1,57.82
Super built-up  Area,Ready To Move,Indiranagar,1 BHK,801.0,2,2,114.8
Built-up  Area,Ready To Move,Thanisandra,1 BHK,501.0,1,0,36.56
Built-up  Area,Ready To Move,Sarjapur Road,3 BHK,1429.0,3,2,105.83
Super built-up  Area,Ready To Move,Koramangala,2 BHK,1259.0,2,2,182.69
Plot  Area,Ready To Move,Hebbal,1 BHK,715.0,1,0,80.52
Super built-up  Area,Ready To Move,Electronic City,3 BHK,2283.0,3,2,120.22
Super built-up  Area,Ready To Move,Bellandur,2 BHK,1339.0,2,1,112.59
Super built-up  Area,Ready To Move,Indiranagar,2 BHK,842.0,2,2,132.17
Super built-up  Area,Ready To Move,Sarjapur Road,2 BHK,1430.0,2,1,89.32
Built-up  Area,Ready To Move,Rajaji Nagar,4 BHK,2667.0,5,1,353.56
Plot  Area,Ready To Move,Whitefield,3 BHK,1593.0,3,3,114.21
Super built-up  Area,Ready To Move,Sarjapur Road,3 BHK,1506.0,3,1,93.81
Super built-up  Area,Ready To Move,Whitefield,1 BHK,350.0,1,2,28.33
Super built-up  Area,Ready To Move,Thanisandra,2 BHK,1123.0,2,2,71.66
Built-up  Area,Under Construction,Bellandur,2 BHK,1379.0,2,1,105.04
Carpet  Area,Under Construction,Sarjapur Road,2 BHK,1103.0,2,1,79.77
Super built-up  Area,Ready To Move,Bellandur,2 BHK,1430.0,3,0,110.71
Super built-up  Area,Under Construction,Sarjapur Road,3 BHK,1596.0,4,2,106.98
Super built-up  Area,Ready To Move,Thanisandra,1 BHK,683.0,1,1,43.82
Super built-up  Area,Ready To Move,Hebbal,3 BHK,1558.0,4,2,135.56
Built-up  Area,Ready To Move,Hebbal,2 BHK,840.0,3,1,88.95
Super built-up  Area,Ready To Move,Marathahalli,3 BHK,1945.0,3,1,113.97
Built-up  Area,Under Construction,Electronic City,2 BHK,1563.0,3,0,81.47
Plot  Area,Under Construction,Whitefield,2 BHK,1009.0,3,2,76.61
Built-up  Area,Ready To Move,Indiranagar,2 BHK,1145.0,3,0,193.85
Built-up  Area,Ready To Move,Marathahalli,4 BHK,2065.0,5,2,142.01
Plot  Area,Ready To Move,Sarjapur Road,4 BHK,2924.0,5,3,246.11
Carpet  Area,Under Construction,Whitefield,2 BHK,1188.0,2,1,95.96
Super built-up  Area,Ready To Move,Sarjapur Road,1 BHK,517.0,1,0,36.58
Super built-up  Area,Ready To Move,HSR Layout,2 BHK,1118.0,3,1,119.63
Super built-up  Area,Ready To Move,Electronic City,2 BHK,903.0,2,2,45.58
Built-up  Area,Under Construction,Bellandur,3 BHK,1328.0,4,2,104.45
Super built-up  Area,Under Construction,Other,2 BHK,1424.0,2,2,78.28
Super built-up  Area,Ready To Move,Hebbal,2 BHK,1194.0,2,1,104.36
Super built-up  Area,Ready To Move,Sarjapur Road,3 BHK,1734.0,3,3,130.07
Built-up  Area,Under Construction,Hebbal,2 BHK,1346.0,3,1,119.7
Super built-up  Area,Under Construction,Whitefield,3 BHK,1629.0,3,3,113.26
Super built-up  Area,Ready To Move,Rajaji Nagar,2 BHK,921.0,3,1,109.06
Super built-up  Area,Ready To Move,Hebbal,3 BHK,1979.0,3,1,188.41
Built-up  Area,Under Construction,Sarjapur Road,2 BHK,1155.0,3,2,90.87
Super built-up  Area,Under Construction,Bellandur,2 BHK,1420.0,3,2,113.75
Super built-up  Area,Under Construction,Hebbal,4 BHK,1962.0,4,0,160.51
Built-up  Area,Ready To Move,Koramangala,2 BHK,1133.0,2,2,176.15
Super built-up  Area,Ready To Move,Whitefield,4 BHK,3043.0,4,2,208.35
Super built-up  Area,Ready To Move,Yelahanka,3 BHK,1889.0,3,2,137.68
Super built-up  Area,Under Construction,Marathahalli,4 BHK,1994.0,5,2,135.55
Super built-up  Area,Ready To Move,Koramangala,2 BHK,1149.0,2,1,166.52
Built-up  Area,Ready To Move,Marathahalli,1 BHK,524.0,2,3,34.98
Super built-up  Area,Ready To Move,Electronic City,3 BHK,2118.0,3,1,114.74
Super built-up  Area,Under Construction,Hebbal,3 BHK,2201.0,3,2,211.96
Built-up  Area,Ready To Move,Koramangala,3 BHK,1699.0,3,0,246.92
Built-up  Area,Ready To Move,Indiranagar,2 BHK,970.0,3,2,173.32
Super built-up  Area,Ready To Move,Hebbal,3 BHK,1708.0,3,2,163.69
Super built-up  Area,Ready To Move,Sarjapur Road,2 BHK,1223.0,2,2,95.54
Built-up  Area,Ready To Move,Whitefield,3 BHK,2213.0,3,1,145.2
Built-up  Area,Under Construction,Sarjapur Road,1 BHK,641.0,1,1,38.09
Super built-up  Area,Ready To Move,Electronic City,2 BHK,1384.0,2,0,60.69
Built-up  Area,Ready To Move,Thanisandra,2 BHK,940.0,2,3,75.21
Super built-up  Area,Ready To Move,Electronic City,3 BHK,1580.0,3,1,84.08
Super built-up  Area,Under Construction,Whitefield,3 BHK,1674.0,3,1,98.0
Super built-up  Area,Under Construction,Indiranagar,4 BHK,2846.0,5,3,375.6
Super built-up  Area,Ready To Move,Indiranagar,1 BHK,602.0,1,2,99.21
Super built-up  Area,Under Construction,Jayanagar,2 BHK,1393.0,2,1,167.28
Super built-up  Area,Ready To Move,Indiranagar,2 BHK,1077.0,2,3,183.1
Super built-up  Area,Ready To Move,Sarjapur Road,1 BHK,514.0,2,0,36.73
Super built-up  Area,Under Construction,Yelahanka,2 BHK,1244.0,2,1,66.71
Super built-up  Area,Ready To Move,HSR Layout,2 BHK,1271.0,2,1,112.07
Super built-up  Area,Ready To Move,Whitefield,2 BHK,1156.0,3,0,74.48
Built-up  Area,Under Construction,Indiranagar,2 BHK,1029.0,2,1,156.83
Super built-up  Area,Ready To Move,Rajaji Nagar,2 BHK,968.0,3,1,121.48
Built-up  Area,Ready To Move,Sarjapur Road,4 BHK,2817.0,4,2,226.07
Super built-up  Area,Ready To Move,Sarjapur Road,3 BHK,1588.0,3,1,106.18
Super built-up  Area,Ready To Move,Whitefield,3 BHK,1513.0,3,2,98.76
Super built-up  Area,Under Construction,Electronic City,3 BHK,1909.0,3,1,105.23
Carpet  Area,Ready To Move,Hebbal,2 BHK,1217.0,2,1,131.55
Super built-up  Area,Ready To Move,Indiranagar,3 BHK,1842.0,4,2,298.07
Super built-up  Area,Under Construction,Whitefield,3 BHK,1725.0,3,2,98.73
Super built-up  Area,Ready To Move,Marathahalli,2 BHK,1229.0,3,1,76.02
Plot  Area,Ready To Move,Thanisandra,3 BHK,2185.0,3,2,146.16
Carpet  Area,Under Construction,Indiranagar,2 BHK,1030.0,2,3,198.59
Super built-up  Area,Under Construction,Yelahanka,1 BHK,695.0,2,3,41.2
Super built-up  Area,Under Construction,Whitefield,3 BHK,2083.0,3,1,132.71
Super built-up  Area,Ready To Move,Hebbal,3 BHK,1574.0,3,2,137.21
Super built-up  Area,Ready To Move,Koramangala,2 BHK,1436.0,3,3,196.44
Super built-up  Area,Ready To Move,Yelahanka,2 BHK,1043.0,2,1,60.03
Plot  Area,Ready To Move,Yelahanka,2 BHK,1282.0,2,1,83.75
Built-up  Area,Ready To Move,Electronic City,2 BHK,1123.0,2,2,59.99
Super built-up  Area,Ready To Move,Marathahalli,4 BHK,2009.0,5,2,128.53
Super built-up  Area,Ready To Move,Whitefield,3 BHK,1654.0,3,1,109.99
Super built-up  Area,Ready To Move,Jayanagar,3 BHK,2118.0,3,2,267.47
Super built-up  Area,Ready To Move,Other,2 BHK,816.0,2,0,45.82
Super built-up  Area,Ready To Move,Electronic City,2 BHK,1589.0,2,1,80.1
Super built-up  Area,Ready To Move,Thanisandra,2 BHK,1374.0,2,3,88.66
Super built-up  Area,Ready To Move,Whitefield,2 BHK,1082.0,2,2,77.57
Super built-up  Area,Ready To Move,Hebbal,1 BHK,586.0,1,2,57.91
Built-up  Area,Under Construction,HSR Layout,2 BHK,1229.0,2,1,123.39
Super built-up  Area,Under Construction,Indiranagar,2 BHK,1115.0,3,1,132.11
Super built-up  Area,Ready To Move,Marathahalli,2 BHK,1513.0,2,1,74.63
Super built-up  Area,Ready To Move,Bellandur,1 BHK,634.0,1,1,45.86
Super built-up  Area,Ready To Move,HSR Layout,2 BHK,1409.0,2,2,136.06
Carpet  Area,Ready To Move,Yelahanka,3 BHK,1479.0,3,1,108.05
Plot  Area,Under Construction,Marathahalli,2 BHK,1393.0,2,2,94.7
Super built-up  Area,Ready To Move,Whitefield,3 BHK,1417.0,4,1,76.19
Built-up  Area,Ready To Move,Other,3 BHK,1732.0,4,2,116.09
Super built-up  Area,Ready To Move,Whitefield,3 BHK,2132.0,4,1,157.54
Carpet  Area,Ready To Move,Yelahanka,1 BHK,443.0,1,2,38.38
Super built-up  Area,Under Construction,Electronic City,2 BHK,1456.0,2,1,72.05
Super built-up  Area,Ready To Move,Whitefield,2 BHK,1495.0,2,3,96.36
Super built-up  Area,Ready To Move,Hebbal,4 BHK,2324.0,5,1,195.25
Built-up  Area,Ready To Move,Koramangala,3 BHK,1473.0,4,1,234.37
Super built-up  Area,Ready To Move,Sarjapur Road,2 BHK,1068.0,2,3,89.92
Built-up  Area,Ready To Move,Whitefield,2 BHK,1501.0,2,2,102.28
Super built-up  Area,Ready To Move,Indiranagar,2 BHK,1276.0,3,0,165.79
Plot  Area,Under Construction,Rajaji Nagar,2 BHK,1482.0,3,2,186.44
Super built-up  Area,Ready To Move,Sarjapur Road,3 BHK,2063.0,4,2,158.53
Plot  Area,Ready To Move,Electronic City,2 BHK,1558.0,2,2,94.37
Super built-up  Area,Ready To Move,Hebbal,2 BHK,1367.0,2,3,133.22
Super built-up  Area,Under Construction,Whitefield,1 BHK,784.0,1,2,54.06
Carpet  Area,Ready To Move,Yelahanka,1 BHK,699.0,1,1,55.95
Carpet  Area,Ready To Move,Yelahanka,2 BHK,1163.0,3,1,86.17
Built-up  Area,Ready To Move,Indiranagar,2 BHK,1229.0,2,2,177.49
Super built-up  Area,Ready To Move,Sarjapur Road,2 BHK,1426.0,2,2,107.03
Super built-up  Area,Ready To Move,Yelahanka,3 BHK,1837.0,3,2,120.72
Super built-up  Area,Ready To Move,Indiranagar,1 BHK,768.0,1,2,120.13
Super built-up  Area,Ready To Move,Yelahanka,2 BHK,1453.0,2,0,87.18
Super built-up  Area,Under Construction,Koramangala,3 BHK,2214.0,3,1,273.93
Super built-up  Area,Ready To Move,Yelahanka,2 BHK,1429.0,2,1,88.24
Built-up  Area,Under Construction,Indiranagar,2 BHK,984.0,2,2,132.06
Built-up  Area,Under Construction,Hebbal,2 BHK,1191.0,2,2,120.52
Super built-up  Area,Under Construction,Marathahalli,2 BHK,1154.0,3,1,71.85
Super built-up  Area,Under Construction,HSR Layout,1 BHK,835.0,2,0,72.55
Super built-up  Area,Under Construction,Koramangala,2 BHK,1394.0,2,2,180.98
Built-up  Area,Under Construction,Electronic City,2 BHK,1415.0,2,1,74.56
Super built-up  Area,Ready To Move,Koramangala,3 BHK,1970.0,4,2,262.76
Super built-up  Area,Ready To Move,Indiranagar,2 BHK,1162.0,2,1,160.58
Super built-up  Area,Under Construction,Electronic City,4 BHK,2671.0,4,1,116.99
Super built-up  Area,Ready To Move,Whitefield,3 BHK,1591.0,3,2,92.36
Built-up  Area,Ready To Move,Koramangala,3 BHK,1801.0,3,1,287.56
Built-up  Area,Under Construction,Thanisandra,3 BHK,1545.0,4,2,109.67
Super built-up  Area,Ready To Move,HSR Layout,1 BHK,517.0,2,1,53.41
Super built-up  Area,Under Construction,Electronic City,2 BHK,1391.0,2,2,68.97
Carpet  Area,Ready To Move,Bellandur,4 BHK,2674.0,5,3,303.41
Super built-up  Area,Ready To Move,Whitefield,1 BHK,433.0,1,3,30.99
Plot  Area,Ready To Move,Hebbal,2 BHK,1107.0,2,1,107.76
Built-up  Area,Under Construction,Electronic City,1 BHK,605.0,1,2,34.67
Built-up  Area,Ready To Move,Electronic City,2 BHK,1446.0,2,1,78.97
Super built-up  Area,Under Construction,Electronic City,1 BHK,689.0,2,1,36.28
Super built-up  Area,Ready To Move,Sarjapur Road,2 BHK,1497.0,2,2,105.04
Plot  Area,Ready To Move,Whitefield,3 BHK,2217.0,3,1,176.97
Super built-up  Area,Ready To Move,Sarjapur Road,2 BHK,1026.0,2,3,74.16
Super built-up  Area,Ready To Move,HSR Layout,3 BHK,1421.0,3,1,131.3
Super built-up  Area,Ready To Move,HSR Layout,1 BHK,629.0,2,1,65.71
Super built-up  Area,Ready To Move,Sarjapur Road,2 BHK,1135.0,2,1,69.81
Built-up  Area,Ready To Move,Yelahanka,2 BHK,1286.0,3,0,80.47
Super built-up  Area,Ready To Move,Whitefield,3 BHK,2358.0,3,1,166.76
Plot  Area,Under Construction,HSR Layout,3 BHK,1605.0,3,2,172.61
Built-up  Area,Ready To Move,Whitefield,2 BHK,1413.0,2,2,96.83
Super built-up  Area,Ready To Move,Whitefield,1 BHK,488.0,1,2,36.28
Super built-up  Area,Ready To Move,Indiranagar,3 BHK,1705.0,3,2,241.96
Built-up  Area,Under Construction,Indiranagar,3 BHK,1822.0,3,1,256.28
Super built-up  Area,Under Construction,Jayanagar,2 BHK,1197.0,2,1,152.36
Carpet  Area,Under Construction,Indiranagar,2 BHK,1365.0,3,2,257.65
Built-up  Area,Ready To Move,Marathahalli,3 BHK,1748.0,4,2,117.18
Super built-up  Area,Under Construction,Whitefield,1 BHK,580.0,1,2,45.93
Plot  Area,Under Construction,Whitefield,1 BHK,564.0,2,3,41.43
Super built-up  Area,Under Construction,Whitefield,2 BHK,1434.0,2,2,90.49
Super built-up  Area,Ready To Move,Electronic City,3 BHK,1516.0,3,2,81.29
Built-up  Area,Under Construction,HSR Layout,2 BHK,1154.0,2,1,124.13
Plot  Area,Ready To Move,Koramangala,3 BHK,2054.0,3,0,332.03
Super built-up  Area,Ready To Move,Whitefield,3 BHK,1987.0,3,3,138.75
Super built-up  Area,Ready To Move,Marathahalli,2 BHK,923.0,2,2,63.48
Super built-up  Area,Ready To Move,Jayanagar,1 BHK,691.0,1,2,93.91
Super built-up  Area,Ready To Move,Sarjapur Road,5 BHK,2433.0,6,1,156.64
Super built-up  Area,Ready To Move,Whitefield,2 BHK,1177.0,3,2,76.52
Super built-up  Area,Under Construction,Electronic City,2 BHK,1195.0,3,1,60.47
Super built-up  Area,Ready To Move,Whitefield,5 BHK,2596.0,6,0,189.09
Plot  Area,Ready To Move,Whitefield,3 BHK,2191.0,3,1,178.7
Super built-up  Area,Ready To Move,HSR Layout,2 BHK,872.0,2,0,83.97
Super built-up  Area,Under Construction,Electronic City,2 BHK,1264.0,2,2,58.48
Built-up  Area,Ready To Move,Sarjapur Road,1 BHK,685.0,1,1,49.67
Built-up  Area,Ready To Move,Other,4 BHK,2529.0,4,2,152.95
Plot  Area,Under Construction,Bellandur,3 BHK,1452.0,4,2,140.87
Super built-up  Area,Ready To Move,Marathahalli,2 BHK,1420.0,2,1,76.76
Super built-up  Area,Ready To Move,Whitefield,3 BHK,1455.0,3,3,102.0
Super built-up  Area,Ready To Move,Sarjapur Road,3 BHK,1959.0,3,1,118.5
Super built-up  Area,Ready To Move,Indiranagar,2 BHK,948.0,2,2,147.61
Super built-up  Area,Ready To Move,Whitefield,3 BHK,1908.0,3,1,145.27
Super built-up  Area,Ready To Move,Whitefield,2 BHK,1392.0,3,3,85.27
Super built-up  Area,Under Construction,Bellandur,3 BHK,1475.0,4,1,117.75
Super built-up  Area,Ready To Move,Koramangala,2 BHK,1469.0,3,3,217.77
Built-up  Area,Ready To Move,Hebbal,3 BHK,1348.0,3,2,142.49
Super built-up  Area,Under Construction,HSR Layout,2 BHK,1336.0,2,2,115.81
Built-up  Area,Ready To Move,Hebbal,1 BHK,841.0,1,1,91.55
Super built-up  Area,Ready To Move,Whitefield,2 BHK,1426.0,2,1,100.05
Super built-up  Area,Ready To Move,Sarjapur Road,3 BHK,1722.0,4,2,120.62
Super built-up  Area,Ready To Move,Electronic City,2 BHK,1397.0,2,2,82.53
Super built-up  Area,Ready To Move,Whitefield,3 BHK,1884.0,3,1,130.22
Super built-up  Area,Under Construction,Marathahalli,2 BHK,973.0,3,1,48.66
Built-up  Area,Ready To Move,Indiranagar,3 BHK,1536.0,3,1,228.48
Built-up  Area,Ready To Move,Thanisandra,2 BHK,1008.0,3,1,70.48
Super built-up  Area,Under Construction,Sarjapur Road,2 BHK,1338.0,3,2,96.88
Super built-up  Area,Under Construction,Sarjapur Road,2 BHK,1256.0,3,0,74.48
Carpet  Area,Ready To Move,Electronic City,2 BHK,1299.0,2,3,87.98
Super built-up  Area,Under Construction,Whitefield,3 BHK,1868.0,3,0,122.96
Super built-up  Area,Ready To Move,Electronic City,3 BHK,1706.0,3,2,85.68
Super built-up  Area,Ready To Move,Yelahanka,2 BHK,1333.0,3,1,84.66
Built-up  Area,Ready To Move,Bellandur,3 BHK,1655.0,3,1,149.77
Super built-up  Area,Ready To Move,HSR Layout,2 BHK,1193.0,2,2,127.32
Super built-up  Area,Ready To Move,Hebbal,2 BHK,1188.0,2,1,124.35
Super built-up  Area,Ready To Move,Marathahalli,2 BHK,1200.0,2,1,71.57
Super built-up  Area,Ready To Move,Whitefield,2 BHK,986.0,2,0,71.02
Super built-up  Area,Ready To Move,Electronic City,3 BHK,1807.0,3,1,83.22
Built-up  Area,Ready To Move,Sarjapur Road,4 BHK,1995.0,4,2,159.29
Super built-up  Area,Under Construction,Yelahanka,2 BHK,1330.0,2,2,81.48
Super built-up  Area,Ready To Move,Other,2 BHK,1076.0,2,2,57.57
Super built-up  Area,Ready To Move,Electronic City,4 BHK,2659.0,4,0,126.91
Super built-up  Area,Under Construction,Jayanagar,2 BHK,1280.0,3,1,146.34
Built-up  Area,Ready To Move,Yelahanka,2 BHK,1214.0,2,2,81.61
Super built-up  Area,Ready To Move,Electronic City,2 BHK,843.0,3,2,49.22
Super built-up  Area,Ready To Move,Sarjapur Road,3 BHK,1865.0,3,1,126.15
Super built-up  Area,Ready To Move,Hebbal,3 BHK,1538.0,3,2,146.62
Super built-up  Area,Under Construction,Other,3 BHK,1921.0,3,1,88.5
Super built-up  Area,Under Construction,Electronic City,2 BHK,1541.0,2,0,62.76
Built-up  Area,Ready To Move,Yelahanka,3 BHK,2083.0,4,1,148.42
Super built-up  Area,Ready To Move,Sarjapur Road,1 BHK,477.0,2,3,36.35
Built-up  Area,Ready To Move,Thanisandra,4 BHK,2600.0,4,1,176.39
Built-up  Area,Ready To Move,Hebbal,2 BHK,921.0,3,1,88.84
Built-up  Area,Under Construction,Indiranagar,2 BHK,1412.0,3,1,197.38
Super built-up  Area,Ready To Move,Yelahanka,4 BHK,2417.0,5,2,139.1
Super built-up  Area,Ready To Move,Yelahanka,3 BHK,1903.0,4,1,130.02
Carpet  Area,Under Construction,Jayanagar,3 BHK,1612.0,4,1,265.6
Built-up  Area,Ready To Move,Whitefield,1 BHK,590.0,1,3,44.49
Built-up  Area,Under Construction,Bellandur,3 BHK,2298.0,4,1,194.78
Super built-up  Area,Ready To Move,Whitefield,3 BHK,1840.0,3,1,129.52
Super built-up  Area,Ready To Move,Hebbal,3 BHK,1968.0,3,1,188.21
Built-up  Area,Ready To Move,HSR Layout,4 BHK,2871.0,5,1,288.27
Super built-up  Area,Ready To Move,Hebbal,2 BHK,1135.0,3,2,108.32
Super built-up  Area,Under Construction,HSR Layout,2 BHK,1073.0,3,1,79.7
Super built-up  Area,Ready To Move,Other,3 BHK,1720.0,4,1,92.97
Super built-up  Area,Under Construction,Whitefield,2 BHK,887.0,2,1,52.16
Super built-up  Area,Ready To Move,Bellandur,1 BHK,677.0,1,2,56.55
Super built-up  Area,Under Construction,Sarjapur Road,1 BHK,570.0,1,0,35.01
Super built-up  Area,Under Construction,Whitefield,3 BHK,2181.0,3,1,131.15
Super built-up  Area,Ready To Move,Electronic City,2 BHK,1182.0,3,0,66.53
Super built-up  Area,Ready To Move,Marathahalli,2 BHK,921.0,2,1,59.89
Super built-up  Area,Under Construction,Jayanagar,2 BHK,1354.0,3,3,180.11
Plot  Area,Ready To Move,Rajaji Nagar,2 BHK,1272.0,2,2,188.9
Super built-up  Area,Under Construction,Other,1 BHK,517.0,2,2,30.63
Super built-up  Area,Ready To Move,Electronic City,2 BHK,1215.0,3,0,58.91
Built-up  Area,Ready To Move,Sarjapur Road,3 BHK,1921.0,4,2,131.49
Plot  Area,Ready To Move,Bellandur,1 BHK,526.0,1,3,51.59
Super built-up  Area,Under Construction,HSR Layout,3 BHK,2291.0,3,1,194.79
Super built-up  Area,Ready To Move,Hebbal,3 BHK,1987.0,3,1,178.64
Super built-up  Area,Under Construction,Sarjapur Road,2 BHK,1037.0,2,1,75.09
Super built-up  Area,Ready To Move,Indiranagar,2 BHK,1241.0,3,2,183.56
Built-up  Area,Ready To Move,Indiranagar,3 BHK,1512.0,4,2,262.6
Carpet  Area,Under Construction,Electronic City,2 BHK,1218.0,2,0,77.3
Plot  Area,Under Construction,Hebbal,2 BHK,1325.0,2,1,125.07
Super built-up  Area,Under Construction,Indiranagar,2 BHK,1582.0,3,2,243.19
Super built-up  Area,Ready To Move,Indiranagar,2 BHK,957.0,2,1,146.41
Carpet  Area,Ready To Move,Electronic City,2 BHK,1490.0,3,1,102.5
Super built-up  Area,Ready To Move,Thanisandra,2 BHK,1079.0,2,3,72.61
Super built-up  Area,Ready To Move,Whitefield,2 BHK,1202.0,3,2,72.49
Built-up  Area,Ready To Move,Sarjapur Road,3 BHK,1550.0,4,2,128.61
Super built-up  Area,Ready To Move,Yelahanka,4 BHK,2176.0,4,2,139.95
Super built-up  Area,Under Construction,Indiranagar,2 BHK,1507.0,2,0,190.95
Plot  Area,Ready To Move,Electronic City,2 BHK,1074.0,2,3,61.82
Super built-up  Area,Under Construction,Bellandur,3 BHK,2053.0,3,3,155.8
Super built-up  Area,Ready To Move,Indiranagar,2 BHK,1263.0,2,1,208.59
Super built-up  Area,Under Construction,Yelahanka,2 BHK,1384.0,2,2,77.2
Super built-up  Area,Ready To Move,Thanisandra,3 BHK,1555.0,4,0,109.58
Super built-up  Area,Under Construction,Koramangala,3 BHK,2073.0,3,1,259.79
Super built-up  Area,Ready To Move,HSR Layout,2 BHK,1474.0,2,1,148.33
Super built-up  Area,Under Construction,Whitefield,2 BHK,1232.0,2,2,69.84
Built-up  Area,Ready To Move,Electronic City,2 BHK,1079.0,3,2,61.65
Super built-up  Area,Ready To Move,Hebbal,2 BHK,1443.0,2,2,131.14
Built-up  Area,Ready To Move,Indiranagar,2 BHK,1096.0,2,2,183.71
Super built-up  Area,Ready To Move,HSR Layout,2 BHK,1417.0,2,1,143.31
Built-up  Area,Under Construction,Electronic City,2 BHK,1414.0,2,1,75.44
Super built-up  Area,Ready To Move,Whitefield,2 BHK,1156.0,3,1,90.28
Super built-up  Area,Ready To Move,HSR Layout,2 BHK,851.0,3,1,92.08
Built-up  Area,Ready To Move,Electronic City,3 BHK,2155.0,3,2,106.75
Super built-up  Area,Under Construction,Thanisandra,3 BHK,1832.0,3,1,111.18
Super built-up  Area,Under Construction,Whitefield,3 BHK,1553.0,4,2,104.06
Super built-up  Area,Ready To Move,Indiranagar,2 BHK,1512.0,2,1,258.95
Built-up  Area,Ready To Move,Marathahalli,2 BHK,1164.0,3,1,77.62
Super built-up  Area,Ready To Move,Electronic City,3 BHK,1972.0,3,2,97.44
Super built-up  Area,Ready To Move,Hebbal,3 BHK,1522.0,3,2,138.13
Super built-up  Area,Ready To Move,Whitefield,3 BHK,1476.0,3,3,84.22
Super built-up  Area,Ready To Move,Koramangala,2 BHK,966.0,2,3,118.46
Super built-up  Area,Ready To Move,Indiranagar,3 BHK,1549.0,4,0,243.85
Super built-up  Area,Ready To Move,Hebbal,3 BHK,1835.0,3,1,192.93
Super built-up  Area,Ready To Move,HSR Layout,1 BHK,487.0,2,3,48.27
Super built-up  Area,Ready To Move,Rajaji Nagar,2 BHK,975.0,3,2,122.47
Built-up  Area,Ready To Move,Electronic City,2 BHK,1059.0,2,1,59.15
Built-up  Area,Ready To Move,Whitefield,3 BHK,1897.0,3,2,142.4
Plot  Area,Ready To Move,Jayanagar,1 BHK,625.0,1,2,105.26
Super built-up  Area,Ready To Move,Indiranagar,3 BHK,1748.0,3,2,271.01
Carpet  Area,Under Construction,Rajaji Nagar,1 BHK,770.0,2,2,113.56
Super built-up  Area,Ready To Move,Indiranagar,3 BHK,2242.0,3,0,362.48
Carpet  Area,Under Construction,Yelahanka,1 BHK,429.0,1,2,30.34
Super built-up  Area,Ready To Move,Hebbal,2 BHK,1113.0,2,2,102.75
Super built-up  Area,Ready To Move,Thanisandra,3 BHK,2116.0,4,1,120.38
Super built-up  Area,Ready To Move,Rajaji Nagar,3 BHK,1739.0,3,0,185.49
Super built-up  Area,Ready To Move,Indiranagar,5 BHK,2575.0,5,1,400.02
Built-up  Area,Ready To Move,Electronic City,1 BHK,675.0,2,2,43.82
Built-up  Area,Ready To Move,Electronic City,2 BHK,1141.0,2,2,70.82
Carpet  Area,Under Construction,Electronic City,1 BHK,789.0,1,1,51.11
Super built-up  Area,Ready To Move,Electronic City,2 BHK,1515.0,3,2,75.67
Super built-up  Area,Ready To Move,Sarjapur Road,2 BHK,1545.0,2,2,118.48
Super built-up  Area,Ready To Move,Indiranagar,1 BHK,635.0,2,3,102.88
Carpet  Area,Ready To Move,Indiranagar,3 BHK,2151.0,3,0,416.43
Super built-up  Area,Ready To Move,Hebbal,2 BHK,1010.0,2,1,93.86
Built-up  Area,Ready To Move,Koramangala,3 BHK,1405.0,3,2,211.22
Super built-up  Area,Under Construction,Whitefield,3 BHK,1761.0,3,1,105.24
Super built-up  Area,Ready To Move,Whitefield,2 BHK,1583.0,3,1,107.4
Plot  Area,Ready To Move,Electronic City,5 BHK,3103.0,5,1,171.32
Super built-up  Area,Ready To Move,HSR Layout,2 BHK,1039.0,2,2,97.91
Super built-up  Area,Ready To Move,Electronic City,3 BHK,1774.0,3,2,96.68
Super built-up  Area,Ready To Move,Electronic City,4 BHK,2244.0,4,0,105.89
Built-up  Area,Under Construction,Hebbal,4 BHK,2969.0,4,1,266.41
Super built-up  Area,Ready To Move,Yelahanka,3 BHK,1630.0,3,1,108.8
Super built-up  Area,Under Construction,Whitefield,2 BHK,1452.0,3,1,86.33
Super built-up  Area,Under Construction,Koramangala,2 BHK,964.0,3,0,127.2
Super built-up  Area,Ready To Move,Bellandur,2 BHK,1300.0,3,1,125.66
Super built-up  Area,Ready To Move,Yelahanka,2 BHK,1062.0,2,1,75.07
Super built-up  Area,Ready To Move,Marathahalli,3 BHK,1925.0,3,2,128.04
Carpet  Area,Ready To Move,Whitefield,3 BHK,2057.0,4,1,173.37
Carpet  Area,Ready To Move,Electronic City,2 BHK,891.0,2,1,58.0
Super built-up  Area,Under Construction,Rajaji Nagar,1 BHK,605.0,1,2,61.21
Built-up  Area,Ready To Move,Hebbal,2 BHK,1420.0,3,2,128.98
Super built-up  Area,Under Construction,Indiranagar,2 BHK,1172.0,2,2,164.73
Super built-up  Area,Under Construction,Bellandur,1 BHK,751.0,1,2,56.97
Super built-up  Area,Under Construction,Bellandur,3 BHK,1359.0,4,1,106.79
Super built-up  Area,Ready To Move,Marathahalli,3 BHK,2107.0,3,1,142.64
Super built-up  Area,Under Construction,Other,2 BHK,1284.0,2,2,64.46
Super built-up  Area,Ready To Move,Thanisandra,2 BHK,1341.0,2,1,93.31
Built-up  Area,Ready To Move,Electronic City,3 BHK,1536.0,3,0,84.9
Super built-up  Area,Under Construction,Jayanagar,2 BHK,943.0,3,2,128.61
Built-up  Area,Under Construction,Whitefield,4 BHK,2318.0,4,2,170.72
Super built-up  Area,Ready To Move,Electronic City,1 BHK,588.0,1,3,27.23
Super built-up  Area,Under Construction,Rajaji Nagar,2 BHK,1364.0,3,2,147.25
Super built-up  Area,Ready To Move,Electronic City,3 BHK,1582.0,3,2,78.87
Super built-up  Area,Ready To Move,Electronic City,2 BHK,1491.0,2,0,73.15
Built-up  Area,Ready To Move,Whitefield,2 BHK,1353.0,2,1,107.08
Built-up  Area,Ready To Move,Jayanagar,3 BHK,1932.0,3,1,285.35
Super built-up  Area,Ready To Move,HSR Layout,3 BHK,2124.0,3,1,198.63
Built-up  Area,Ready To Move,Bellandur,1 BHK,683.0,2,1,61.09
Plot  Area,Ready To Move,Electronic City,2 BHK,954.0,2,2,60.93
Super built-up  Area,Ready To Move,Thanisandra,2 BHK,1255.0,3,1,94.07
Super built-up  Area,Ready To Move,Thanisandra,3 BHK,1823.0,4,2,125.42
Built-up  Area,Ready To Move,Sarjapur Road,2 BHK,915.0,2,2,69.81
Super built-up  Area,Ready To Move,Hebbal,3 BHK,1971.0,4,2,188.37
Plot  Area,Ready To Move,Electronic City,3 BHK,1688.0,4,1,94.38
Super built-up  Area,Ready To Move,Other,2 BHK,1551.0,3,2,105.29
Super built-up  Area,Ready To Move,Koramangala,2 BHK,1177.0,2,2,161.39
Super built-up  Area,Ready To Move,Marathahalli,2 BHK,1396.0,3,2,99.69
Super built-up  Area,Ready To Move,Sarjapur Road,2 BHK,1372.0,2,2,91.11
Plot  Area,Under Construction,Yelahanka,3 BHK,1344.0,3,1,98.0
Super built-up  Area,Ready To Move,Thanisandra,3 BHK,1835.0,3,3,117.78
Super built-up  Area,Ready To Move,Bellandur,2 BHK,1322.0,3,1,123.68
Plot  Area,Ready To Move,Marathahalli,3 BHK,1749.0,3,1,115.55
Super built-up  Area,Ready To Move,Sarjapur Road,2 BHK,939.0,3,2,73.92
Super built-up  Area,Ready To Move,Whitefield,2 BHK,1321.0,2,2,89.64
Super built-up  Area,Under Construction,Bellandur,2 BHK,1539.0,3,2,125.21
Super built-up  Area,Ready To Move,Thanisandra,2 BHK,1159.0,2,1,80.57
Super built-up  Area,Ready To Move,Indiranagar,2 BHK,1112.0,2,0,176.11
Super built-up  Area,Ready To Move,Electronic City,3 BHK,1759.0,3,2,86.02
Super built-up  Area,Ready To Move,HSR Layout,2 BHK,967.0,3,1,83.06
Plot  Area,Under Construction,Sarjapur Road,3 BHK,2109.0,4,1,184.09
Super built-up  Area,Ready To Move,Hebbal,1 BHK,838.0,1,2,81.57
Super built-up  Area,Ready To Move,Koramangala,3 BHK,2105.0,3,1,275.06
Super built-up  Area,Ready To Move,Thanisandra,3 BHK,1791.0,3,2,121.07
Built-up  Area,Ready To Move,Electronic City,2 BHK,1142.0,2,2,57.18
Super built-up  Area,Ready To Move,Hebbal,2 BHK,1231.0,3,2,108.02
Plot  Area,Ready To Move,Electronic City,2 BHK,1188.0,3,1,66.26
Super built-up  Area,Ready To Move,Electronic City,4 BHK,2560.0,5,0,154.77
Plot  Area,Ready To Move,Yelahanka,3 BHK,1428.0,3,1,102.99
Super built-up  Area,Ready To Move,Rajaji Nagar,3 BHK,1538.0,3,1,201.94
Built-up  Area,Under Construction,Sarjapur Road,3 BHK,1857.0,3,2,147.92
Super built-up  Area,Ready To Move,Thanisandra,1 BHK,450.0,2,0,30.81
Built-up  Area,Ready To Move,Rajaji Nagar,2 BHK,1165.0,2,2,177.27
Super built-up  Area,Ready To Move,Jayanagar,1 BHK,597.0,2,1,93.06
Super built-up  Area,Ready To Move,Electronic City,2 BHK,1234.0,2,2,67.41
Super built-up  Area,Ready To Move,Marathahalli,3 BHK,1514.0,4,3,100.07
Plot  Area,Ready To Move,Sarjapur Road,3 BHK,1928.0,4,3,179.66
Built-up  Area,Ready To Move,Sarjapur Road,5 BHK,2697.0,5,0,223.51
Super built-up  Area,Ready To Move,Whitefield,2 BHK,879.0,2,2,64.01
Super built-up  Area,Ready To Move,HSR Layout,2 BHK,1203.0,3,0,123.71
Super built-up  Area,Ready To Move,Whitefield,3 BHK,1415.0,3,2,106.26
Built-up  Area,Ready To Move,Electronic City,2 BHK,1057.0,2,0,65.63
Built-up  Area,Ready To Move,Sarjapur Road,2 BHK,1007.0,2,2,71.45
Built-up  Area,Under Construction,Yelahanka,2 BHK,1243.0,2,2,74.93
Super built-up  Area,Ready To Move,Jayanagar,2 BHK,1071.0,3,2,145.29
Carpet  Area,Ready To Move,Sarjapur Road,5 BHK,3157.0,5,1,250.26
Plot  Area,Ready To Move,Jayanagar,2 BHK,1078.0,2,1,145.81
Super built-up  Area,Ready To Move,Jayanagar,3 BHK,2241.0,3,0,305.83
Super built-up  Area,Ready To Move,Thanisandra,3 BHK,1895.0,3,3,140.65
Super built-up  Area,Ready To Move,Whitefield,2 BHK,1122.0,2,1,84.93
Super built-up  Area,Ready To Move,Bellandur,3 BHK,2002.0,3,2,176.36
Super built-up  Area,Ready To Move,Marathahalli,2 BHK,1072.0,2,1,71.62
Super built-up  Area,Under Construction,Bellandur,1 BHK,679.0,2,2,51.25
Super built-up  Area,Ready To Move,Sarjapur Road,3 BHK,2085.0,3,1,164.95
Super built-up  Area,Ready To Move,HSR Layout,2 BHK,1009.0,2,2,99.71
Super built-up  Area,Ready To Move,Koramangala,2 BHK,1349.0,3,2,219.48
Super built-up  Area,Ready To Move,HSR Layout,2 BHK,1025.0,2,2,97.34
Built-up  Area,Ready To Move,Whitefield,2 BHK,1382.0,3,3,110.18
Super built-up  Area,Ready To Move,Sarjapur Road,2 BHK,1042.0,2,3,73.22
Super built-up  Area,Ready To Move,Yelahanka,2 BHK,1170.0,3,2,77.83
Super built-up  Area,Ready To Move,Jayanagar,2 BHK,1110.0,3,1,152.23
Plot  Area,Under Construction,Whitefield,3 BHK,1602.0,3,2,126.39
Built-up  Area,Under Construction,Marathahalli,2 BHK,1350.0,2,2,74.65
Super built-up  Area,Ready To Move,Sarjapur Road,1 BHK,511.0,1,2,36.14
Plot  Area,Under Construction,Bellandur,2 BHK,760.0,2,2,66.3
Super built-up  Area,Under Construction,Thanisandra,3 BHK,1294.0,4,0,86.37
Carpet  Area,Under Construction,Yelahanka,2 BHK,1356.0,2,1,117.62
Super built-up  Area,Ready To Move,Marathahalli,4 BHK,2366.0,4,1,154.99
Super built-up  Area,Under Construction,Sarjapur Road,3 BHK,1502.0,3,1,99.63
Super built-up  Area,Ready To Move,Jayanagar,2 BHK,1362.0,3,0,168.73
Super built-up  Area,Ready To Move,Whitefield,2 BHK,1400.0,3,1,106.1
Super built-up  Area,Ready To Move,Bellandur,2 BHK,1003.0,2,2,92.35
Built-up  Area,Ready To Move,Thanisandra,3 BHK,1508.0,3,3,106.58
Built-up  Area,Ready To Move,Bellandur,2 BHK,1580.0,2,2,145.31
Super built-up  Area,Under Construction,Electronic City,3 BHK,2083.0,3,1,97.99
Super built-up  Area,Ready To Move,Jayanagar,3 BHK,2011.0,4,1,265.8
Super built-up  Area,Ready To Move,Electronic City,3 BHK,1852.0,3,1,94.31
Super built-up  Area,Ready To Move,Whitefield,3 BHK,1812.0,3,1,143.69
Super built-up  Area,Under Construction,Thanisandra,3 BHK,2184.0,4,2,132.78
Super built-up  Area,Under Construction,Hebbal,1 BHK,593.0,1,2,54.01
Built-up  Area,Ready To Move,Jayanagar,2 BHK,1514.0,3,1,232.98
Super built-up  Area,Ready To Move,Sarjapur Road,1 BHK,500.0,2,3,41.01
Super built-up  Area,Ready To Move,Electronic City,2 BHK,1327.0,2,2,78.28
Super built-up  Area,Ready To Move,Yelahanka,3 BHK,1303.0,4,1,97.69
Super built-up  Area,Ready To Move,HSR Layout,2 BHK,1505.0,3,1,163.5
Super built-up  Area,Ready To Move,Electronic City,3 BHK,1646.0,3,2,74.18
Built-up  Area,Ready To Move,Thanisandra,3 BHK,1842.0,3,2,137.01
Super built-up  Area,Ready To Move,HSR Layout,3 BHK,1889.0,4,0,178.68
Super built-up  Area,Under Construction,Koramangala,2 BHK,1082.0,2,2,152.16
Built-up  Area,Ready To Move,Hebbal,2 BHK,934.0,2,1,92.07
Super built-up  Area,Under Construction,Yelahanka,2 BHK,907.0,2,2,55.4
Built-up  Area,Ready To Move,Yelahanka,3 BHK,2290.0,3,1,156.24
Super built-up  Area,Ready To Move,Bellandur,1 BHK,711.0,1,2,63.83
Super built-up  Area,Ready To Move,Whitefield,1 BHK,746.0,1,2,52.83
Plot  Area,Ready To Move,Yelahanka,2 BHK,1332.0,3,1,100.94
Built-up  Area,Ready To Move,Bellandur,2 BHK,1340.0,2,1,123.25
Super built-up  Area,Ready To Move,Bellandur,2 BHK,1113.0,2,0,104.81
Super built-up  Area,Under Construction,Sarjapur Road,5 BHK,2996.0,5,1,181.57
Plot  Area,Under Construction,Jayanagar,3 BHK,2374.0,3,2,329.85
Super built-up  Area,Ready To Move,Thanisandra,3 BHK,1713.0,4,3,121.61
Super built-up  Area,Ready To Move,Whitefield,2 BHK,1375.0,2,1,97.14
Built-up  Area,Under Construction,Hebbal,2 BHK,1413.0,3,2,130.89
Super built-up  Area,Ready To Move,Rajaji Nagar,3 BHK,1357.0,3,2,176.3
Built-up  Area,Ready To Move,Whitefield,3 BHK,1870.0,4,2,133.76
Built-up  Area,Ready To Move,Marathahalli,2 BHK,1392.0,2,1,92.46
Built-up  Area,Ready To Move,Bellandur,3 BHK,1969.0,3,2,145.06
Built-up  Area,Ready To Move,Koramangala,4 BHK,2234.0,4,2,326.22
Super built-up  Area,Ready To Move,Electronic City,2 BHK,1256.0,2,2,59.71
Super built-up  Area,Ready To Move,Electronic City,2 BHK,1509.0,3,1,83.58
Super built-up  Area,Ready To Move,Marathahalli,2 BHK,1081.0,3,1,77.33
Built-up  Area,Ready To Move,Sarjapur Road,5 BHK,3424.0,6,3,253.24
Plot  Area,Under Construction,Thanisandra,2 BHK,1085.0,2,1,67.77
Super built-up  Area,Ready To Move,Sarjapur Road,3 BHK,1966.0,3,1,118.94
Super built-up  Area,Ready To Move,Whitefield,3 BHK,1703.0,4,2,117.71
Plot  Area,Ready To Move,Whitefield,2 BHK,1176.0,3,2,107.83
Super built-up  Area,Ready To Move,HSR Layout,2 BHK,1407.0,2,1,136.7
Super built-up  Area,Ready To Move,Other,2 BHK,1089.0,3,1,69.83
Built-up  Area,Ready To Move,Sarjapur Road,3 BHK,2137.0,4,1,169.32
Carpet  Area,Under Construction,Sarjapur Road,3 BHK,1679.0,3,2,150.68
Built-up  Area,Ready To Move,Sarjapur Road,3 BHK,1805.0,4,0,132.28
Built-up  Area,Ready To Move,HSR Layout,2 BHK,958.0,2,2,87.16
Super built-up  Area,Under Construction,Hebbal,1 BHK,644.0,1,1,47.11
Plot  Area,Ready To Move,Jayanagar,3 BHK,1484.0,4,2,258.53
Super built-up  Area,Ready To Move,HSR Layout,2 BHK,991.0,2,2,91.92
Plot  Area,Ready To Move,HSR Layout,2 BHK,976.0,3,2,118.16
Super built-up  Area,Under Construction,Whitefield,1 BHK,539.0,2,1,32.69
Super built-up  Area,Ready To Move,Other,2 BHK,1192.0,2,0,63.04
Super built-up  Area,Under Construction,Electronic City,2 BHK,1420.0,3,3,70.95
Super built-up  Area,Ready To Move,Whitefield,2 BHK,1087.0,2,1,67.64
Built-up  Area,Ready To Move,Bellandur,3 BHK,2157.0,4,0,186.94
Carpet  Area,Ready To Move,Indiranagar,2 BHK,1413.0,3,1,264.34
Built-up  Area,Ready To Move,Hebbal,3 BHK,2072.0,4,0,200.4
Plot  Area,Ready To Move,Hebbal,2 BHK,959.0,2,1,96.95
Super built-up  Area,Ready To Move,Yelahanka,2 BHK,1000.0,3,1,69.93
Built-up  Area,Ready To Move,Electronic City,2 BHK,1380.0,2,2,68.07
Built-up  Area,Ready To Move,Yelahanka,3 BHK,2015.0,3,1,145.51
Built-up  Area,Ready To Move,Koramangala,4 BHK,2925.0,4,1,474.18
Super built-up  Area,Ready To Move,Hebbal,2 BHK,998.0,3,2,99.45
Super built-up  Area,Under Construction,Hebbal,2 BHK,1394.0,3,1,129.23
Built-up  Area,Ready To Move,Electronic City,2 BHK,1180.0,2,1,70.51
Super built-up  Area,Ready To Move,Thanisandra,3 BHK,1719.0,4,2,127.19
Built-up  Area,Ready To Move,HSR Layout,3 BHK,2045.0,4,2,239.91
Carpet  Area,Under Construction,Sarjapur Road,3 BHK,1873.0,3,1,153.4
Super built-up  Area,Ready To Move,Indiranagar,1 BHK,563.0,1,1,80.32
Built-up  Area,Ready To Move,Other,2 BHK,1308.0,2,2,80.85
Built-up  Area,Ready To Move,Hebbal,3 BHK,1696.0,3,1,179.6
Built-up  Area,Ready To Move,Marathahalli,3 BHK,1516.0,3,1,107.29
Super built-up  Area,Under Construction,Sarjapur Road,2 BHK,1415.0,3,2,89.23
Plot  Area,Ready To Move,Whitefield,2 BHK,1476.0,3,2,113.13
Super built-up  Area,Ready To Move,Electronic City,3 BHK,1596.0,3,1,76.45
Super built-up  Area,Under Construction,Hebbal,1 BHK,367.0,1,2,32.78
Built-up  Area,Ready To Move,Electronic City,2 BHK,1351.0,2,0,73.9
Built-up  Area,Under Construction,Whitefield,2 BHK,1356.0,3,1,87.62
Built-up  Area,Under Construction,Rajaji Nagar,2 BHK,1300.0,2,1,137.53
Super built-up  Area,Ready To Move,Jayanagar,2 BHK,1039.0,3,2,141.36
Super built-up  Area,Ready To Move,Thanisandra,3 BHK,2150.0,3,0,154.07
Plot  Area,Ready To Move,Electronic City,2 BHK,1007.0,2,1,53.07
Super built-up  Area,Ready To Move,Whitefield,2 BHK,1302.0,2,1,90.84
Built-up  Area,Under Construction,Whitefield,3 BHK,2208.0,4,0,168.67
Built-up  Area,Ready To Move,Thanisandra,5 BHK,2735.0,6,3,193.77
Built-up  Area,Ready To Move,Marathahalli,3 BHK,1827.0,3,0,135.56
Super built-up  Area,Ready To Move,Hebbal,3 BHK,2062.0,3,1,169.72
Built-up  Area,Ready To Move,Whitefield,4 BHK,2673.0,4,1,179.47
Plot  Area,Under Construction,HSR Layout,3 BHK,1812.0,3,1,183.38
Super built-up  Area,Ready To Move,Sarjapur Road,5 BHK,2649.0,6,2,152.83
Super built-up  Area,Ready To Move,Sarjapur Road,3 BHK,1900.0,3,2,122.52
Super built-up  Area,Ready To Move,Koramangala,3 BHK,2123.0,4,3,240.55
Super built-up  Area,Under Construction,Thanisandra,3 BHK,1326.0,3,2,80.27
Plot  Area,Under Construction,Whitefield,3 BHK,2247.0,3,2,155.99
Plot  Area,Under Construction,Whitefield,3 BHK,1332.0,3,1,94.9
Carpet  Area,Ready To Move,Other,3 BHK,1355.0,3,1,98.36
Super built-up  Area,Ready To Move,Electronic City,2 BHK,1185.0,3,2,68.7
Built-up  Area,Under Construction,Whitefield,3 BHK,1703.0,3,2,117.65
Super built-up  Area,Under Construction,Electronic City,2 BHK,848.0,2,2,39.5
Built-up  Area,Ready To Move,Whitefield,2 BHK,1087.0,3,1,84.4
Super built-up  Area,Ready To Move,Sarjapur Road,3 BHK,2010.0,4,0,143.17
Plot  Area,Under Construction,Yelahanka,2 BHK,1141.0,2,0,77.61
Built-up  Area,Ready To Move,Sarjapur Road,2 BHK,1027.0,3,2,78.78
Plot  Area,Ready To Move,Hebbal,2 BHK,1437.0,2,2,155.66
Plot  Area,Ready To Move,Bellandur,1 BHK,435.0,2,2,37.54
Plot  Area,Under Construction,HSR Layout,1 BHK,623.0,1,1,62.24
Super built-up  Area,Ready To Move,Jayanagar,2 BHK,1274.0,2,1,144.72
Built-up  Area,Under Construction,Jayanagar,3 BHK,1938.0,3,2,245.4
Super built-up  Area,Ready To Move,Whitefield,2 BHK,1377.0,2,1,90.6
Super built-up  Area,Ready To Move,Thanisandra,3 BHK,1665.0,3,2,92.08
Super built-up  Area,Ready To Move,Hebbal,3 BHK,1296.0,3,2,115.5
Built-up  Area,Under Construction,Other,2 BHK,1410.0,3,2,79.49
Super built-up  Area,Ready To Move,HSR Layout,3 BHK,1852.0,3,1,180.78
Super built-up  Area,Ready To Move,Other,2 BHK,974.0,2,2,59.27
Built-up  Area,Under Construction,Thanisandra,3 BHK,1800.0,4,0,121.2
Plot  Area,Ready To Move,Electronic City,2 BHK,1247.0,2,2,72.93
Built-up  Area,Under Construction,HSR Layout,4 BHK,2578.0,5,3,257.15
Super built-up  Area,Ready To Move,Other,1 BHK,696.0,1,3,38.12
Super built-up  Area,Ready To Move,Jayanagar,2 BHK,1366.0,3,1,180.42
Super built-up  Area,Ready To Move,Whitefield,2 BHK,1263.0,2,1,88.26
Super built-up  Area,Under Construction,Bellandur,3 BHK,1938.0,4,1,168.5
Super built-up  Area,Ready To Move,Sarjapur Road,2 BHK,1528.0,2,0,116.39
Carpet  Area,Under Construction,Whitefield,2 BHK,1211.0,3,2,88.3
Super built-up  Area,Ready To Move,Hebbal,2 BHK,1236.0,3,1,113.83
Super built-up  Area,Ready To Move,Electronic City,2 BHK,1341.0,2,1,77.75
Super built-up  Area,Ready To Move,Yelahanka,3 BHK,1677.0,3,1,112.2
Super built-up  Area,Under Construction,Sarjapur Road,2 BHK,886.0,2,2,59.39
Super built-up  Area,Ready To Move,Yelahanka,3 BHK,2243.0,4,1,136.29
Super built-up  Area,Ready To Move,Whitefield,2 BHK,1282.0,2,0,82.13
Carpet  Area,Under Construction,Sarjapur Road,1 BHK,461.0,1,1,36.46
Super built-up  Area,Ready To Move,Electronic City,2 BHK,1104.0,2,2,54.17
Super built-up  Area,Ready To Move,Electronic City,3 BHK,2063.0,3,2,114.25
Super built-up  Area,Ready To Move,Whitefield,3 BHK,1435.0,3,2,103.12
Super built-up  Area,Ready To Move,Electronic City,2 BHK,884.0,2,2,46.18
Super built-up  Area,Ready To Move,Indiranagar,3 BHK,2076.0,3,2,345.36
Super built-up  Area,Under Construction,Sarjapur Road,3 BHK,2166.0,3,1,168.23
Super built-up  Area,Ready To Move,Hebbal,2 BHK,991.0,3,1,93.41
Super built-up  Area,Ready To Move,Sarjapur Road,2 BHK,1075.0,3,0,81.21
Super built-up  Area,Under Construction,Jayanagar,2 BHK,1376.0,3,3,156.71
Super built-up  Area,Ready To Move,Rajaji Nagar,1 BHK,575.0,1,2,75.88
Super built-up  Area,Under Construction,HSR Layout,2 BHK,1203.0,2,0,110.21
Super built-up  Area,Ready To Move,Sarjapur Road,3 BHK,1460.0,4,3,95.43
Super built-up  Area,Ready To Move,Whitefield,2 BHK,1377.0,2,1,103.04
Super built-up  Area,Ready To Move,Marathahalli,2 BHK,1366.0,2,2,101.55
Super built-up  Area,Ready To Move,Whitefield,2 BHK,884.0,2,0,62.34
Super built-up  Area,Ready To Move,Sarjapur Road,2 BHK,1499.0,2,2,107.19
Super built-up  Area,Ready To Move,Sarjapur Road,2 BHK,1451.0,3,2,107.62
Super built-up  Area,Ready To Move,Sarjapur Road,3 BHK,1464.0,3,2,100.16
Super built-up  Area,Ready To Move,Electronic City,1 BHK,488.0,1,2,24.54
Plot  Area,Ready To Move,Yelahanka,3 BHK,1574.0,3,2,95.17
Built-up  Area,Ready To Move,Whitefield,2 BHK,1247.0,2,1,97.11
Built-up  Area,Ready To Move,Koramangala,3 BHK,1713.0,4,1,285.47
Plot  Area,Ready To Move,Whitefield,2 BHK,1378.0,2,2,112.52
Carpet  Area,Ready To Move,Whitefield,3 BHK,1849.0,3,0,144.61
Built-up  Area,Ready To Move,Rajaji Nagar,3 BHK,1846.0,3,2,206.43
Super built-up  Area,Ready To Move,Electronic City,2 BHK,890.0,3,2,49.78
Super built-up  Area,Ready To Move,Yelahanka,3 BHK,2167.0,3,1,145.53
Super built-up  Area,Ready To Move,HSR Layout,2 BHK,1045.0,2,2,116.38
Built-up  Area,Ready To Move,Whitefield,2 BHK,1250.0,2,0,89.75
Carpet  Area,Under Construction,Marathahalli,4 BHK,2271.0,5,1,155.04
Super built-up  Area,Ready To Move,Electronic City,2 BHK,1478.0,2,0,77.09
Built-up  Area,Ready To Move,Jayanagar,2 BHK,1362.0,2,1,193.23
Super built-up  Area,Ready To Move,Electronic City,2 BHK,1009.0,3,1,60.42
Super built-up  Area,Under Construction,Jayanagar,2 BHK,1261.0,2,3,154.81
Super built-up  Area,Ready To Move,Whitefield,3 BHK,1644.0,3,2,120.52
Super built-up  Area,Ready To Move,HSR Layout,2 BHK,1279.0,3,1,129.49
Super built-up  Area,Ready To Move,Thanisandra,2 BHK,1037.0,2,1,66.18
Built-up  Area,Under Construction,Marathahalli,2 BHK,1379.0,2,1,80.64
Plot  Area,Ready To Move,Rajaji Nagar,2 BHK,1076.0,2,1,156.9
Plot  Area,Ready To Move,Yelahanka,2 BHK,1232.0,2,2,99.49
Super built-up  Area,Ready To Move,Rajaji Nagar,2 BHK,1070.0,3,2,126.92
Plot  Area,Ready To Move,Electronic City,2 BHK,1262.0,2,3,83.62
Super built-up  Area,Ready To Move,Electronic City,3 BHK,1505.0,3,1,84.69
Super built-up  Area,Ready To Move,Electronic City,1 BHK,421.0,1,0,22.61
Built-up  Area,Under Construction,Sarjapur Road,1 BHK,695.0,1,2,51.46
Super built-up  Area,Ready To Move,Sarjapur Road,5 BHK,2620.0,6,3,165.04
Super built-up  Area,Under Construction,HSR Layout,3 BHK,2010.0,3,1,160.74
Super built-up  Area,Ready To Move,Electronic City,3 BHK,1769.0,3,2,82.08
Built-up  Area,Under Construction,Bellandur,3 BHK,1951.0,3,0,178.65
Super built-up  Area,Under Construction,Electronic City,2 BHK,915.0,3,2,50.81
Super built-up  Area,Ready To Move,Sarjapur Road,3 BHK,1928.0,3,2,120.89
Built-up  Area,Ready To Move,HSR Layout,1 BHK,555.0,2,1,59.43
Built-up  Area,Ready To Move,Yelahanka,3 BHK,1547.0,3,1,108.05
Plot  Area,Ready To Move,Thanisandra,2 BHK,1197.0,2,2,96.62
Super built-up  Area,Ready To Move,Koramangala,4 BHK,2765.0,5,3,407.89
Super built-up  Area,Under Construction,Electronic City,3 BHK,1620.0,3,2,74.9
Super built-up  Area,Ready To Move,HSR Layout,2 BHK,1264.0,2,0,113.97
Super built-up  Area,Ready To Move,Whitefield,2 BHK,1410.0,3,0,97.33
Built-up  Area,Ready To Move,Sarjapur Road,1 BHK,530.0,2,2,43.05
Super built-up  Area,Ready To Move,Hebbal,3 BHK,1305.0,3,2,135.67
Super built-up  Area,Ready To Move,Whitefield,2 BHK,903.0,2,2,56.25
Built-up  Area,Under Construction,Electronic City,2 BHK,1513.0,2,1,81.34
Built-up  Area,Ready To Move,Marathahalli,4 BHK,2902.0,5,0,187.77
Built-up  Area,Under Construction,Marathahalli,4 BHK,2771.0,5,0,174.62
Built-up  Area,Ready To Move,Sarjapur Road,4 BHK,2891.0,4,2,240.16
Built-up  Area,Ready To Move,Whitefield,2 BHK,1407.0,2,1,118.63
Built-up  Area,Ready To Move,Electronic City,3 BHK,1914.0,4,1,108.3
Super built-up  Area,Ready To Move,Sarjapur Road,4 BHK,2191.0,5,2,165.43
Carpet  Area,Ready To Move,Marathahalli,2 BHK,1189.0,2,2,90.69
Super built-up  Area,Ready To Move,Whitefield,2 BHK,1254.0,3,2,74.46
Super built-up  Area,Under Construction,Thanisandra,3 BHK,1369.0,3,2,80.76
Super built-up  Area,Ready To Move,Whitefield,3 BHK,1987.0,3,2,133.95
Built-up  Area,Ready To Move,Other,3 BHK,1312.0,4,2,97.56
Plot  Area,Ready To Move,Sarjapur Road,2 BHK,1041.0,2,1,92.46
Super built-up  Area,Ready To Move,Thanisandra,2 BHK,1229.0,2,2,92.89
Super built-up  Area,Ready To Move,Sarjapur Road,3 BHK,1787.0,3,2,140.68
Plot  Area,Ready To Move,Koramangala,2 BHK,1322.0,2,1,230.55
Plot  Area,Under Construction,Electronic City,3 BHK,1324.0,3,0,76.94
Super built-up  Area,Ready To Move,Whitefield,1 BHK,715.0,1,2,50.0
Super built-up  Area,Ready To Move,Marathahalli,2 BHK,1334.0,2,3,86.86
Built-up  Area,Ready To Move,Rajaji Nagar,2 BHK,948.0,2,2,116.63
Super built-up  Area,Ready To Move,Rajaji Nagar,2 BHK,1099.0,3,1,128.07
Plot  Area,Ready To Move,Koramangala,3 BHK,1891.0,3,0,270.16
Super built-up  Area,Under Construction,Yelahanka,2 BHK,1197.0,2,1,68.92
Super built-up  Area,Ready To Move,Whitefield,3 BHK,1544.0,3,1,89.84
Super built-up  Area,Ready To Move,Sarjapur Road,3 BHK,2097.0,4,1,138.59
Super built-up  Area,Under Construction,Sarjapur Road,2 BHK,1575.0,2,1,107.67
Super built-up  Area,Under Construction,Koramangala,3 BHK,2190.0,4,1,262.69
Super built-up  Area,Ready To Move,Sarjapur Road,3 BHK,2006.0,4,1,138.49
Built-up  Area,Ready To Move,Whitefield,3 BHK,2230.0,4,1,172.33
Super built-up  Area,Under Construction,Indiranagar,3 BHK,2097.0,4,1,321.27
Plot  Area,Ready To Move,Yelahanka,2 BHK,1485.0,2,3,121.33
Super built-up  Area,Ready To Move,Sarjapur Road,2 BHK,1258.0,2,1,86.5
Built-up  Area,Ready To Move,Whitefield,1 BHK,609.0,2,1,45.43
Super built-up  Area,Ready To Move,Electronic City,2 BHK,1060.0,2,2,52.19
Super built-up  Area,Ready To Move,Electronic City,2 BHK,985.0,2,1,43.52
Super built-up  Area,Ready To Move,Sarjapur Road,3 BHK,1622.0,3,1,125.07
Super built-up  Area,Ready To Move,Koramangala,1 BHK,540.0,1,1,77.81
Built-up  Area,Under Construction,Koramangala,1 BHK,656.0,1,0,85.23
Built-up  Area,Ready To Move,Bellandur,2 BHK,1402.0,2,1,117.11
Built-up  Area,Ready To Move,Sarjapur Road,2 BHK,1125.0,2,1,90.67
Super built-up  Area,Ready To Move,Yelahanka,3 BHK,1766.0,3,2,111.48
Plot  Area,Ready To Move,Electronic City,3 BHK,1305.0,3,1,72.57
Super built-up  Area,Ready To Move,Hebbal,2 BHK,1147.0,2,2,110.29
Carpet  Area,Ready To Move,Yelahanka,1 BHK,620.0,1,2,49.66
Built-up  Area,Ready To Move,Electronic City,2 BHK,1325.0,3,3,74.14
Super built-up  Area,Ready To Move,Whitefield,3 BHK,1918.0,4,1,119.21
Super built-up  Area,Under Construction,Rajaji Nagar,5 BHK,2382.0,6,0,287.59
Super built-up  Area,Under Construction,Sarjapur Road,2 BHK,1015.0,2,1,67.16
Built-up  Area,Ready To Move,Bellandur,3 BHK,2273.0,3,2,195.67
Super built-up  Area,Ready To Move,Whitefield,3 BHK,1318.0,4,3,85.19
Built-up  Area,Ready To Move,Bellandur,1 BHK,573.0,1,1,50.62
Super built-up  Area,Ready To Move,Sarjapur Road,3 BHK,1533.0,3,1,104.2
Super built-up  Area,Ready To Move,Whitefield,2 BHK,1335.0,2,2,95.08
Super built-up  Area,Ready To Move,Koramangala,4 BHK,2763.0,5,2,343.83
Super built-up  Area,Under Construction,Electronic City,2 BHK,1468.0,2,1,67.84
Built-up  Area,Under Construction,Sarjapur Road,2 BHK,821.0,2,1,58.66
Super built-up  Area,Ready To Move,Whitefield,4 BHK,2349.0,4,1,167.39
Super built-up  Area,Ready To Move,Whitefield,2 BHK,1403.0,2,1,99.05
Super built-up  Area,Under Construction,Sarjapur Road,3 BHK,1489.0,4,1,113.56
Super built-up  Area,Ready To Move,Whitefield,2 BHK,1408.0,2,1,99.73
Built-up  Area,Ready To Move,Rajaji Nagar,3 BHK,2105.0,3,1,261.76
Super built-up  Area,Ready To Move,Whitefield,2 BHK,1227.0,2,3,81.66
Built-up  Area,Ready To Move,HSR Layout,4 BHK,2895.0,4,1,306.85
Built-up  Area,Ready To Move,Whitefield,2 BHK,1568.0,3,1,137.64
Plot  Area,Under Construction,Sarjapur Road,2 BHK,1196.0,3,2,85.22
Super built-up  Area,Ready To Move,Marathahalli,3 BHK,1858.0,3,1,118.58
Super built-up  Area,Ready To Move,Electronic City,4 BHK,2111.0,4,2,115.56
Built-up  Area,Ready To Move,Marathahalli,2 BHK,1240.0,3,3,87.16
Built-up  Area,Under Construction,Electronic City,2 BHK,1071.0,2,1,57.55
Built-up  Area,Under Construction,Thanisandra,2 BHK,1335.0,2,2,85.78
Super built-up  Area,Ready To Move,HSR Layout,2 BHK,1273.0,2,1,131.85
Super built-up  Area,Under Construction,Rajaji Nagar,3 BHK,1381.0,3,2,147.15
Super built-up  Area,Ready To Move,Indiranagar,1 BHK,717.0,1,1,113.84
Built-up  Area,Ready To Move,HSR Layout,3 BHK,1700.0,3,2,176.66
Super built-up  Area,Ready To Move,Electronic City,2 BHK,1221.0,3,2,58.43
Super built-up  Area,Ready To Move,Electronic City,2 BHK,1415.0,2,1,71.21
Built-up  Area,Ready To Move,Rajaji Nagar,2 BHK,1473.0,2,1,209.28
Super built-up  Area,Ready To Move,Sarjapur Road,3 BHK,1221.0,3,2,93.2
Super built-up  Area,Ready To Move,Sarjapur Road,2 BHK,1381.0,3,2,94.83
Super built-up  Area,Ready To Move,Thanisandra,2 BHK,1284.0,2,2,85.52
Super built-up  Area,Ready To Move,Sarjapur Road,1 BHK,791.0,1,1,60.0
Super built-up  Area,Ready To Move,Marathahalli,3 BHK,2100.0,3,3,151.38
Super built-up  Area,Ready To Move,Thanisandra,2 BHK,1430.0,3,0,104.11
Super built-up  Area,Ready To Move,Indiranagar,4 BHK,2083.0,5,3,297.35
Super built-up  Area,Under Construction,Rajaji Nagar,3 BHK,2188.0,3,2,229.17
Super built-up  Area,Under Construction,Whitefield,2 BHK,1346.0,2,2,88.87
Built-up  Area,Ready To Move,Electronic City,2 BHK,1203.0,3,2,60.38
Super built-up  Area,Ready To Move,Hebbal,2 BHK,1165.0,3,1,104.38
Super built-up  Area,Ready To Move,Electronic City,3 BHK,1549.0,3,1,80.17
Super built-up  Area,Under Construction,Thanisandra,2 BHK,1270.0,3,2,78.67
Super built-up  Area,Ready To Move,Rajaji Nagar,1 BHK,701.0,1,2,75.33
Super built-up  Area,Under Construction,Hebbal,2 BHK,1269.0,2,1,122.53
Super built-up  Area,Ready To Move,Sarjapur Road,3 BHK,2073.0,4,1,156.92
Built-up  Area,Under Construction,Marathahalli,3 BHK,1447.0,3,2,100.81
Super built-up  Area,Ready To Move,Hebbal,4 BHK,2720.0,4,2,223.89
Built-up  Area,Under Construction,HSR Layout,2 BHK,1257.0,3,2,113.14
Super built-up  Area,Ready To Move,Sarjapur Road,2 BHK,1616.0,3,1,101.92
Super built-up  Area,Under Construction,Rajaji Nagar,2 BHK,1456.0,2,0,170.29
Super built-up  Area,Ready To Move,Indiranagar,3 BHK,1758.0,3,2,286.7
Built-up  Area,Ready To Move,Thanisandra,4 BHK,2764.0,4,0,222.65
Super built-up  Area,Under Construction,Yelahanka,4 BHK,2382.0,4,2,149.19
Super built-up  Area,Ready To Move,Sarjapur Road,2 BHK,1399.0,3,1,109.92
Super built-up  Area,Ready To Move,Hebbal,2 BHK,1227.0,2,2,106.87
Super built-up  Area,Ready To Move,Jayanagar,2 BHK,1009.0,3,2,138.27
Plot  Area,Under Construction,Sarjapur Road,2 BHK,973.0,3,2,76.02
Super built-up  Area,Under Construction,Yelahanka,1 BHK,551.0,1,3,36.37
Built-up  Area,Ready To Move,Marathahalli,2 BHK,995.0,2,1,62.79
Built-up  Area,Ready To Move,Koramangala,2 BHK,1367.0,2,3,208.8
Super built-up  Area,Under Construction,Thanisandra,2 BHK,866.0,3,3,59.92
Super built-up  Area,Ready To Move,Yelahanka,2 BHK,1398.0,3,1,97.5
Super built-up  Area,Under Construction,Jayanagar,2 BHK,1072.0,2,1,102.79
Super built-up  Area,Under Construction,Sarjapur Road,3 BHK,1703.0,3,2,109.21
Super built-up  Area,Under Construction,Whitefield,2 BHK,1040.0,2,3,61.63
Super built-up  Area,Ready To Move,Hebbal,3 BHK,1790.0,3,0,159.37
Built-up  Area,Under Construction,Bellandur,2 BHK,1154.0,2,1,92.96
Built-up  Area,Under Construction,Hebbal,3 BHK,1611.0,4,1,154.21
Built-up  Area,Under Construction,Thanisandra,2 BHK,1413.0,2,3,94.4
Super built-up  Area,Ready To Move,Sarjapur Road,2 BHK,1219.0,2,1,86.08
Super built-up  Area,Ready To Move,Koramangala,3 BHK,1831.0,3,2,237.45
Super built-up  Area,Ready To Move,Electronic City,3 BHK,1609.0,4,0,82.01
Built-up  Area,Ready To Move,Thanisandra,2 BHK,869.0,3,2,74.65
Carpet  Area,Ready To Move,HSR Layout,1 BHK,557.0,1,2,67.16
Super built-up  Area,Ready To Move,Electronic City,4 BHK,1934.0,4,1,104.96
Super built-up  Area,Ready To Move,Sarjapur Road,1 BHK,543.0,1,3,39.06
Super built-up  Area,Under Construction,Thanisandra,2 BHK,1184.0,2,1,78.06
Plot  Area,Under Construction,HSR Layout,4 BHK,2805.0,4,1,339.32
Super built-up  Area,Under Construction,Electronic City,3 BHK,1263.0,4,3,63.91
Super built-up  Area,Ready To Move,Marathahalli,2 BHK,960.0,2,2,57.06
Carpet  Area,Ready To Move,Thanisandra,4 BHK,1889.0,4,2,173.69
Built-up  Area,Ready To Move,Marathahalli,2 BHK,1301.0,3,1,94.83
Super built-up  Area,Ready To Move,Hebbal,1 BHK,595.0,1,1,50.32
Plot  Area,Ready To Move,Hebbal,3 BHK,1886.0,3,1,200.74
Super built-up  Area,Ready To Move,Rajaji Nagar,2 BHK,922.0,2,2,103.58
Super built-up  Area,Ready To Move,HSR Layout,2 BHK,1283.0,2,2,147.58
Super built-up  Area,Ready To Move,Bellandur,5 BHK,2432.0,5,1,183.88
Built-up  Area,Ready To Move,Electronic City,2 BHK,1216.0,3,3,68.18
Built-up  Area,Ready To Move,Hebbal,3 BHK,1579.0,4,1,164.16
Super built-up  Area,Ready To Move,Whitefield,2 BHK,1322.0,2,1,100.1
Carpet  Area,Ready To Move,Electronic City,2 BHK,1063.0,3,2,66.53
Super built-up  Area,Ready To Move,Whitefield,3 BHK,1719.0,3,1,111.54
Built-up  Area,Ready To Move,Whitefield,3 BHK,1942.0,3,2,155.4
Super built-up  Area,Ready To Move,Other,3 BHK,2070.0,4,1,121.39
Super built-up  Area,Under Construction,Electronic City,3 BHK,2151.0,3,1,98.27
Super built-up  Area,Ready To Move,Bellandur,2 BHK,991.0,3,2,83.59
Plot  Area,Ready To Move,Yelahanka,2 BHK,828.0,2,2,61.21
Super built-up  Area,Under Construction,Indiranagar,2 BHK,1463.0,2,2,244.26
Built-up  Area,Ready To Move,Electronic City,2 BHK,1032.0,2,0,56.78
Super built-up  Area,Ready To Move,Thanisandra,2 BHK,863.0,3,1,62.29
Built-up  Area,Ready To Move,Koramangala,2 BHK,1018.0,2,3,135.94
Super built-up  Area,Ready To Move,Thanisandra,3 BHK,1962.0,3,3,137.8
Super built-up  Area,Ready To Move,Thanisandra,2 BHK,1022.0,3,0,64.22
Super built-up  Area,Ready To Move,Other,4 BHK,2729.0,4,1,137.61
Plot  Area,Under Construction,Indiranagar,2 BHK,1500.0,2,1,233.38
Super built-up  Area,Ready To Move,Sarjapur Road,2 BHK,1420.0,2,0,116.77
Super built-up  Area,Under Construction,Koramangala,3 BHK,1995.0,3,1,240.29
Plot  Area,Under Construction,Whitefield,3 BHK,1826.0,4,2,104.9
Built-up  Area,Under Construction,Rajaji Nagar,1 BHK,612.0,1,1,72.95
Super built-up  Area,Under Construction,Whitefield,2 BHK,1494.0,2,1,91.26
Carpet  Area,Ready To Move,Sarjapur Road,2 BHK,1458.0,3,1,137.43
Built-up  Area,Ready To Move,Yelahanka,3 BHK,1908.0,3,2,112.13
Super built-up  Area,Ready To Move,Indiranagar,3 BHK,1762.0,3,1,250.24
Super built-up  Area,Under Construction,Sarjapur Road,2 BHK,1198.0,3,2,96.39
Built-up  Area,Ready To Move,Hebbal,1 BHK,640.0,2,1,67.92
Built-up  Area,Ready To Move,Jayanagar,2 BHK,1304.0,3,3,202.53
Super built-up  Area,Under Construction,Sarjapur Road,2 BHK,1350.0,3,2,75.72
Super built-up  Area,Ready To Move,Jayanagar,2 BHK,1311.0,2,0,207.53
Super built-up  Area,Ready To Move,Whitefield,2 BHK,1468.0,2,2,113.27
Super built-up  Area,Ready To Move,Thanisandra,2 BHK,1283.0,3,1,88.44
Super built-up  Area,Ready To Move,Jayanagar,2 BHK,1328.0,3,1,159.82
Super built-up  Area,Ready To Move,Electronic City,2 BHK,1093.0,3,2,59.82
Built-up  Area,Ready To Move,Hebbal,2 BHK,1234.0,2,2,126.71
Built-up  Area,Under Construction,Electronic City,3 BHK,1802.0,4,3,102.33
Super built-up  Area,Ready To Move,Bellandur,4 BHK,1995.0,5,2,156.93
Super built-up  Area,Ready To Move,HSR Layout,2 BHK,940.0,2,2,88.73
Super built-up  Area,Ready To Move,Koramangala,1 BHK,719.0,2,2,112.86
Super built-up  Area,Ready To Move,Electronic City,2 BHK,1302.0,3,1,64.93
Carpet  Area,Ready To Move,Electronic City,1 BHK,607.0,2,2,40.48
Built-up  Area,Ready To Move,Whitefield,2 BHK,1398.0,2,1,103.77
Super built-up  Area,Ready To Move,Sarjapur Road,3 BHK,1461.0,3,2,113.59
Super built-up  Area,Ready To Move,Indiranagar,2 BHK,884.0,2,1,139.57
Super built-up  Area,Ready To Move,Jayanagar,2 BHK,1528.0,2,3,202.65
Super built-up  Area,Ready To Move,Bellandur,3 BHK,1429.0,3,2,113.3
Super built-up  Area,Ready To Move,Hebbal,2 BHK,1358.0,2,2,132.62
Built-up  Area,Ready To Move,Marathahalli,2 BHK,1365.0,3,2,96.7
Built-up  Area,Under Construction,Thanisandra,3 BHK,1632.0,4,2,110.46
Super built-up  Area,Under Construction,Marathahalli,2 BHK,1255.0,3,3,84.51
Plot  Area,Ready To Move,HSR Layout,3 BHK,1519.0,4,2,173.18
Built-up  Area,Ready To Move,Electronic City,4 BHK,2048.0,4,1,106.38
Built-up  Area,Under Construction,Whitefield,3 BHK,1545.0,3,2,109.62
Carpet  Area,Ready To Move,Thanisandra,2 BHK,1352.0,2,1,102.95
Super built-up  Area,Under Construction,Whitefield,2 BHK,1093.0,3,1,60.57
Super built-up  Area,Ready To Move,Sarjapur Road,2 BHK,1339.0,3,3,106.66
Plot  Area,Under Construction,HSR Layout,5 BHK,3558.0,5,2,391.8
Built-up  Area,Ready To Move,Indiranagar,4 BHK,2688.0,4,1,474.32
Plot  Area,Ready To Move,Koramangala,2 BHK,1053.0,2,1,133.25
Super built-up  Area,Under Construction,Electronic City,3 BHK,2174.0,4,2,103.95
Super built-up  Area,Under Construction,Sarjapur Road,2 BHK,1056.0,2,1,67.68
Super built-up  Area,Ready To Move,Koramangala,2 BHK,1432.0,2,0,229.2
Super built-up  Area,Under Construction,Marathahalli,2 BHK,1195.0,2,1,72.73
Super built-up  Area,Ready To Move,Thanisandra,2 BHK,1157.0,3,1,89.67
Super built-up  Area,Ready To Move,Marathahalli,3 BHK,2143.0,4,1,145.41
Super built-up  Area,Ready To Move,Thanisandra,2 BHK,1309.0,3,3,81.15
Super built-up  Area,Ready To Move,Indiranagar,3 BHK,1344.0,3,2,221.32
Super built-up  Area,Under Construction,Electronic City,5 BHK,2343.0,5,2,124.6
Super built-up  Area,Ready To Move,Bellandur,3 BHK,1720.0,3,1,130.75
Super built-up  Area,Ready To Move,Koramangala,2 BHK,995.0,2,2,133.41
Super built-up  Area,Ready To Move,Koramangala,3 BHK,1966.0,3,1,283.69
Plot  Area,Ready To Move,HSR Layout,2 BHK,1035.0,2,1,109.96
Super built-up  Area,Ready To Move,HSR Layout,3 BHK,1476.0,4,2,154.43
Super built-up  Area,Ready To Move,Sarjapur Road,2 BHK,1530.0,2,2,106.17
Built-up  Area,Under Construction,HSR Layout,3 BHK,1842.0,3,2,187.68
Super built-up  Area,Ready To Move,Electronic City,3 BHK,2037.0,4,2,126.18
Built-up  Area,Ready To Move,Yelahanka,3 BHK,2050.0,3,1,133.9
Super built-up  Area,Ready To Move,Electronic City,4 BHK,1929.0,4,1,89.11
Plot  Area,Ready To Move,Whitefield,1 BHK,796.0,2,1,64.9
Super built-up  Area,Ready To Move,Hebbal,2 BHK,1215.0,2,2,111.89
Carpet  Area,Ready To Move,Bellandur,2 BHK,973.0,2,1,90.75
Built-up  Area,Ready To Move,Hebbal,2 BHK,1401.0,2,2,135.52
Super built-up  Area,Under Construction,Electronic City,2 BHK,1257.0,2,2,51.98
Built-up  Area,Ready To Move,Indiranagar,2 BHK,1268.0,2,2,211.58
Super built-up  Area,Under Construction,Sarjapur Road,3 BHK,1776.0,3,2,110.38
Super built-up  Area,Ready To Move,Marathahalli,3 BHK,1808.0,3,2,110.67
Super built-up  Area,Ready To Move,Marathahalli,1 BHK,368.0,1,2,23.21
Carpet  Area,Ready To Move,HSR Layout,2 BHK,901.0,2,3,103.09
Super built-up  Area,Ready To Move,Sarjapur Road,2 BHK,907.0,2,2,67.58
Super built-up  Area,Ready To Move,Thanisandra,2 BHK,1285.0,2,3,85.3
Built-up  Area,Under Construction,Whitefield,3 BHK,1730.0,3,3,115.59
Super built-up  Area,Ready To Move,Hebbal,1 BHK,457.0,1,1,46.41
Super built-up  Area,Ready To Move,Sarjapur Road,3 BHK,2183.0,3,1,133.02
Built-up  Area,Ready To Move,Marathahalli,2 BHK,1451.0,2,0,93.98
Built-up  Area,Ready To Move,Whitefield,4 BHK,2663.0,4,3,198.18
Super built-up  Area,Ready To Move,Indiranagar,3 BHK,1865.0,3,1,266.11
Carpet  Area,Under Construction,Thanisandra,4 BHK,2190.0,5,1,189.94
Super built-up  Area,Ready To Move,HSR Layout,1 BHK,496.0,2,1,49.89
Super built-up  Area,Under Construction,Whitefield,2 BHK,1606.0,2,1,103.24
Super built-up  Area,Ready To Move,Other,2 BHK,1317.0,2,1,68.74
Super built-up  Area,Ready To Move,HSR Layout,3 BHK,2177.0,4,1,228.93
Super built-up  Area,Ready To Move,Koramangala,2 BHK,1028.0,2,1,144.06
Super built-up  Area,Ready To Move,Electronic City,3 BHK,1480.0,3,2,90.04
Built-up  Area,Ready To Move,HSR Layout,3 BHK,2109.0,4,0,226.75
Super built-up  Area,Ready To Move,Hebbal,2 BHK,1115.0,3,1,99.52
Built-up  Area,Ready To Move,Whitefield,3 BHK,1533.0,3,2,113.54
Super built-up  Area,Under Construction,Whitefield,2 BHK,1352.0,2,3,82.35
Carpet  Area,Ready To Move,Yelahanka,2 BHK,1253.0,3,1,92.62
Super built-up  Area,Ready To Move,Electronic City,3 BHK,1612.0,3,2,80.07
Super built-up  Area,Ready To Move,Electronic City,4 BHK,2562.0,5,0,139.98
Super built-up  Area,Under Construction,HSR Layout,3 BHK,1406.0,4,1,123.6
Plot  Area,Ready To Move,Thanisandra,3 BHK,2134.0,3,0,169.67
Built-up  Area,Ready To Move,Whitefield,4 BHK,2706.0,4,2,204.08
Super built-up  Area,Under Construction,Indiranagar,2 BHK,1388.0,2,1,214.44
Super built-up  Area,Ready To Move,Whitefield,5 BHK,2206.0,5,3,145.79
Super built-up  Area,Ready To Move,Whitefield,2 BHK,997.0,2,2,57.02
Carpet  Area,Ready To Move,Whitefield,2 BHK,1350.0,3,0,121.46
Plot  Area,Ready To Move,Yelahanka,2 BHK,931.0,2,0,69.91
Carpet  Area,Under Construction,Whitefield,2 BHK,1281.0,2,0,88.29
Plot  Area,Under Construction,Whitefield,2 BHK,1035.0,2,2,78.05
Plot  Area,Under Construction,Hebbal,2 BHK,1025.0,2,3,117.74
Super built-up  Area,Under Construction,Jayanagar,2 BHK,1255.0,2,2,160.35
Built-up  Area,Ready To Move,Electronic City,2 BHK,1131.0,2,0,57.07
Built-up  Area,Ready To Move,Hebbal,2 BHK,1355.0,2,1,129.9
Carpet  Area,Under Construction,Whitefield,3 BHK,1538.0,4,1,123.95
Super built-up  Area,Ready To Move,Hebbal,2 BHK,1253.0,2,2,127.15
Super built-up  Area,Ready To Move,Indiranagar,2 BHK,1114.0,3,3,176.47
Super built-up  Area,Ready To Move,Indiranagar,1 BHK,717.0,1,1,106.84
Built-up  Area,Under Construction,Sarjapur Road,1 BHK,724.0,1,1,50.41
Super built-up  Area,Ready To Move,Sarjapur Road,3 BHK,1827.0,4,2,123.29
Super built-up  Area,Under Construction,Whitefield,3 BHK,1723.0,3,1,103.66
Super built-up  Area,Ready To Move,Sarjapur Road,3 BHK,2262.0,4,3,170.28
Super built-up  Area,Ready To Move,Whitefield,2 BHK,1522.0,2,1,103.14
Super built-up  Area,Under Construction,Thanisandra,2 BHK,1232.0,3,2,83.04
Super built-up  Area,Under Construction,Marathahalli,1 BHK,678.0,1,2,44.93
Plot  Area,Ready To Move,Other,3 BHK,1890.0,3,2,134.96
Built-up  Area,Ready To Move,Jayanagar,3 BHK,1960.0,3,3,259.11
Super built-up  Area,Ready To Move,Koramangala,3 BHK,1384.0,3,2,189.46
Built-up  Area,Under Construction,Bellandur,2 BHK,1246.0,2,1,102.22
Built-up  Area,Ready To Move,Electronic City,2 BHK,1363.0,3,0,70.26
Super built-up  Area,Ready To Move,Koramangala,1 BHK,534.0,2,3,79.89
Super built-up  Area,Ready To Move,Hebbal,3 BHK,1696.0,3,2,154.03
Super built-up  Area,Ready To Move,HSR Layout,2 BHK,1386.0,3,2,133.15
Super built-up  Area,Ready To Move,Thanisandra,2 BHK,1324.0,2,2,99.41
Built-up  Area,Under Construction,Electronic City,4 BHK,2226.0,4,3,109.52
Super built-up  Area,Under Construction,Sarjapur Road,3 BHK,1649.0,3,2,106.0
Super built-up  Area,Under Construction,Marathahalli,1 BHK,350.0,1,1,20.78
Carpet  Area,Ready To Move,Whitefield,1 BHK,570.0,1,2,53.74
Super built-up  Area,Under Construction,HSR Layout,3 BHK,1320.0,4,1,117.15
Built-up  Area,Ready To Move,Rajaji Nagar,2 BHK,1449.0,2,3,201.39
Super built-up  Area,Ready To Move,Koramangala,3 BHK,2022.0,3,2,300.17
Super built-up  Area,Ready To Move,HSR Layout,2 BHK,1129.0,3,1,102.97
Super built-up  Area,Ready To Move,Electronic City,3 BHK,2006.0,3,2,109.93
Super built-up  Area,Ready To Move,Sarjapur Road,3 BHK,1515.0,3,1,113.89
Super built-up  Area,Ready To Move,Jayanagar,3 BHK,2054.0,3,2,288.82
Super built-up  Area,Under Construction,Indiranagar,2 BHK,1392.0,2,3,197.07
Super built-up  Area,Ready To Move,HSR Layout,2 BHK,1256.0,2,3,140.06
Built-up  Area,Ready To Move,Whitefield,2 BHK,977.0,2,1,78.55
Super built-up  Area,Ready To Move,Whitefield,4 BHK,2255.0,4,2,161.18
Plot  Area,Under Construction,Marathahalli,2 BHK,1381.0,2,2,92.48
Super built-up  Area,Ready To Move,Sarjapur Road,1 BHK,463.0,2,2,40.63
Super built-up  Area,Ready To Move,Koramangala,2 BHK,1027.0,2,2,144.07
Built-up  Area,Ready To Move,Whitefield,3 BHK,1315.0,4,3,99.18
Super built-up  Area,Ready To Move,Bellandur,3 BHK,2051.0,3,2,168.8
Super built-up  Area,Ready To Move,Marathahalli,3 BHK,1141.0,3,1,68.69
Super built-up  Area,Ready To Move,Indiranagar,2 BHK,1107.0,2,1,182.54
Built-up  Area,Ready To Move,Whitefield,5 BHK,2254.0,5,1,168.63
Super built-up  Area,Ready To Move,Indiranagar,1 BHK,575.0,2,2,89.22
Super built-up  Area,Ready To Move,Thanisandra,3 BHK,1694.0,3,2,94.2
Super built-up  Area,Ready To Move,Hebbal,2 BHK,1553.0,3,2,135.56
Built-up  Area,Under Construction,Jayanagar,2 BHK,1468.0,2,2,203.03
Super built-up  Area,Ready To Move,Koramangala,2 BHK,793.0,3,1,111.02
Super built-up  Area,Ready To Move,Rajaji Nagar,1 BHK,490.0,2,3,60.95
Super built-up  Area,Under Construction,Koramangala,2 BHK,1440.0,3,1,212.98
Super built-up  Area,Ready To Move,Whitefield,2 BHK,1193.0,3,0,75.85
Super built-up  Area,Ready To Move,Sarjapur Road,2 BHK,1064.0,3,0,82.09
Built-up  Area,Ready To Move,Electronic City,2 BHK,919.0,2,2,51.35
Super built-up  Area,Ready To Move,Rajaji Nagar,2 BHK,990.0,2,2,137.49
Super built-up  Area,Ready To Move,Thanisandra,3 BHK,1781.0,3,2,122.35
Plot  Area,Ready To Move,Bellandur,4 BHK,2358.0,4,2,225.91
Super built-up  Area,Under Construction,Sarjapur Road,4 BHK,2043.0,5,1,131.9
Super built-up  Area,Under Construction,Electronic City,3 BHK,2261.0,3,2,122.56
Super built-up  Area,Ready To Move,Thanisandra,3 BHK,1336.0,4,2,87.69
Super built-up  Area,Ready To Move,Hebbal,3 BHK,2052.0,4,1,173.1
Super built-up  Area,Under Construction,Electronic City,3 BHK,1548.0,3,2,78.55
Super built-up  Area,Ready To Move,Koramangala,2 BHK,1303.0,2,2,195.91
Carpet  Area,Ready To Move,Whitefield,2 BHK,1484.0,2,1,131.02
Plot  Area,Ready To Move,Sarjapur Road,2 BHK,1261.0,3,2,114.84
Built-up  Area,Ready To Move,Hebbal,3 BHK,1495.0,3,2,123.95
Super built-up  Area,Ready To Move,Whitefield,3 BHK,1900.0,3,2,131.85
Super built-up  Area,Ready To Move,Other,2 BHK,918.0,2,1,53.08
Super built-up  Area,Ready To Move,Electronic City,1 BHK,567.0,1,2,30.35
Super built-up  Area,Under Construction,Whitefield,2 BHK,817.0,2,1,48.46
Built-up  Area,Ready To Move,Electronic City,3 BHK,1877.0,3,3,99.2
Super built-up  Area,Ready To Move,Thanisandra,2 BHK,1530.0,3,1,94.42
Plot  Area,Ready To Move,Hebbal,2 BHK,1461.0,2,1,149.83
Super built-up  Area,Under Construction,Indiranagar,2 BHK,1614.0,2,2,222.6
Super built-up  Area,Ready To Move,Whitefield,3 BHK,2217.0,3,2,149.46
Super built-up  Area,Ready To Move,Whitefield,4 BHK,2072.0,5,1,129.62
Super built-up  Area,Under Construction,Hebbal,3 BHK,1821.0,3,1,136.21
Plot  Area,Ready To Move,Yelahanka,1 BHK,639.0,1,0,37.86
Carpet  Area,Ready To Move,Rajaji Nagar,2 BHK,1054.0,2,2,151.98
Super built-up  Area,Under Construction,Whitefield,2 BHK,1173.0,2,2,74.27
Super built-up  Area,Ready To Move,HSR Layout,2 BHK,1251.0,2,2,123.08
Super built-up  Area,Ready To Move,Rajaji Nagar,3 BHK,1423.0,3,1,179.34
Built-up  Area,Ready To Move,Sarjapur Road,2 BHK,988.0,2,1,83.11
Super built-up  Area,Under Construction,Yelahanka,3 BHK,1688.0,3,1,112.26
Built-up  Area,Ready To Move,Whitefield,2 BHK,967.0,2,2,80.03
Super built-up  Area,Ready To Move,Marathahalli,5 BHK,3481.0,5,1,239.9
Super built-up  Area,Under Construction,Thanisandra,1 BHK,501.0,1,2,30.34
Built-up  Area,Ready To Move,Marathahalli,2 BHK,1265.0,3,2,80.03
Super built-up  Area,Under Construction,Bellandur,3 BHK,1922.0,3,1,141.22
Super built-up  Area,Ready To Move,Sarjapur Road,3 BHK,1857.0,4,0,133.14
Super built-up  Area,Ready To Move,Marathahalli,2 BHK,926.0,2,2,62.6
Super built-up  Area,Ready To Move,Electronic City,4 BHK,2787.0,4,0,131.87
Super built-up  Area,Ready To Move,Sarjapur Road,2 BHK,1184.0,3,2,87.31
Super built-up  Area,Ready To Move,Bellandur,2 BHK,1199.0,2,1,110.58
Plot  Area,Ready To Move,Thanisandra,3 BHK,1559.0,3,1,108.17
Plot  Area,Ready To Move,Marathahalli,2 BHK,1131.0,3,2,89.26
Built-up  Area,Ready To Move,Electronic City,2 BHK,1069.0,3,2,54.09
Super built-up  Area,Under Construction,Yelahanka,3 BHK,2042.0,4,2,129.86
Built-up  Area,Ready To Move,Thanisandra,3 BHK,1378.0,3,1,97.13
Super built-up  Area,Under Construction,Whitefield,2 BHK,1091.0,2,1,59.83
Super built-up  Area,Ready To Move,Sarjapur Road,2 BHK,977.0,3,2,68.47
Super built-up  Area,Ready To Move,Electronic City,2 BHK,1477.0,2,1,78.17
Super built-up  Area,Ready To Move,Sarjapur Road,1 BHK,651.0,1,2,47.66
Super built-up  Area,Ready To Move,Other,4 BHK,2203.0,4,1,115.47
Super built-up  Area,Under Construction,Koramangala,2 BHK,1283.0,2,1,155.38
Carpet  Area,Ready To Move,Thanisandra,2 BHK,1427.0,3,1,127.06
Super built-up  Area,Ready To Move,Other,3 BHK,2065.0,4,2,135.06
Plot  Area,Ready To Move,Sarjapur Road,3 BHK,1727.0,3,1,130.36
Super built-up  Area,Ready To Move,Yelahanka,3 BHK,2037.0,3,2,118.92
Super built-up  Area,Ready To Move,Hebbal,2 BHK,1293.0,2,2,111.23
Super built-up  Area,Ready To Move,Jayanagar,3 BHK,1976.0,4,2,275.67
Built-up  Area,Ready To Move,Electronic City,2 BHK,1339.0,2,2,70.16
Super built-up  Area,Under Construction,Marathahalli,2 BHK,808.0,3,0,50.7
Super built-up  Area,Under Construction,Electronic City,3 BHK,1492.0,3,2,71.53
Super built-up  Area,Ready To Move,Sarjapur Road,2 BHK,972.0,3,1,79.85
Super built-up  Area,Ready To Move,Thanisandra,3 BHK,2095.0,3,1,138.43
Built-up  Area,Under Construction,Sarjapur Road,2 BHK,1392.0,3,0,94.5
Super built-up  Area,Ready To Move,Koramangala,3 BHK,2050.0,3,2,324.15
Super built-up  Area,Ready To Move,Hebbal,2 BHK,1002.0,3,2,99.11
Plot  Area,Under Construction,Thanisandra,4 BHK,2502.0,5,3,203.02
Super built-up  Area,Ready To Move,Electronic City,3 BHK,2053.0,4,3,110.76
Built-up  Area,Under Construction,Whitefield,3 BHK,2309.0,3,2,169.6
Built-up  Area,Ready To Move,Sarjapur Road,2 BHK,762.0,2,1,55.26
Carpet  Area,Ready To Move,Hebbal,4 BHK,2035.0,4,1,254.12
Super built-up  Area,Ready To Move,Electronic City,2 BHK,1242.0,2,1,65.77
Super built-up  Area,Ready To Move,Sarjapur Road,2 BHK,1202.0,3,2,91.35
Super built-up  Area,Ready To Move,Sarjapur Road,3 BHK,1822.0,4,1,111.85
Built-up  Area,Ready To Move,Whitefield,2 BHK,1322.0,2,1,96.13
Super built-up  Area,Ready To Move,Indiranagar,2 BHK,1242.0,2,2,163.79
Super built-up  Area,Ready To Move,Rajaji Nagar,3 BHK,1301.0,4,1,154.78
Plot  Area,Ready To Move,Electronic City,2 BHK,1033.0,2,3,56.9
Super built-up  Area,Under Construction,Indiranagar,3 BHK,1847.0,3,1,281.66
Plot  Area,Ready To Move,Bellandur,3 BHK,2241.0,3,0,222.5
Plot  Area,Under Construction,Hebbal,2 BHK,1011.0,2,2,90.98
Super built-up  Area,Under Construction,Bellandur,2 BHK,1386.0,3,2,103.74
Super built-up  Area,Ready To Move,Hebbal,3 BHK,1936.0,3,3,194.75
Super built-up  Area,Ready To Move,HSR Layout,3 BHK,2158.0,4,2,184.7
Carpet  Area,Under Construction,Whitefield,2 BHK,1231.0,2,1,84.06
Super built-up  Area,Under Construction,Bellandur,2 BHK,1433.0,3,1,103.39
Super built-up  Area,Ready To Move,Bellandur,2 BHK,993.0,2,1,85.49
Built-up  Area,Ready To Move,Whitefield,3 BHK,1340.0,3,1,103.66
Plot  Area,Ready To Move,Sarjapur Road,3 BHK,1391.0,3,2,107.65
Built-up  Area,Ready To Move,Other,2 BHK,902.0,2,2,60.55
Super built-up  Area,Ready To Move,Hebbal,3 BHK,1543.0,3,2,129.12
Super built-up  Area,Ready To Move,HSR Layout,3 BHK,2023.0,3,2,228.26
Super built-up  Area,Under Construction,Rajaji Nagar,1 BHK,665.0,1,0,83.4
Super built-up  Area,Under Construction,Thanisandra,3 BHK,1690.0,3,2,104.61
Plot  Area,Ready To Move,Indiranagar,3 BHK,1645.0,4,2,256.95
Built-up  Area,Ready To Move,Yelahanka,5 BHK,2611.0,5,1,192.5
Built-up  Area,Ready To Move,Jayanagar,2 BHK,1400.0,3,1,194.61
Built-up  Area,Ready To Move,Hebbal,2 BHK,992.0,2,0,97.26
Super built-up  Area,Ready To Move,Hebbal,4 BHK,2116.0,4,3,205.17
Super built-up  Area,Ready To Move,Sarjapur Road,1 BHK,681.0,2,1,47.73
Super built-up  Area,Ready To Move,Marathahalli,2 BHK,1395.0,2,0,93.23
Super built-up  Area,Ready To Move,Bellandur,2 BHK,1284.0,2,2,86.54
Built-up  Area,Under Construction,Whitefield,3 BHK,1335.0,4,1,89.06
Super built-up  Area,Under Construction,Jayanagar,2 BHK,1493.0,2,0,187.37
Built-up  Area,Ready To Move,HSR Layout,4 BHK,1873.0,5,1,188.78
Built-up  Area,Ready To Move,Whitefield,2 BHK,1418.0,3,2,93.38
Super built-up  Area,Ready To Move,HSR Layout,3 BHK,2073.0,3,2,198.09
Super built-up  Area,Ready To Move,Hebbal,2 BHK,1439.0,2,2,127.4
Super built-up  Area,Under Construction,Jayanagar,2 BHK,1401.0,2,1,157.13
Super built-up  Area,Ready To Move,Electronic City,2 BHK,928.0,2,1,47.21
Built-up  Area,Ready To Move,Yelahanka,4 BHK,2078.0,5,2,148.86
Super built-up  Area,Ready To Move,Indiranagar,2 BHK,972.0,3,3,142.46
Built-up  Area,Under Construction,Whitefield,3 BHK,1883.0,4,1,131.09
Built-up  Area,Ready To Move,Other,3 BHK,1513.0,3,2,93.82
Super built-up  Area,Ready To Move,HSR Layout,1 BHK,716.0,2,1,67.76
Built-up  Area,Under Construction,Sarjapur Road,3 BHK,1853.0,3,2,112.82
Built-up  Area,Ready To Move,Hebbal,2 BHK,1234.0,2,2,122.81
Built-up  Area,Ready To Move,Jayanagar,3 BHK,1395.0,3,2,211.81
Super built-up  Area,Ready To Move,Sarjapur Road,2 BHK,1038.0,2,1,82.46
Super built-up  Area,Under Construction,Electronic City,3 BHK,1690.0,4,2,75.42
Super built-up  Area,Under Construction,Whitefield,3 BHK,2052.0,4,1,124.45
Super built-up  Area,Ready To Move,Sarjapur Road,2 BHK,1324.0,2,2,116.26
Built-up  Area,Ready To Move,Yelahanka,2 BHK,1521.0,3,1,118.26
Built-up  Area,Ready To Move,Hebbal,2 BHK,1043.0,3,1,114.88
Plot  Area,Ready To Move,Electronic City,3 BHK,2124.0,3,1,115.86
Super built-up  Area,Ready To Move,Electronic City,1 BHK,609.0,1,2,33.89
Super built-up  Area,Ready To Move,Sarjapur Road,2 BHK,1348.0,2,2,97.3
Built-up  Area,Ready To Move,Marathahalli,2 BHK,1366.0,2,2,100.42
Super built-up  Area,Under Construction,Sarjapur Road,5 BHK,2741.0,6,0,175.32
Super built-up  Area,Ready To Move,Other,2 BHK,1098.0,3,2,67.27
Super built-up  Area,Ready To Move,HSR Layout,2 BHK,1356.0,2,2,122.73
Super built-up  Area,Ready To Move,Electronic City,3 BHK,1536.0,4,2,73.8
Super built-up  Area,Ready To Move,Rajaji Nagar,5 BHK,3451.0,6,2,428.43
Super built-up  Area,Ready To Move,Hebbal,3 BHK,1849.0,4,0,178.65
Super built-up  Area,Ready To Move,Bellandur,2 BHK,1141.0,2,1,88.01
Built-up  Area,Under Construction,Other,2 BHK,1021.0,2,1,50.84
Super built-up  Area,Under Construction,Whitefield,1 BHK,594.0,1,1,37.15
Plot  Area,Ready To Move,Whitefield,2 BHK,1351.0,2,2,106.02
Super built-up  Area,Ready To Move,Thanisandra,2 BHK,1226.0,2,0,73.77
Plot  Area,Ready To Move,Electronic City,3 BHK,1735.0,3,1,101.67
Super built-up  Area,Ready To Move,Electronic City,3 BHK,1561.0,3,1,83.27
Super built-up  Area,Ready To Move,Whitefield,3 BHK,1718.0,4,1,127.02
Super built-up  Area,Ready To Move,Whitefield,2 BHK,1146.0,3,3,69.47
Built-up  Area,Under Construction,Thanisandra,3 BHK,2232.0,3,1,131.81
Super built-up  Area,Under Construction,Whitefield,2 BHK,1487.0,3,2,85.99
Super built-up  Area,Under Construction,Hebbal,2 BHK,1235.0,3,1,116.06
Plot  Area,Under Construction,Koramangala,2 BHK,1297.0,2,1,176.23
Super built-up  Area,Ready To Move,Hebbal,1 BHK,768.0,1,1,62.02
Super built-up  Area,Ready To Move,Whitefield,1 BHK,411.0,2,0,29.59
Super built-up  Area,Ready To Move,Yelahanka,2 BHK,1382.0,3,1,103.45
Super built-up  Area,Under Construction,Whitefield,2 BHK,1535.0,3,1,116.41
Super built-up  Area,Ready To Move,Thanisandra,2 BHK,1213.0,2,2,87.53
Super built-up  Area,Ready To Move,Rajaji Nagar,2 BHK,852.0,3,3,104.36
Carpet  Area,Ready To Move,Hebbal,3 BHK,1862.0,3,1,205.58
Built-up  Area,Ready To Move,HSR Layout,4 BHK,2647.0,4,3,283.71
Super built-up  Area,Ready To Move,Hebbal,4 BHK,1864.0,4,1,170.01
Super built-up  Area,Ready To Move,Sarjapur Road,3 BHK,1938.0,3,2,136.46
Carpet  Area,Ready To Move,Rajaji Nagar,5 BHK,3138.0,6,1,467.56
Built-up  Area,Ready To Move,Rajaji Nagar,3 BHK,2183.0,4,2,292.38
Plot  Area,Ready To Move,Sarjapur Road,4 BHK,2713.0,4,1,212.22
Super built-up  Area,Ready To Move,Koramangala,3 BHK,1967.0,3,1,258.05
Built-up  Area,Ready To Move,Marathahalli,3 BHK,2031.0,3,1,131.34
Built-up  Area,Under Construction,Marathahalli,2 BHK,1241.0,2,0,81.21
Super built-up  Area,Ready To Move,HSR Layout,3 BHK,1903.0,3,2,184.86
Super built-up  Area,Ready To Move,Hebbal,4 BHK,2777.0,4,2,237.24
Super built-up  Area,Ready To Move,Electronic City,2 BHK,1385.0,2,2,74.86
Super built-up  Area,Under Construction,Marathahalli,2 BHK,1127.0,3,1,68.78
Built-up  Area,Ready To Move,Whitefield,2 BHK,1450.0,2,1,109.49
Built-up  Area,Ready To Move,Indiranagar,3 BHK,1741.0,3,1,314.8
Plot  Area,Under Construction,Electronic City,3 BHK,1853.0,3,1,101.48
Built-up  Area,Under Construction,Electronic City,2 BHK,948.0,2,1,51.93
Super built-up  Area,Under Construction,Hebbal,2 BHK,1234.0,3,3,105.78
Super built-up  Area,Ready To Move,Other,4 BHK,2168.0,4,2,109.58
Built-up  Area,Under Construction,Whitefield,3 BHK,2015.0,4,1,150.33
Super built-up  Area,Ready To Move,Indiranagar,2 BHK,1431.0,2,1,216.02
Super built-up  Area,Ready To Move,Whitefield,3 BHK,1496.0,4,2,114.18
Super built-up  Area,Under Construction,Electronic City,2 BHK,1132.0,2,1,50.21
Super built-up  Area,Under Construction,Hebbal,2 BHK,1351.0,3,1,109.93
Built-up  Area,Ready To Move,HSR Layout,3 BHK,2082.0,3,1,223.65
Super built-up  Area,Under Construction,Electronic City,3 BHK,1541.0,3,1,72.79
Super built-up  Area,Ready To Move,Sarjapur Road,2 BHK,1173.0,2,2,80.44
Carpet  Area,Ready To Move,Whitefield,1 BHK,437.0,2,1,41.71
Built-up  Area,Ready To Move,Sarjapur Road,2 BHK,1324.0,2,1,92.92
Built-up  Area,Ready To Move,Marathahalli,3 BHK,1838.0,3,2,127.88
Super built-up  Area,Ready To Move,Marathahalli,3 BHK,1976.0,3,2,151.77
Built-up  Area,Ready To Move,Sarjapur Road,2 BHK,1434.0,3,1,111.26
Built-up  Area,Ready To Move,Indiranagar,2 BHK,1117.0,2,0,170.11
Super built-up  Area,Ready To Move,Rajaji Nagar,2 BHK,1467.0,3,1,144.68
Carpet  Area,Under Construction,Whitefield,3 BHK,1482.0,4,2,128.78
Super built-up  Area,Ready To Move,Yelahanka,2 BHK,1020.0,2,2,71.5
Plot  Area,Ready To Move,Marathahalli,2 BHK,1115.0,2,2,83.13
Super built-up  Area,Under Construction,Whitefield,3 BHK,2015.0,3,2,127.35
Super built-up  Area,Ready To Move,Electronic City,2 BHK,1481.0,2,2,70.29
Super built-up  Area,Under Construction,Marathahalli,2 BHK,948.0,2,2,49.23
Super built-up  Area,Ready To Move,HSR Layout,2 BHK,1303.0,3,1,114.69
Super built-up  Area,Under Construction,Whitefield,3 BHK,1598.0,3,2,101.43
Carpet  Area,Under Construction,Electronic City,3 BHK,2033.0,3,0,131.77
Carpet  Area,Ready To Move,Hebbal,2 BHK,969.0,3,2,117.58
Carpet  Area,Ready To Move,Bellandur,2 BHK,1269.0,3,1,142.96
Super built-up  Area,Ready To Move,Thanisandra,2 BHK,1228.0,2,1,85.28
Carpet  Area,Ready To Move,Other,2 BHK,1340.0,3,1,87.72
Super built-up  Area,Ready To Move,Electronic City,1 BHK,626.0,1,1,33.55
Plot  Area,Ready To Move,HSR Layout,2 BHK,1432.0,3,2,152.49
Super built-up  Area,Ready To Move,HSR Layout,4 BHK,1950.0,4,2,183.71
Super built-up  Area,Ready To Move,Hebbal,3 BHK,1909.0,4,3,185.66
Carpet  Area,Under Construction,Electronic City,3 BHK,1368.0,3,1,83.18
Plot  Area,Under Construction,Other,3 BHK,2044.0,3,1,123.47
Built-up  Area,Ready To Move,Jayanagar,3 BHK,1598.0,3,2,250.36
Built-up  Area,Ready To Move,HSR Layout,3 BHK,1484.0,3,1,160.42
Super built-up  Area,Ready To Move,Koramangala,3 BHK,1388.0,3,1,210.02
Built-up  Area,Ready To Move,Electronic City,2 BHK,1176.0,2,2,64.46
Super built-up  Area,Ready To Move,HSR Layout,1 BHK,651.0,1,1,58.78
Super built-up  Area,Under Construction,Bellandur,2 BHK,1030.0,2,0,69.59
Super built-up  Area,Under Construction,HSR Layout,4 BHK,2478.0,4,3,218.42
Super built-up  Area,Ready To Move,Other,2 BHK,1361.0,2,1,80.67
Built-up  Area,Ready To Move,Koramangala,2 BHK,1136.0,3,3,182.22
Super built-up  Area,Ready To Move,Sarjapur Road,3 BHK,2087.0,3,1,150.6
Super built-up  Area,Under Construction,Thanisandra,2 BHK,967.0,2,0,57.69
Super built-up  Area,Under Construction,Electronic City,4 BHK,2539.0,4,1,106.82
Super built-up  Area,Ready To Move,Sarjapur Road,2 BHK,1313.0,2,3,91.62
Built-up  Area,Ready To Move,Sarjapur Road,3 BHK,2056.0,3,2,146.78
Built-up  Area,Ready To Move,Hebbal,3 BHK,2273.0,3,1,232.43
Super built-up  Area,Ready To Move,Yelahanka,5 BHK,3546.0,5,3,199.69
Super built-up  Area,Ready To Move,HSR Layout,2 BHK,1063.0,2,2,83.9
Super built-up  Area,Ready To Move,Yelahanka,3 BHK,2007.0,3,2,111.36
Plot  Area,Under Construction,Indiranagar,1 BHK,388.0,1,1,58.92
Super built-up  Area,Ready To Move,Sarjapur Road,2 BHK,1057.0,2,1,69.79
Super built-up  Area,Under Construction,Yelahanka,2 BHK,1100.0,2,1,64.15
Built-up  Area,Ready To Move,Electronic City,3 BHK,1532.0,3,2,73.01
Super built-up  Area,Ready To Move,Electronic City,2 BHK,1124.0,2,2,63.01
Built-up  Area,Ready To Move,HSR Layout,2 BHK,1006.0,2,0,105.45
Super built-up  Area,Ready To Move,Electronic City,2 BHK,939.0,3,2,55.59
Built-up  Area,Under Construction,Whitefield,2 BHK,1187.0,2,1,76.51
Super built-up  Area,Ready To Move,Koramangala,2 BHK,1450.0,3,1,203.41
Super built-up  Area,Ready To Move,HSR Layout,1 BHK,610.0,1,2,66.23
Super built-up  Area,Ready To Move,Hebbal,4 BHK,2473.0,5,2,226.89
Built-up  Area,Ready To Move,Marathahalli,2 BHK,1027.0,2,3,69.41
Carpet  Area,Under Construction,Indiranagar,2 BHK,894.0,2,1,158.22
Super built-up  Area,Under Construction,Jayanagar,3 BHK,1977.0,3,1,261.34
Built-up  Area,Ready To Move,Whitefield,2 BHK,1489.0,3,2,109.83
Built-up  Area,Under Construction,Indiranagar,2 BHK,1475.0,3,2,236.49
Carpet  Area,Ready To Move,Jayanagar,2 BHK,1418.0,3,2,242.58
Built-up  Area,Ready To Move,Indiranagar,3 BHK,1748.0,3,3,287.61
Super built-up  Area,Under Construction,Thanisandra,5 BHK,2548.0,5,2,172.49
Built-up  Area,Ready To Move,Sarjapur Road,2 BHK,1385.0,2,2,107.42
Super built-up  Area,Ready To Move,Whitefield,1 BHK,741.0,2,2,48.43
Super built-up  Area,Ready To Move,Hebbal,2 BHK,966.0,2,2,98.76
Super built-up  Area,Ready To Move,Sarjapur Road,2 BHK,1400.0,3,2,99.04
Plot  Area,Ready To Move,Jayanagar,2 BHK,1218.0,3,2,195.27
Plot  Area,Ready To Move,Electronic City,3 BHK,1579.0,3,2,81.54
Built-up  Area,Under Construction,Marathahalli,2 BHK,1068.0,2,3,63.97
Carpet  Area,Ready To Move,Marathahalli,3 BHK,1583.0,3,1,119.4
Built-up  Area,Ready To Move,Electronic City,2 BHK,1256.0,2,2,64.77
Super built-up  Area,Under Construction,Sarjapur Road,3 BHK,1840.0,4,2,125.8
Super built-up  Area,Ready To Move,Rajaji Nagar,1 BHK,435.0,1,1,53.03
Super built-up  Area,Ready To Move,Marathahalli,3 BHK,1383.0,3,1,98.13
Super built-up  Area,Under Construction,Hebbal,3 BHK,1587.0,3,2,130.75
Super built-up  Area,Under Construction,Sarjapur Road,3 BHK,1417.0,4,2,87.22
Super built-up  Area,Ready To Move,HSR Layout,2 BHK,953.0,2,3,100.59
Built-up  Area,Ready To Move,Bellandur,1 BHK,622.0,2,1,53.62
Plot  Area,Ready To Move,Electronic City,3 BHK,1822.0,3,0,107.57
Super built-up  Area,Ready To Move,Thanisandra,3 BHK,2085.0,3,2,133.48
Plot  Area,Ready To Move,Whitefield,1 BHK,465.0,1,1,38.75
Super built-up  Area,Ready To Move,Whitefield,2 BHK,1409.0,3,0,96.27
Plot  Area,Ready To Move,Sarjapur Road,2 BHK,1368.0,2,1,113.18
Super built-up  Area,Ready To Move,Sarjapur Road,3 BHK,1789.0,3,0,124.06
Super built-up  Area,Ready To Move,Sarjapur Road,3 BHK,1604.0,4,1,119.61
Plot  Area,Under Construction,HSR Layout,3 BHK,1469.0,3,2,161.17
Super built-up  Area,Ready To Move,Sarjapur Road,2 BHK,1473.0,2,2,111.23
Super built-up  Area,Ready To Move,Electronic City,2 BHK,1119.0,2,3,54.76
Super built-up  Area,Ready To Move,Sarjapur Road,3 BHK,1426.0,3,2,107.77
Built-up  Area,Ready To Move,Other,2 BHK,1070.0,2,2,61.51
Carpet  Area,Ready To Move,Hebbal,1 BHK,623.0,1,2,75.3
Super built-up  Area,Ready To Move,Hebbal,2 BHK,1403.0,2,2,140.89
Plot  Area,Ready To Move,Indiranagar,2 BHK,1321.0,3,1,229.45
Super built-up  Area,Under Construction,Other,3 BHK,2022.0,4,1,120.2
Super built-up  Area,Ready To Move,Electronic City,2 BHK,1410.0,2,2,81.17
Super built-up  Area,Ready To Move,Bellandur,2 BHK,996.0,3,1,75.86
Built-up  Area,Ready To Move,Thanisandra,2 BHK,1459.0,3,1,104.05
Super built-up  Area,Ready To Move,Koramangala,3 BHK,1428.0,3,1,181.48
Super built-up  Area,Ready To Move,Whitefield,2 BHK,1123.0,3,0,77.07
Super built-up  Area,Ready To Move,Bellandur,3 BHK,1877.0,3,2,154.25
Super built-up  Area,Under Construction,Whitefield,2 BHK,1339.0,2,1,93.35
Built-up  Area,Ready To Move,Indiranagar,1 BHK,612.0,1,1,100.28
Super built-up  Area,Ready To Move,Thanisandra,2 BHK,954.0,3,2,56.61
Super built-up  Area,Ready To Move,Electronic City,5 BHK,2956.0,5,2,145.78
Super built-up  Area,Under Construction,Jayanagar,2 BHK,1371.0,2,1,164.72
Super built-up  Area,Ready To Move,Whitefield,3 BHK,1954.0,3,1,115.25
Built-up  Area,Ready To Move,Jayanagar,3 BHK,2127.0,4,2,317.05
Super built-up  Area,Under Construction,Hebbal,1 BHK,611.0,2,1,54.53
Super built-up  Area,Under Construction,Electronic City,3 BHK,1550.0,3,1,69.41
Super built-up  Area,Ready To Move,Whitefield,2 BHK,1179.0,3,2,78.93
Super built-up  Area,Ready To Move,Marathahalli,2 BHK,1316.0,2,2,74.86
Plot  Area,Ready To Move,Whitefield,2 BHK,1485.0,2,2,124.65
Built-up  Area,Ready To Move,Electronic City,3 BHK,2123.0,3,2,132.12
Super built-up  Area,Ready To Move,Sarjapur Road,2 BHK,1121.0,2,1,81.77
Super built-up  Area,Ready To Move,Koramangala,1 BHK,465.0,1,1,70.58
Built-up  Area,Under Construction,HSR Layout,1 BHK,714.0,1,1,64.73
Built-up  Area,Ready To Move,Whitefield,2 BHK,1516.0,2,1,104.7
Super built-up  Area,Ready To Move,Electronic City,3 BHK,2244.0,3,2,117.49
Built-up  Area,Under Construction,Electronic City,2 BHK,1097.0,2,1,60.54
Built-up  Area,Under Construction,Electronic City,3 BHK,1686.0,4,2,85.38
Super built-up  Area,Ready To Move,Hebbal,3 BHK,1804.0,4,0,149.94
Super built-up  Area,Ready To Move,Bellandur,3 BHK,1738.0,4,1,132.71
Built-up  Area,Ready To Move,Electronic City,2 BHK,1398.0,2,2,79.17
Super built-up  Area,Ready To Move,Sarjapur Road,2 BHK,1218.0,3,1,86.72
Built-up  Area,Ready To Move,Sarjapur Road,2 BHK,1399.0,2,1,113.62
Built-up  Area,Ready To Move,Other,2 BHK,1632.0,3,2,89.67
Built-up  Area,Ready To Move,Marathahalli,2 BHK,1365.0,3,2,95.1
Super built-up  Area,Ready To Move,Yelahanka,1 BHK,703.0,1,1,47.21
Super built-up  Area,Ready To Move,Electronic City,4 BHK,2653.0,5,2,136.07
Super built-up  Area,Ready To Move,Whitefield,1 BHK,614.0,1,1,38.14
Built-up  Area,Ready To Move,Sarjapur Road,2 BHK,1213.0,3,1,91.53
Plot  Area,Ready To Move,Electronic City,3 BHK,1477.0,4,2,80.66
Built-up  Area,Ready To Move,HSR Layout,2 BHK,1310.0,2,1,115.32
Super built-up  Area,Ready To Move,Thanisandra,1 BHK,505.0,1,2,35.41
Plot  Area,Under Construction,Jayanagar,2 BHK,1107.0,3,2,163.49
Carpet  Area,Ready To Move,Jayanagar,1 BHK,428.0,2,2,74.29
Super built-up  Area,Ready To Move,Sarjapur Road,2 BHK,910.0,3,2,68.53
Super built-up  Area,Ready To Move,Bellandur,2 BHK,1204.0,3,2,90.26
Built-up  Area,Ready To Move,Sarjapur Road,2 BHK,1230.0,2,2,101.06
Built-up  Area,Ready To Move,Whitefield,2 BHK,1403.0,2,1,97.61
Carpet  Area,Ready To Move,Bellandur,2 BHK,1203.0,2,2,123.29
Super built-up  Area,Under Construction,Whitefield,3 BHK,1915.0,3,1,124.08
Super built-up  Area,Under Construction,Hebbal,2 BHK,1250.0,3,2,116.15
Built-up  Area,Ready To Move,Sarjapur Road,2 BHK,1206.0,2,2,90.15
Plot  Area,Ready To Move,Bellandur,3 BHK,1973.0,4,0,182.65
Plot  Area,Ready To Move,Thanisandra,3 BHK,2183.0,3,3,151.83
Carpet  Area,Ready To Move,Sarjapur Road,1 BHK,458.0,2,1,41.02
Super built-up  Area,Under Construction,Yelahanka,4 BHK,2482.0,4,0,154.15
Built-up  Area,Ready To Move,Sarjapur Road,3 BHK,2160.0,4,3,182.0
Super built-up  Area,Ready To Move,Hebbal,2 BHK,1385.0,3,1,126.02
Super built-up  Area,Ready To Move,Thanisandra,4 BHK,1714.0,5,0,121.93
Super built-up  Area,Ready To Move,Bellandur,2 BHK,954.0,2,0,82.11
Built-up  Area,Under Construction,Other,5 BHK,3418.0,6,2,200.2
Carpet  Area,Ready To Move,Electronic City,1 BHK,463.0,2,3,30.75
Super built-up  Area,Ready To Move,Bellandur,2 BHK,1474.0,2,2,99.83
Super built-up  Area,Ready To Move,Koramangala,3 BHK,1555.0,3,2,226.1
Built-up  Area,Ready To Move,Rajaji Nagar,1 BHK,858.0,2,2,111.47
Super built-up  Area,Ready To Move,Electronic City,1 BHK,541.0,1,0,25.52
Carpet  Area,Ready To Move,Thanisandra,3 BHK,1944.0,3,3,170.43
Super built-up  Area,Ready To Move,Indiranagar,2 BHK,1330.0,2,3,183.72
Super built-up  Area,Ready To Move,Electronic City,3 BHK,2249.0,4,2,103.52
Super built-up  Area,Ready To Move,Hebbal,2 BHK,1269.0,2,2,138.91
Super built-up  Area,Ready To Move,Sarjapur Road,3 BHK,2014.0,3,2,123.3
Super built-up  Area,Ready To Move,Indiranagar,2 BHK,1028.0,2,2,153.79
Super built-up  Area,Ready To Move,Rajaji Nagar,2 BHK,1357.0,2,1,168.87
Super built-up  Area,Under Construction,Indiranagar,2 BHK,1226.0,3,2,175.78
Super built-up  Area,Ready To Move,Koramangala,3 BHK,1982.0,3,1,335.3
Carpet  Area,Ready To Move,HSR Layout,2 BHK,1202.0,2,1,162.48
Super built-up  Area,Under Construction,Whitefield,2 BHK,977.0,2,1,58.37
Super built-up  Area,Ready To Move,Electronic City,1 BHK,564.0,1,3,29.69
Plot  Area,Ready To Move,HSR Layout,1 BHK,517.0,2,1,53.45
Built-up  Area,Under Construction,Sarjapur Road,2 BHK,1534.0,3,1,116.71
Super built-up  Area,Ready To Move,Electronic City,3 BHK,1941.0,4,1,110.81
Built-up  Area,Under Construction,HSR Layout,2 BHK,1028.0,2,3,107.4
Built-up  Area,Ready To Move,Sarjapur Road,2 BHK,1601.0,3,1,123.91
Plot  Area,Ready To Move,Electronic City,3 BHK,1869.0,3,2,120.16
Super built-up  Area,Under Construction,Hebbal,3 BHK,2036.0,3,0,189.05
Plot  Area,Ready To Move,Whitefield,3 BHK,1778.0,3,1,144.47
Super built-up  Area,Ready To Move,Marathahalli,3 BHK,1792.0,3,2,101.02
Super built-up  Area,Under Construction,Jayanagar,1 BHK,350.0,1,1,44.52
Plot  Area,Under Construction,Bellandur,4 BHK,2533.0,4,3,234.23
Super built-up  Area,Ready To Move,Whitefield,1 BHK,595.0,1,2,44.5
Plot  Area,Under Construction,Thanisandra,4 BHK,1944.0,4,1,139.44
Super built-up  Area,Ready To Move,Yelahanka,2 BHK,920.0,2,3,60.28
Super built-up  Area,Ready To Move,Thanisandra,2 BHK,1206.0,3,3,88.18
Plot  Area,Ready To Move,Whitefield,3 BHK,1574.0,3,1,118.57
Super built-up  Area,Ready To Move,Koramangala,3 BHK,1460.0,4,2,207.38
Plot  Area,Ready To Move,Yelahanka,3 BHK,1741.0,4,0,139.3
Carpet  Area,Ready To Move,Indiranagar,2 BHK,1039.0,2,1,194.2
Plot  Area,Ready To Move,Koramangala,1 BHK,733.0,1,3,119.75
Super built-up  Area,Ready To Move,Hebbal,3 BHK,1821.0,3,3,181.93
Super built-up  Area,Under Construction,HSR Layout,2 BHK,991.0,3,2,92.91
Plot  Area,Ready To Move,Whitefield,3 BHK,1997.0,3,2,161.68
Built-up  Area,Ready To Move,Koramangala,2 BHK,1476.0,3,2,195.48
Super built-up  Area,Under Construction,Whitefield,2 BHK,1288.0,2,1,77.44
Carpet  Area,Ready To Move,Hebbal,3 BHK,1832.0,4,2,160.65
Built-up  Area,Under Construction,Sarjapur Road,3 BHK,1440.0,3,1,95.99
Carpet  Area,Ready To Move,HSR Layout,4 BHK,2013.0,4,2,230.79
Super built-up  Area,Ready To Move,Whitefield,2 BHK,778.0,2,1,45.56
Super built-up  Area,Ready To Move,Bellandur,4 BHK,1996.0,4,1,139.26
Super built-up  Area,Ready To Move,Yelahanka,4 BHK,2041.0,4,2,123.7
Super built-up  Area,Ready To Move,Electronic City,3 BHK,1669.0,3,2,83.77
Built-up  Area,Ready To Move,Whitefield,3 BHK,1944.0,4,3,152.96
Super built-up  Area,Under Construction,Whitefield,3 BHK,1546.0,3,2,97.52
Carpet  Area,Ready To Move,Jayanagar,1 BHK,624.0,2,1,90.71
Super built-up  Area,Ready To Move,HSR Layout,2 BHK,1230.0,2,1,122.4
Super built-up  Area,Ready To Move,Hebbal,3 BHK,2262.0,3,0,195.69
Super built-up  Area,Ready To Move,Whitefield,4 BHK,2097.0,4,2,145.05
Super built-up  Area,Under Construction,Koramangala,2 BHK,1572.0,3,3,204.26
Super built-up  Area,Ready To Move,Jayanagar,3 BHK,1920.0,4,1,245.68
Super built-up  Area,Ready To Move,Yelahanka,3 BHK,1615.0,3,0,114.8
Built-up  Area,Ready To Move,Koramangala,2 BHK,1307.0,3,1,217.44
Super built-up  Area,Ready To Move,Whitefield,2 BHK,1549.0,3,1,110.74
Super built-up  Area,Ready To Move,Whitefield,3 BHK,1332.0,3,2,86.53
Built-up  Area,Under Construction,Whitefield,2 BHK,1385.0,3,2,95.76
Super built-up  Area,Ready To Move,Electronic City,2 BHK,1470.0,2,2,83.22
Super built-up  Area,Ready To Move,Whitefield,3 BHK,1981.0,4,2,120.09
Super built-up  Area,Ready To Move,Electronic City,3 BHK,2243.0,3,1,112.5
Super built-up  Area,Ready To Move,Sarjapur Road,2 BHK,1227.0,3,0,85.3
Built-up  Area,Ready To Move,Marathahalli,3 BHK,2064.0,3,2,155.12
Super built-up  Area,Ready To Move,Koramangala,2 BHK,1247.0,2,2,170.39
Plot  Area,Ready To Move,Yelahanka,2 BHK,1397.0,3,2,95.89
Plot  Area,Ready To Move,Thanisandra,3 BHK,2033.0,3,1,163.83
Super built-up  Area,Under Construction,Whitefield,3 BHK,2020.0,3,1,129.67
Carpet  Area,Ready To Move,Thanisandra,2 BHK,997.0,2,2,86.77
Super built-up  Area,Ready To Move,Electronic City,1 BHK,586.0,2,1,30.74
Super built-up  Area,Under Construction,Koramangala,3 BHK,1554.0,3,1,227.49
Super built-up  Area,Under Construction,Sarjapur Road,3 BHK,2339.0,3,1,155.14
Super built-up  Area,Ready To Move,Other,2 BHK,1349.0,2,0,79.65
Super built-up  Area,Under Construction,Electronic City,1 BHK,543.0,1,2,23.58
Super built-up  Area,Ready To Move,Electronic City,2 BHK,1315.0,3,2,76.74
Built-up  Area,Ready To Move,Marathahalli,1 BHK,491.0,1,1,32.65
Built-up  Area,Under Construction,Whitefield,2 BHK,1427.0,2,3,93.57
Super built-up  Area,Under Construction,Bellandur,1 BHK,604.0,2,0,44.4
Built-up  Area,Ready To Move,Thanisandra,2 BHK,1415.0,2,1,91.87
Plot  Area,Ready To Move,Yelahanka,2 BHK,1357.0,3,2,86.66
Super built-up  Area,Ready To Move,Other,1 BHK,540.0,1,2,32.77
Super built-up  Area,Ready To Move,Other,1 BHK,578.0,1,1,31.97
Super built-up  Area,Under Construction,Whitefield,3 BHK,1696.0,3,2,115.7
Super built-up  Area,Ready To Move,Yelahanka,1 BHK,482.0,1,1,31.24
Super built-up  Area,Ready To Move,Koramangala,3 BHK,1939.0,3,1,283.22
Super built-up  Area,Ready To Move,Koramangala,3 BHK,1467.0,3,0,196.46
Built-up  Area,Under Construction,Whitefield,2 BHK,1302.0,3,2,91.11
Super built-up  Area,Ready To Move,Bellandur,2 BHK,1033.0,2,1,94.72
Super built-up  Area,Ready To Move,Other,3 BHK,1658.0,3,0,89.63
Super built-up  Area,Under Construction,Rajaji Nagar,2 BHK,974.0,2,2,91.23
Super built-up  Area,Ready To Move,Hebbal,2 BHK,1172.0,3,2,115.36
Super built-up  Area,Under Construction,Whitefield,3 BHK,1864.0,3,2,119.23
Super built-up  Area,Ready To Move,Sarjapur Road,2 BHK,1347.0,2,2,96.23
Plot  Area,Ready To Move,Yelahanka,3 BHK,2082.0,3,2,147.87
Super built-up  Area,Ready To Move,Bellandur,4 BHK,1890.0,4,2,134.19
Super built-up  Area,Ready To Move,Hebbal,1 BHK,551.0,1,2,53.48
Super built-up  Area,Ready To Move,Whitefield,1 BHK,705.0,1,1,52.27
Built-up  Area,Ready To Move,Hebbal,2 BHK,1179.0,3,1,112.92
Built-up  Area,Ready To Move,Hebbal,4 BHK,2869.0,5,2,283.88
Super built-up  Area,Ready To Move,Marathahalli,2 BHK,1133.0,2,1,66.75
Super built-up  Area,Ready To Move,Koramangala,2 BHK,1245.0,2,1,166.7
Super built-up  Area,Ready To Move,Sarjapur Road,1 BHK,602.0,1,2,46.35
Super built-up  Area,Ready To Move,HSR Layout,2 BHK,1220.0,2,1,128.52
Carpet  Area,Ready To Move,Whitefield,1 BHK,414.0,1,1,34.4
Super built-up  Area,Ready To Move,Other,2 BHK,1136.0,2,1,60.24
Built-up  Area,Ready To Move,Sarjapur Road,2 BHK,922.0,2,2,73.63
Super built-up  Area,Ready To Move,Hebbal,4 BHK,2216.0,5,2,230.17
Super built-up  Area,Ready To Move,Sarjapur Road,3 BHK,1996.0,3,2,146.87
Built-up  Area,Ready To Move,Bellandur,3 BHK,1680.0,3,1,146.13
Super built-up  Area,Ready To Move,Bellandur,2 BHK,1275.0,2,1,107.85
Carpet  Area,Ready To Move,Thanisandra,1 BHK,533.0,1,2,39.48
Super built-up  Area,Ready To Move,Electronic City,3 BHK,1280.0,3,2,72.95
Super built-up  Area,Ready To Move,Sarjapur Road,2 BHK,1265.0,3,2,97.67
Built-up  Area,Ready To Move,Whitefield,2 BHK,970.0,2,3,65.32
Super built-up  Area,Under Construction,Bellandur,1 BHK,720.0,2,2,63.5
Super built-up  Area,Ready To Move,Whitefield,2 BHK,1071.0,2,2,80.73
Super built-up  Area,Ready To Move,Indiranagar,2 BHK,1227.0,2,2,181.21
Built-up  Area,Under Construction,Jayanagar,2 BHK,1145.0,3,2,145.02
Super built-up  Area,Ready To Move,Rajaji Nagar,1 BHK,443.0,1,2,57.45
Super built-up  Area,Ready To Move,Hebbal,3 BHK,1987.0,3,2,165.49
Super built-up  Area,Ready To Move,Hebbal,1 BHK,642.0,2,3,61.61
Super built-up  Area,Ready To Move,Whitefield,4 BHK,1990.0,4,3,127.85
Plot  Area,Ready To Move,Bellandur,3 BHK,1893.0,3,3,170.01
Super built-up  Area,Ready To Move,Yelahanka,3 BHK,1492.0,3,2,91.95
Built-up  Area,Ready To Move,Electronic City,5 BHK,3769.0,5,2,194.7
Super built-up  Area,Ready To Move,Hebbal,1 BHK,588.0,1,1,57.51
Built-up  Area,Under Construction,Yelahanka,3 BHK,1321.0,3,1,86.87
Built-up  Area,Ready To Move,Jayanagar,3 BHK,1866.0,3,1,260.54
Plot  Area,Ready To Move,Electronic City,2 BHK,901.0,2,2,48.27
Super built-up  Area,Ready To Move,Indiranagar,2 BHK,997.0,2,2,151.27
Super built-up  Area,Ready To Move,Electronic City,2 BHK,1156.0,2,2,62.11
Built-up  Area,Ready To Move,Whitefield,2 BHK,1313.0,2,2,106.63
Super built-up  Area,Ready To Move,Rajaji Nagar,3 BHK,2056.0,4,2,217.42
Super built-up  Area,Ready To Move,Yelahanka,2 BHK,1108.0,3,2,62.38
Plot  Area,Under Construction,Thanisandra,1 BHK,617.0,1,3,46.06
Super built-up  Area,Ready To Move,Whitefield,4 BHK,2891.0,4,0,192.46
Carpet  Area,Ready To Move,Jayanagar,2 BHK,1214.0,2,2,180.04
Super built-up  Area,Under Construction,Hebbal,3 BHK,1893.0,3,1,170.13
Built-up  Area,Ready To Move,Sarjapur Road,4 BHK,2894.0,4,2,218.77
Super built-up  Area,Ready To Move,HSR Layout,3 BHK,1272.0,3,0,115.78
Super built-up  Area,Ready To Move,Whitefield,3 BHK,1375.0,4,2,94.64
Carpet  Area,Ready To Move,Thanisandra,3 BHK,1599.0,3,1,164.01
Super built-up  Area,Ready To Move,Indiranagar,3 BHK,1900.0,3,2,302.84
Plot  Area,Under Construction,Electronic City,2 BHK,891.0,3,1,44.76
Built-up  Area,Ready To Move,Electronic City,2 BHK,1283.0,2,2,78.44
Super built-up  Area,Ready To Move,Electronic City,2 BHK,977.0,3,1,54.03
Plot  Area,Ready To Move,Whitefield,3 BHK,1468.0,3,1,117.65
Super built-up  Area,Ready To Move,Indiranagar,3 BHK,1603.0,4,0,203.11
Built-up  Area,Ready To Move,Jayanagar,2 BHK,1347.0,3,1,162.8
Super built-up  Area,Ready To Move,Whitefield,3 BHK,1367.0,3,1,76.37
Plot  Area,Ready To Move,Whitefield,3 BHK,1378.0,3,3,121.03
Super built-up  Area,Ready To Move,Indiranagar,3 BHK,2075.0,3,1,287.19
Super built-up  Area,Ready To Move,Yelahanka,1 BHK,590.0,1,2,33.02
Super built-up  Area,Under Construction,Sarjapur Road,2 BHK,1339.0,2,1,92.65
Super built-up  Area,Ready To Move,Sarjapur Road,2 BHK,1394.0,2,1,90.7
Super built-up  Area,Ready To Move,Indiranagar,2 BHK,1125.0,2,2,191.82
Super built-up  Area,Ready To Move,Electronic City,1 BHK,523.0,1,1,26.35
Super built-up  Area,Ready To Move,Whitefield,3 BHK,1928.0,3,1,127.5
Super built-up  Area,Ready To Move,Thanisandra,1 BHK,730.0,1,2,54.89
Super built-up  Area,Ready To Move,Koramangala,2 BHK,1185.0,2,3,196.31
Super built-up  Area,Under Construction,Indiranagar,3 BHK,1423.0,3,2,193.77
Super built-up  Area,Ready To Move,Thanisandra,1 BHK,541.0,1,2,39.96
Super built-up  Area,Ready To Move,Bellandur,3 BHK,1397.0,3,1,121.19
Built-up  Area,Under Construction,Electronic City,4 BHK,2348.0,4,3,108.76
Built-up  Area,Ready To Move,Sarjapur Road,3 BHK,1843.0,4,2,153.58
Super built-up  Area,Ready To Move,Whitefield,3 BHK,1797.0,3,1,136.58
Plot  Area,Ready To Move,Whitefield,3 BHK,1769.0,3,2,122.12
Super built-up  Area,Ready To Move,Bellandur,2 BHK,1258.0,2,2,99.88
Built-up  Area,Ready To Move,Jayanagar,2 BHK,1428.0,3,1,203.8
Super built-up  Area,Ready To Move,Marathahalli,2 BHK,1165.0,2,1,67.62
Super built-up  Area,Ready To Move,Koramangala,2 BHK,1011.0,3,1,134.4
Plot  Area,Ready To Move,Electronic City,2 BHK,1113.0,3,2,64.08
Built-up  Area,Ready To Move,Whitefield,2 BHK,1117.0,3,0,87.77
Super built-up  Area,Under Construction,Yelahanka,3 BHK,1275.0,4,2,75.1
Super built-up  Area,Ready To Move,Indiranagar,3 BHK,1382.0,3,0,200.72
Built-up  Area,Ready To Move,Koramangala,2 BHK,854.0,2,2,132.57
Built-up  Area,Ready To Move,Yelahanka,2 BHK,1199.0,3,2,88.15
Plot  Area,Ready To Move,Bellandur,3 BHK,2224.0,3,2,192.63
Super built-up  Area,Under Construction,Yelahanka,3 BHK,1603.0,3,0,95.18
Super built-up  Area,Ready To Move,Whitefield,2 BHK,1238.0,3,2,89.57
Super built-up  Area,Ready To Move,Thanisandra,2 BHK,1492.0,2,2,106.31
Super built-up  Area,Ready To Move,Jayanagar,2 BHK,1344.0,3,0,145.72
Super built-up  Area,Under Construction,Electronic City,2 BHK,1261.0,2,0,49.48
Plot  Area,Under Construction,Koramangala,3 BHK,2156.0,4,1,307.07
Super built-up  Area,Under Construction,Sarjapur Road,2 BHK,1433.0,2,0,102.4
Built-up  Area,Ready To Move,Marathahalli,1 BHK,422.0,1,2,33.07
Super built-up  Area,Ready To Move,Whitefield,2 BHK,1447.0,3,2,104.86
Super built-up  Area,Ready To Move,Indiranagar,3 BHK,1723.0,3,1,214.32
Super built-up  Area,Ready To Move,Electronic City,2 BHK,1384.0,2,2,72.77
Super built-up  Area,Ready To Move,Thanisandra,1 BHK,624.0,2,1,33.12
Built-up  Area,Ready To Move,Electronic City,3 BHK,1541.0,4,2,92.18
Super built-up  Area,Ready To Move,Electronic City,3 BHK,1805.0,3,1,86.47
Super built-up  Area,Ready To Move,HSR Layout,3 BHK,1608.0,3,1,154.76
Super built-up  Area,Under Construction,Rajaji Nagar,2 BHK,1263.0,2,2,145.04
Super built-up  Area,Ready To Move,Electronic City,4 BHK,2708.0,4,2,141.14
Built-up  Area,Ready To Move,Whitefield,1 BHK,616.0,1,3,50.12
Super built-up  Area,Ready To Move,Thanisandra,2 BHK,1482.0,2,2,100.33
Built-up  Area,Ready To Move,HSR Layout,2 BHK,1021.0,3,2,115.01
Built-up  Area,Ready To Move,Rajaji Nagar,1 BHK,781.0,1,2,114.34
Super built-up  Area,Under Construction,Whitefield,2 BHK,1515.0,2,1,93.13
Super built-up  Area,Ready To Move,Koramangala,3 BHK,2029.0,4,2,265.86
Built-up  Area,Under Construction,Electronic City,2 BHK,1145.0,3,2,61.37
Built-up  Area,Under Construction,Electronic City,3 BHK,2147.0,4,1,118.35
Super built-up  Area,Ready To Move,Bellandur,3 BHK,2176.0,3,2,185.3
Super built-up  Area,Under Construction,Indiranagar,3 BHK,2155.0,3,1,289.3
Super built-up  Area,Under Construction,Thanisandra,3 BHK,1487.0,4,2,104.57
Super built-up  Area,Under Construction,Sarjapur Road,3 BHK,2044.0,3,3,124.06
Super built-up  Area,Under Construction,Hebbal,3 BHK,1447.0,3,1,139.97
Super built-up  Area,Under Construction,Hebbal,3 BHK,1907.0,3,1,154.85
Super built-up  Area,Ready To Move,Other,2 BHK,943.0,2,1,49.68
Super built-up  Area,Ready To Move,Sarjapur Road,2 BHK,1292.0,3,3,90.6
Super built-up  Area,Under Construction,Sarjapur Road,2 BHK,1428.0,3,1,90.09
Plot  Area,Ready To Move,Sarjapur Road,3 BHK,1709.0,3,1,140.77
Super built-up  Area,Ready To Move,Indiranagar,2 BHK,1377.0,2,2,220.39
Plot  Area,Ready To Move,Electronic City,2 BHK,1307.0,2,2,77.66
Super built-up  Area,Ready To Move,Rajaji Nagar,2 BHK,1283.0,2,1,140.92
Built-up  Area,Ready To Move,Electronic City,3 BHK,2061.0,4,2,98.94
Super built-up  Area,Ready To Move,Rajaji Nagar,4 BHK,2342.0,5,1,273.37
Super built-up  Area,Ready To Move,Whitefield,3 BHK,2243.0,4,1,130.51
Super built-up  Area,Ready To Move,Bellandur,3 BHK,1822.0,3,0,142.89
Super built-up  Area,Ready To Move,Rajaji Nagar,2 BHK,1137.0,2,0,120.45
Plot  Area,Ready To Move,Electronic City,2 BHK,1336.0,2,1,88.45
Super built-up  Area,Under Construction,Marathahalli,2 BHK,1250.0,2,2,78.16
Plot  Area,Under Construction,Hebbal,2 BHK,1170.0,3,1,103.82
Super built-up  Area,Ready To Move,Marathahalli,2 BHK,1281.0,2,2,84.03
Super built-up  Area,Ready To Move,Bellandur,4 BHK,2639.0,4,0,205.13
Super built-up  Area,Ready To Move,Sarjapur Road,2 BHK,1260.0,2,1,79.35
Built-up  Area,Ready To Move,Electronic City,2 BHK,1206.0,3,2,66.24
Super built-up  Area,Ready To Move,Sarjapur Road,4 BHK,2376.0,5,2,165.13
Plot  Area,Ready To Move,Whitefield,2 BHK,1229.0,2,1,101.23
Super built-up  Area,Under Construction,Whitefield,2 BHK,1300.0,2,1,89.82
Built-up  Area,Under Construction,Whitefield,2 BHK,1390.0,3,2,94.11
Super built-up  Area,Ready To Move,Hebbal,2 BHK,1312.0,3,1,112.83
Super built-up  Area,Ready To Move,Yelahanka,3 BHK,2022.0,4,2,115.16
Super built-up  Area,Ready To Move,Whitefield,2 BHK,1309.0,2,2,83.34
Super built-up  Area,Ready To Move,Whitefield,3 BHK,2257.0,4,0,150.18
Super built-up  Area,Ready To Move,Koramangala,3 BHK,1998.0,4,0,281.59
Super built-up  Area,Ready To Move,Electronic City,2 BHK,1152.0,2,2,65.96
Super built-up  Area,Ready To Move,Whitefield,2 BHK,858.0,3,3,59.19
Super built-up  Area,Ready To Move,Electronic City,3 BHK,1828.0,3,0,91.84
Super built-up  Area,Under Construction,Marathahalli,2 BHK,1501.0,2,2,94.3
Super built-up  Area,Ready To Move,Yelahanka,2 BHK,1122.0,2,1,75.54
Super built-up  Area,Ready To Move,Sarjapur Road,3 BHK,2059.0,4,2,146.66
Carpet  Area,Under Construction,Bellandur,2 BHK,1425.0,2,1,138.8
Plot  Area,Ready To Move,HSR Layout,4 BHK,2073.0,4,1,229.21
Super built-up  Area,Under Construction,Bellandur,2 BHK,1084.0,3,2,83.98
Carpet  Area,Ready To Move,Bellandur,2 BHK,1007.0,3,1,106.68
Built-up  Area,Ready To Move,Koramangala,3 BHK,1942.0,4,0,308.18
Super built-up  Area,Ready To Move,Electronic City,2 BHK,1352.0,2,1,71.13
Super built-up  Area,Ready To Move,Whitefield,2 BHK,1244.0,2,2,86.13
Plot  Area,Ready To Move,Hebbal,4 BHK,1862.0,4,1,216.98
Super built-up  Area,Ready To Move,Rajaji Nagar,2 BHK,1570.0,2,2,217.79
Built-up  Area,Ready To Move,Indiranagar,2 BHK,1187.0,2,1,200.24
Plot  Area,Ready To Move,Yelahanka,2 BHK,1487.0,3,3,113.39
Super built-up  Area,Ready To Move,Other,1 BHK,532.0,1,1,28.3
Super built-up  Area,Ready To Move,Electronic City,3 BHK,1775.0,3,2,97.36
Super built-up  Area,Ready To Move,Bellandur,2 BHK,1150.0,2,2,93.68
Super built-up  Area,Under Construction,Bellandur,3 BHK,2026.0,4,2,167.82
Super built-up  Area,Ready To Move,Other,2 BHK,1327.0,3,2,70.28
Super built-up  Area,Under Construction,Other,3 BHK,1420.0,4,3,79.74
Super built-up  Area,Ready To Move,Bellandur,2 BHK,1024.0,2,1,81.98
Super built-up  Area,Ready To Move,Electronic City,3 BHK,2183.0,3,1,122.23
Super built-up  Area,Ready To Move,Yelahanka,4 BHK,2424.0,4,1,143.45
Super built-up  Area,Under Construction,Whitefield,2 BHK,1372.0,2,1,68.7
Super built-up  Area,Under Construction,Yelahanka,2 BHK,1231.0,3,1,64.24
Super built-up  Area,Under Construction,Rajaji Nagar,1 BHK,536.0,2,1,63.46
Super built-up  Area,Ready To Move,Sarjapur Road,4 BHK,2458.0,4,3,175.15
Plot  Area,Under Construction,Koramangala,3 BHK,1347.0,4,1,197.73
Super built-up  Area,Ready To Move,Hebbal,3 BHK,2277.0,4,1,221.78
Super built-up  Area,Ready To Move,Hebbal,3 BHK,2181.0,3,2,200.9
Plot  Area,Ready To Move,Sarjapur Road,2 BHK,1064.0,3,0,89.59
Super built-up  Area,Ready To Move,Thanisandra,2 BHK,1350.0,2,1,107.57
Built-up  Area,Ready To Move,Marathahalli,4 BHK,2353.0,4,1,160.55
Super built-up  Area,Ready To Move,Marathahalli,2 BHK,1409.0,2,1,88.48
Built-up  Area,Ready To Move,Electronic City,2 BHK,1193.0,2,3,70.03
Plot  Area,Ready To Move,Jayanagar,2 BHK,1050.0,3,3,187.75
Super built-up  Area,Under Construction,Thanisandra,1 BHK,481.0,2,1,33.88
Super built-up  Area,Ready To Move,Electronic City,2 BHK,1652.0,3,3,74.79
Plot  Area,Ready To Move,Whitefield,3 BHK,2017.0,3,1,168.58
Built-up  Area,Ready To Move,Electronic City,1 BHK,695.0,2,0,38.25
Built-up  Area,Under Construction,Rajaji Nagar,2 BHK,1115.0,2,3,129.61
Super built-up  Area,Under Construction,Koramangala,2 BHK,990.0,2,0,118.32
Built-up  Area,Ready To Move,Thanisandra,3 BHK,1922.0,3,1,129.29
Super built-up  Area,Ready To Move,Electronic City,2 BHK,884.0,2,2,43.39
Super built-up  Area,Under Construction,Thanisandra,1 BHK,395.0,1,2,21.94
Super built-up  Area,Under Construction,Whitefield,4 BHK,1943.0,4,2,122.72
Super built-up  Area,Ready To Move,Sarjapur Road,1 BHK,549.0,1,0,37.92
Built-up  Area,Ready To Move,Koramangala,1 BHK,528.0,1,1,87.34
Super built-up  Area,Under Construction,Whitefield,2 BHK,937.0,2,2,60.14
Super built-up  Area,Ready To Move,Yelahanka,2 BHK,1511.0,3,2,108.51
Built-up  Area,Ready To Move,Electronic City,2 BHK,1165.0,2,2,69.87
Plot  Area,Ready To Move,Bellandur,3 BHK,1530.0,3,1,139.57
Super built-up  Area,Ready To Move,Hebbal,2 BHK,1181.0,2,2,101.01
Super built-up  Area,Ready To Move,Indiranagar,3 BHK,2318.0,3,2,372.58
Super built-up  Area,Under Construction,Whitefield,3 BHK,1730.0,4,0,111.7
Super built-up  Area,Ready To Move,Whitefield,2 BHK,1041.0,2,1,76.13
Super built-up  Area,Under Construction,Rajaji Nagar,2 BHK,1237.0,2,3,133.48
Super built-up  Area,Under Construction,Electronic City,3 BHK,1862.0,3,2,93.95
Super built-up  Area,Ready To Move,Yelahanka,2 BHK,1033.0,2,2,58.89
Carpet  Area,Under Construction,Other,3 BHK,1781.0,3,1,103.44
Super built-up  Area,Ready To Move,Electronic City,3 BHK,1898.0,4,1,97.07
Super built-up  Area,Ready To Move,Electronic City,2 BHK,1327.0,2,1,67.78
Super built-up  Area,Ready To Move,Bellandur,1 BHK,658.0,2,1,55.19
Super built-up  Area,Ready To Move,Marathahalli,1 BHK,414.0,2,2,31.19
Super built-up  Area,Ready To Move,Rajaji Nagar,2 BHK,974.0,2,1,123.8
Super built-up  Area,Ready To Move,HSR Layout,1 BHK,350.0,2,2,29.29
Super built-up  Area,Ready To Move,Yelahanka,3 BHK,1931.0,3,1,113.46
Super built-up  Area,Ready To Move,Whitefield,2 BHK,895.0,2,1,52.81
Super built-up  Area,Under Construction,Other,3 BHK,2167.0,3,2,114.39
Super built-up  Area,Under Construction,Marathahalli,2 BHK,873.0,2,2,53.34
Built-up  Area,Ready To Move,Electronic City,3 BHK,1918.0,4,2,107.81
Super built-up  Area,Ready To Move,Sarjapur Road,3 BHK,2226.0,3,2,145.36
Super built-up  Area,Ready To Move,Whitefield,3 BHK,2097.0,3,2,136.78
Super built-up  Area,Ready To Move,Electronic City,2 BHK,1419.0,2,2,64.88
Carpet  Area,Under Construction,Yelahanka,1 BHK,693.0,1,0,49.27
Built-up  Area,Under Construction,Sarjapur Road,2 BHK,995.0,3,1,75.21
Super built-up  Area,Ready To Move,Whitefield,2 BHK,824.0,2,2,53.6
Plot  Area,Ready To Move,Sarjapur Road,4 BHK,2918.0,4,2,241.87
Super built-up  Area,Ready To Move,Other,2 BHK,1008.0,2,2,53.51
Carpet  Area,Ready To Move,Koramangala,3 BHK,1648.0,4,2,272.04
Super built-up  Area,Under Construction,Hebbal,3 BHK,1748.0,3,1,152.26
Super built-up  Area,Ready To Move,Electronic City,2 BHK,1544.0,2,3,77.43
Super built-up  Area,Under Construction,Other,2 BHK,1062.0,2,2,47.85
Super built-up  Area,Ready To Move,Yelahanka,2 BHK,1336.0,3,2,79.72
Super built-up  Area,Ready To Move,Electronic City,1 BHK,802.0,2,1,47.04
Super built-up  Area,Ready To Move,Whitefield,3 BHK,1654.0,3,1,116.43
Super built-up  Area,Ready To Move,Whitefield,3 BHK,1964.0,3,2,149.73
Super built-up  Area,Under Construction,Whitefield,2 BHK,1156.0,2,2,78.73
Super built-up  Area,Under Construction,Indiranagar,2 BHK,816.0,3,2,116.87
Plot  Area,Under Construction,Marathahalli,2 BHK,1076.0,2,3,81.98
Plot  Area,Ready To Move,HSR Layout,2 BHK,1100.0,2,1,122.86
Carpet  Area,Under Construction,Jayanagar,2 BHK,1020.0,2,2,160.76
Built-up  Area,Ready To Move,Hebbal,3 BHK,1493.0,4,2,163.97
Built-up  Area,Ready To Move,Bellandur,2 BHK,1353.0,2,2,121.85
Super built-up  Area,Ready To Move,Thanisandra,2 BHK,1123.0,2,3,75.61
Super built-up  Area,Ready To Move,Electronic City,1 BHK,1027.0,1,2,58.67
Super built-up  Area,Under Construction,Sarjapur Road,3 BHK,1326.0,3,2,83.87
Super built-up  Area,Ready To Move,Koramangala,2 BHK,1057.0,3,3,150.23
Plot  Area,Ready To Move,Whitefield,2 BHK,860.0,2,2,64.35
Super built-up  Area,Ready To Move,Sarjapur Road,2 BHK,1180.0,2,1,87.25
Plot  Area,Ready To Move,HSR Layout,2 BHK,1190.0,2,0,134.55
Super built-up  Area,Ready To Move,Other,2 BHK,1124.0,3,2,58.3
Built-up  Area,Ready To Move,Hebbal,3 BHK,1430.0,3,2,146.05
Super built-up  Area,Ready To Move,Yelahanka,2 BHK,1071.0,2,2,67.43
Super built-up  Area,Ready To Move,Hebbal,3 BHK,2137.0,3,1,199.93
Carpet  Area,Under Construction,Yelahanka,3 BHK,2080.0,4,2,131.38
Super built-up  Area,Ready To Move,Indiranagar,3 BHK,1378.0,3,0,209.89
Super built-up  Area,Ready To Move,Rajaji Nagar,2 BHK,1558.0,2,0,180.97
Super built-up  Area,Ready To Move,Hebbal,3 BHK,1740.0,3,1,163.8
Super built-up  Area,Ready To Move,Koramangala,3 BHK,1743.0,4,2,270.94
Super built-up  Area,Ready To Move,Koramangala,2 BHK,1372.0,2,2,201.58
Super built-up  Area,Ready To Move,Hebbal,3 BHK,1756.0,3,3,160.12
Super built-up  Area,Under Construction,Whitefield,1 BHK,520.0,2,2,33.63
Super built-up  Area,Ready To Move,Whitefield,1 BHK,451.0,2,2,35.49
Super built-up  Area,Under Construction,Whitefield,2 BHK,1496.0,2,1,91.9
Built-up  Area,Ready To Move,Jayanagar,3 BHK,1742.0,3,2,252.32
Built-up  Area,Under Construction,Electronic City,3 BHK,2076.0,3,2,97.88
Super built-up  Area,Ready To Move,Electronic City,3 BHK,1365.0,4,1,70.71
Super built-up  Area,Ready To Move,Thanisandra,2 BHK,871.0,3,0,59.25
Super built-up  Area,Ready To Move,Sarjapur Road,2 BHK,1334.0,2,1,88.4
Built-up  Area,Ready To Move,HSR Layout,2 BHK,1096.0,2,1,105.63
Built-up  Area,Under Construction,Electronic City,3 BHK,1826.0,3,1,94.59
Plot  Area,Under Construction,Marathahalli,2 BHK,1523.0,3,1,102.98
Super built-up  Area,Ready To Move,Jayanagar,2 BHK,1004.0,3,1,132.46
Super built-up  Area,Ready To Move,Jayanagar,3 BHK,1575.0,3,2,210.65
Super built-up  Area,Ready To Move,Hebbal,3 BHK,1868.0,3,2,169.63
Super built-up  Area,Ready To Move,Thanisandra,3 BHK,1891.0,3,1,128.66
Super built-up  Area,Ready To Move,Whitefield,2 BHK,947.0,2,1,60.4
Super built-up  Area,Ready To Move,Whitefield,4 BHK,2585.0,5,2,161.93
Built-up  Area,Ready To Move,Whitefield,3 BHK,1649.0,4,1,127.61
Super built-up  Area,Ready To Move,Indiranagar,3 BHK,1494.0,3,1,238.14
Built-up  Area,Ready To Move,Hebbal,4 BHK,2230.0,4,2,222.05
Super built-up  Area,Ready To Move,HSR Layout,4 BHK,2549.0,5,2,240.43
Plot  Area,Ready To Move,Whitefield,2 BHK,1061.0,2,2,94.15
Carpet  Area,Ready To Move,Hebbal,2 BHK,999.0,3,1,119.52
Plot  Area,Under Construction,Thanisandra,3 BHK,1452.0,3,1,95.64
Built-up  Area,Ready To Move,Hebbal,2 BHK,1487.0,2,2,155.59
Built-up  Area,Ready To Move,Thanisandra,2 BHK,823.0,3,2,66.99
Super built-up  Area,Under Construction,Electronic City,3 BHK,1831.0,3,2,98.97
Super built-up  Area,Ready To Move,Yelahanka,1 BHK,503.0,1,1,34.76
Built-up  Area,Ready To Move,Indiranagar,1 BHK,712.0,2,2,128.04
Built-up  Area,Ready To Move,Electronic City,2 BHK,1250.0,3,1,69.87
Carpet  Area,Ready To Move,Electronic City,2 BHK,1366.0,3,1,102.24
Super built-up  Area,Ready To Move,Koramangala,3 BHK,1472.0,3,2,237.54
Super built-up  Area,Ready To Move,Yelahanka,4 BHK,2097.0,5,1,132.36
Built-up  Area,Ready To Move,Hebbal,3 BHK,2160.0,3,2,229.35
Carpet  Area,Ready To Move,Electronic City,3 BHK,2251.0,4,2,145.95
Super built-up  Area,Ready To Move,Jayanagar,1 BHK,500.0,1,0,79.04
Super built-up  Area,Under Construction,Bellandur,2 BHK,1358.0,2,2,78.26
Super built-up  Area,Ready To Move,Hebbal,3 BHK,2381.0,3,3,251.21
Super built-up  Area,Ready To Move,HSR Layout,3 BHK,1615.0,3,2,138.02
Super built-up  Area,Ready To Move,Electronic City,2 BHK,1344.0,3,1,65.65
Super built-up  Area,Ready To Move,Koramangala,3 BHK,1545.0,4,2,189.79
Plot  Area,Under Construction,Sarjapur Road,4 BHK,2680.0,5,0,177.7
Super built-up  Area,Under Construction,Other,2 BHK,1182.0,3,3,58.34
Super built-up  Area,Ready To Move,HSR Layout,2 BHK,1265.0,2,1,118.78
Built-up  Area,Under Construction,HSR Layout,2 BHK,1195.0,2,2,96.32
Carpet  Area,Ready To Move,Indiranagar,1 BHK,717.0,1,1,138.88
Carpet  Area,Ready To Move,Rajaji Nagar,3 BHK,1984.0,3,2,275.02
Super built-up  Area,Ready To Move,Yelahanka,4 BHK,2098.0,5,2,137.27
Carpet  Area,Ready To Move,Hebbal,3 BHK,1547.0,4,2,186.62
Super built-up  Area,Ready To Move,Thanisandra,3 BHK,2082.0,3,2,140.73
Built-up  Area,Ready To Move,Indiranagar,3 BHK,1672.0,4,1,262.95
Super built-up  Area,Ready To Move,HSR Layout,2 BHK,1071.0,2,1,101.35
Super built-up  Area,Under Construction,Electronic City,3 BHK,1982.0,3,2,96.37
Super built-up  Area,Ready To Move,Hebbal,3 BHK,1840.0,3,2,173.44
Super built-up  Area,Ready To Move,Electronic City,3 BHK,1428.0,3,2,78.28
Plot  Area,Ready To Move,Rajaji Nagar,1 BHK,527.0,2,2,81.84
Super built-up  Area,Ready To Move,Sarjapur Road,2 BHK,1215.0,2,0,86.88
Super built-up  Area,Under Construction,Marathahalli,2 BHK,1430.0,2,1,80.83
Super built-up  Area,Under Construction,HSR Layout,3 BHK,1244.0,4,3,131.82
Super built-up  Area,Ready To Move,Koramangala,2 BHK,1407.0,3,2,203.44
Carpet  Area,Ready To Move,HSR Layout,2 BHK,1390.0,3,3,164.74
Built-up  Area,Ready To Move,Whitefield,3 BHK,1703.0,3,2,123.99
Carpet  Area,Ready To Move,Sarjapur Road,2 BHK,1425.0,3,1,120.8
Super built-up  Area,Ready To Move,Whitefield,2 BHK,1269.0,2,1,88.71
Super built-up  Area,Ready To Move,Koramangala,3 BHK,1893.0,3,2,284.96
Super built-up  Area,Ready To Move,Hebbal,1 BHK,685.0,1,1,69.03
Super built-up  Area,Ready To Move,Thanisandra,1 BHK,727.0,1,1,51.02
Super built-up  Area,Ready To Move,Electronic City,2 BHK,1091.0,2,1,56.05
Built-up  Area,Ready To Move,Electronic City,2 BHK,1356.0,2,2,85.15
Super built-up  Area,Ready To Move,Hebbal,2 BHK,1155.0,3,2,119.56
Super built-up  Area,Under Construction,Marathahalli,3 BHK,2021.0,3,2,115.62
Super built-up  Area,Ready To Move,Thanisandra,2 BHK,1153.0,2,0,85.32
Super built-up  Area,Ready To Move,Hebbal,2 BHK,1172.0,3,2,115.2
Built-up  Area,Ready To Move,HSR Layout,2 BHK,1286.0,2,0,131.78
Super built-up  Area,Under Construction,Whitefield,2 BHK,1392.0,3,1,86.97
Super built-up  Area,Ready To Move,Other,2 BHK,1321.0,2,0,64.9
Super built-up  Area,Ready To Move,Bellandur,2 BHK,1405.0,2,1,123.5
Plot  Area,Ready To Move,Electronic City,2 BHK,1042.0,2,1,69.07
Plot  Area,Ready To Move,Indiranagar,1 BHK,588.0,2,2,99.41
Built-up  Area,Ready To Move,Whitefield,1 BHK,633.0,2,2,48.33
Super built-up  Area,Under Construction,Marathahalli,1 BHK,712.0,1,2,45.19
Super built-up  Area,Under Construction,Electronic City,3 BHK,1319.0,3,2,63.41
Super built-up  Area,Ready To Move,Koramangala,2 BHK,1148.0,3,2,164.91
Carpet  Area,Under Construction,Electronic City,1 BHK,546.0,2,2,39.5
Carpet  Area,Ready To Move,Thanisandra,2 BHK,1446.0,2,1,123.63
Plot  Area,Ready To Move,Thanisandra,2 BHK,1393.0,3,2,94.25
Super built-up  Area,Ready To Move,Bellandur,2 BHK,1134.0,3,1,105.22
Carpet  Area,Ready To Move,Koramangala,1 BHK,886.0,1,1,159.37
Super built-up  Area,Under Construction,Rajaji Nagar,3 BHK,2176.0,4,3,279.27
Built-up  Area,Ready To Move,Whitefield,3 BHK,1687.0,3,0,120.51
Super built-up  Area,Under Construction,Sarjapur Road,2 BHK,1509.0,2,3,89.05
Super built-up  Area,Under Construction,Electronic City,2 BHK,1361.0,2,2,70.6
Super built-up  Area,Ready To Move,Other,2 BHK,1052.0,3,3,56.04
Super built-up  Area,Ready To Move,Sarjapur Road,3 BHK,1960.0,3,2,129.58
Super built-up  Area,Ready To Move,Thanisandra,2 BHK,1245.0,3,0,88.08
Plot  Area,Ready To Move,Bellandur,1 BHK,603.0,1,2,57.83
Super built-up  Area,Ready To Move,Electronic City,2 BHK,1287.0,3,1,64.0
Super built-up  Area,Ready To Move,Electronic City,3 BHK,2036.0,3,1,99.25
Super built-up  Area,Ready To Move,Electronic City,2 BHK,1018.0,2,2,50.3
Super built-up  Area,Under Construction,Hebbal,2 BHK,1098.0,3,0,93.89
Carpet  Area,Ready To Move,Electronic City,3 BHK,2221.0,4,2,155.37
Super built-up  Area,Ready To Move,Whitefield,2 BHK,1078.0,2,3,66.39
Super built-up  Area,Under Construction,Jayanagar,2 BHK,1264.0,3,1,165.79
Plot  Area,Ready To Move,Marathahalli,3 BHK,1590.0,4,2,122.86
Plot  Area,Ready To Move,Sarjapur Road,3 BHK,1424.0,3,3,117.06
Super built-up  Area,Under Construction,Sarjapur Road,3 BHK,2150.0,4,0,132.16
Built-up  Area,Under Construction,Whitefield,2 BHK,1197.0,2,1,82.05
Built-up  Area,Under Construction,Bellandur,3 BHK,1738.0,3,1,132.29
Built-up  Area,Ready To Move,Yelahanka,3 BHK,1426.0,4,1,106.26
Super built-up  Area,Ready To Move,Whitefield,2 BHK,1348.0,3,3,79.27
Carpet  Area,Ready To Move,Electronic City,1 BHK,628.0,1,1,35.56
Super built-up  Area,Under Construction,Yelahanka,3 BHK,2191.0,4,0,127.12
Super built-up  Area,Ready To Move,Koramangala,2 BHK,1120.0,3,1,158.09
Super built-up  Area,Ready To Move,Whitefield,2 BHK,1142.0,2,2,81.89
Super built-up  Area,Under Construction,Koramangala,2 BHK,1154.0,2,2,148.48
Plot  Area,Under Construction,Sarjapur Road,2 BHK,1285.0,3,1,95.27
Super built-up  Area,Ready To Move,Sarjapur Road,3 BHK,1411.0,3,2,93.67
Super built-up  Area,Ready To Move,Thanisandra,2 BHK,1478.0,2,2,107.63
Super built-up  Area,Ready To Move,Yelahanka,1 BHK,495.0,1,2,33.89
Super built-up  Area,Under Construction,Hebbal,3 BHK,1660.0,4,1,146.43
Carpet  Area,Ready To Move,Marathahalli,3 BHK,2148.0,4,2,178.71
Super built-up  Area,Ready To Move,Hebbal,3 BHK,1686.0,3,1,173.84
Super built-up  Area,Ready To Move,Thanisandra,2 BHK,1248.0,2,2,89.6
Built-up  Area,Under Construction,HSR Layout,1 BHK,550.0,1,1,50.59
Built-up  Area,Ready To Move,Rajaji Nagar,2 BHK,1502.0,3,1,195.27
Super built-up  Area,Ready To Move,Rajaji Nagar,2 BHK,1293.0,2,2,144.73
Super built-up  Area,Ready To Move,Whitefield,1 BHK,541.0,1,1,30.63
Plot  Area,Ready To Move,Marathahalli,3 BHK,1811.0,4,1,127.52
Built-up  Area,Under Construction,Yelahanka,2 BHK,1038.0,2,2,70.07
Built-up  Area,Ready To Move,Yelahanka,2 BHK,1435.0,2,2,83.95
Carpet  Area,Ready To Move,Electronic City,3 BHK,2141.0,3,1,125.97
Built-up  Area,Ready To Move,Yelahanka,2 BHK,1141.0,3,2,73.43
Built-up  Area,Ready To Move,Jayanagar,1 BHK,526.0,2,1,79.76
Carpet  Area,Under Construction,Electronic City,2 BHK,1211.0,2,1,70.64
Super built-up  Area,Under Construction,Marathahalli,2 BHK,1065.0,2,1,55.68
Super built-up  Area,Ready To Move,Whitefield,4 BHK,2058.0,5,1,146.1
Super built-up  Area,Ready To Move,Whitefield,3 BHK,1847.0,3,2,121.28
Super built-up  Area,Ready To Move,HSR Layout,2 BHK,1163.0,3,0,112.04
Built-up  Area,Under Construction,Indiranagar,1 BHK,741.0,1,1,121.6
Built-up  Area,Ready To Move,Koramangala,1 BHK,732.0,1,3,113.96
Built-up  Area,Under Construction,Whitefield,3 BHK,1920.0,3,1,118.32
Carpet  Area,Ready To Move,Marathahalli,4 BHK,2804.0,5,2,236.13
Super built-up  Area,Under Construction,Whitefield,1 BHK,565.0,1,1,33.9
Built-up  Area,Under Construction,Whitefield,3 BHK,2285.0,3,2,139.28
Super built-up  Area,Ready To Move,Whitefield,2 BHK,1099.0,3,1,73.16
Super built-up  Area,Under Construction,Indiranagar,2 BHK,1193.0,2,2,171.77
Super built-up  Area,Ready To Move,Marathahalli,1 BHK,538.0,1,1,31.97
Plot  Area,Ready To Move,Bellandur,3 BHK,1468.0,4,2,159.32
Super built-up  Area,Ready To Move,Yelahanka,2 BHK,1261.0,3,2,79.38
Built-up  Area,Ready To Move,Whitefield,3 BHK,2133.0,3,2,160.03
Super built-up  Area,Ready To Move,HSR Layout,2 BHK,966.0,2,2,95.76
Super built-up  Area,Ready To Move,Hebbal,3 BHK,1437.0,4,2,131.59
Super built-up  Area,Ready To Move,HSR Layout,1 BHK,598.0,2,2,55.07
Super built-up  Area,Ready To Move,Whitefield,1 BHK,736.0,2,2,53.86
Carpet  Area,Ready To Move,Bellandur,2 BHK,1346.0,2,1,138.92
Super built-up  Area,Ready To Move,HSR Layout,3 BHK,1502.0,4,0,144.45
Carpet  Area,Ready To Move,Thanisandra,3 BHK,1647.0,3,2,123.27
Carpet  Area,Ready To Move,HSR Layout,2 BHK,1169.0,2,2,139.17
Carpet  Area,Under Construction,Whitefield,2 BHK,1164.0,2,2,100.23
Super built-up  Area,Ready To Move,Koramangala,3 BHK,1509.0,3,3,212.21
Carpet  Area,Ready To Move,Electronic City,2 BHK,1399.0,3,0,84.41
Super built-up  Area,Ready To Move,Jayanagar,4 BHK,2165.0,5,0,261.46
Super built-up  Area,Ready To Move,Koramangala,3 BHK,1568.0,3,1,215.23
Super built-up  Area,Ready To Move,Electronic City,2 BHK,1318.0,2,3,76.1
Plot  Area,Ready To Move,Marathahalli,3 BHK,1512.0,3,1,105.92
Super built-up  Area,Ready To Move,HSR Layout,3 BHK,2137.0,3,2,217.99
Super built-up  Area,Ready To Move,Whitefield,2 BHK,1091.0,3,3,72.41
Super built-up  Area,Ready To Move,Koramangala,2 BHK,993.0,3,1,134.77
Super built-up  Area,Ready To Move,Electronic City,2 BHK,891.0,2,2,48.73
Super built-up  Area,Ready To Move,Yelahanka,4 BHK,2052.0,4,1,133.08
Plot  Area,Ready To Move,Yelahanka,3 BHK,1711.0,4,2,128.17
Super built-up  Area,Ready To Move,Other,1 BHK,536.0,1,1,31.39
Plot  Area,Ready To Move,HSR Layout,2 BHK,1536.0,2,1,162.69
Built-up  Area,Ready To Move,Hebbal,2 BHK,933.0,3,2,99.94
Carpet  Area,Under Construction,Thanisandra,3 BHK,2132.0,3,1,161.44
Super built-up  Area,Ready To Move,Whitefield,2 BHK,992.0,3,2,65.31
Super built-up  Area,Ready To Move,HSR Layout,3 BHK,1496.0,3,2,143.74
Super built-up  Area,Ready To Move,HSR Layout,2 BHK,1191.0,3,0,90.79
Super built-up  Area,Ready To Move,Whitefield,2 BHK,1358.0,3,2,97.91
Built-up  Area,Ready To Move,Hebbal,2 BHK,1503.0,2,2,167.33
Super built-up  Area,Ready To Move,Jayanagar,2 BHK,1282.0,2,1,186.15
Built-up  Area,Ready To Move,Jayanagar,3 BHK,1546.0,3,2,247.93
Built-up  Area,Ready To Move,Whitefield,3 BHK,2232.0,3,2,176.47
Super built-up  Area,Ready To Move,Whitefield,5 BHK,3333.0,5,1,235.45
Built-up  Area,Ready To Move,Electronic City,3 BHK,2146.0,3,3,123.56
Super built-up  Area,Ready To Move,Jayanagar,2 BHK,961.0,2,0,104.01
Super built-up  Area,Under Construction,Whitefield,3 BHK,2322.0,3,2,131.42
Built-up  Area,Ready To Move,Thanisandra,3 BHK,1801.0,3,2,128.51
Carpet  Area,Ready To Move,Whitefield,2 BHK,858.0,3,0,70.07
Super built-up  Area,Ready To Move,Koramangala,2 BHK,1477.0,2,1,197.18
Super built-up  Area,Ready To Move,Sarjapur Road,4 BHK,2324.0,4,1,156.26
Super built-up  Area,Ready To Move,Yelahanka,3 BHK,1800.0,3,1,110.45
Super built-up  Area,Ready To Move,Electronic City,3 BHK,1754.0,3,1,87.33
Built-up  Area,Ready To Move,Koramangala,1 BHK,597.0,1,0,89.21
Built-up  Area,Under Construction,Electronic City,3 BHK,1955.0,4,1,109.24
Built-up  Area,Ready To Move,Thanisandra,2 BHK,1277.0,2,2,96.51
Plot  Area,Ready To Move,Jayanagar,1 BHK,792.0,2,2,126.95
Super built-up  Area,Under Construction,Whitefield,3 BHK,1428.0,3,1,94.1
Super built-up  Area,Ready To Move,Jayanagar,3 BHK,1657.0,4,2,200.22
Super built-up  Area,Ready To Move,Indiranagar,2 BHK,1383.0,2,1,237.06
Plot  Area,Under Construction,Whitefield,2 BHK,1305.0,2,2,90.23
Built-up  Area,Ready To Move,Hebbal,2 BHK,1370.0,3,1,145.59
Built-up  Area,Ready To Move,Electronic City,1 BHK,689.0,2,1,42.19
Super built-up  Area,Under Construction,Bellandur,2 BHK,1314.0,3,2,100.4
Super built-up  Area,Under Construction,Thanisandra,2 BHK,1165.0,2,2,71.61
Carpet  Area,Ready To Move,Whitefield,2 BHK,980.0,3,1,78.01
Super built-up  Area,Ready To Move,HSR Layout,3 BHK,1670.0,4,1,183.43
Built-up  Area,Ready To Move,Yelahanka,1 BHK,729.0,1,2,42.33
Super built-up  Area,Under Construction,Marathahalli,1 BHK,472.0,1,2,31.1
Super built-up  Area,Ready To Move,HSR Layout,3 BHK,2027.0,3,0,181.84
Built-up  Area,Under Construction,Marathahalli,3 BHK,1906.0,4,2,127.58
Super built-up  Area,Under Construction,HSR Layout,1 BHK,742.0,1,1,61.93
Built-up  Area,Under Construction,Sarjapur Road,1 BHK,637.0,1,2,56.01
Built-up  Area,Ready To Move,Jayanagar,3 BHK,1739.0,4,1,254.6
Super built-up  Area,Ready To Move,HSR Layout,2 BHK,959.0,2,1,85.51
Built-up  Area,Ready To Move,Hebbal,3 BHK,1398.0,4,1,133.37
Super built-up  Area,Ready To Move,HSR Layout,2 BHK,1098.0,2,2,132.29
Super built-up  Area,Ready To Move,Jayanagar,4 BHK,3052.0,4,0,423.13
Built-up  Area,Ready To Move,Yelahanka,3 BHK,2228.0,3,1,137.24
Super built-up  Area,Ready To Move,Hebbal,1 BHK,753.0,2,2,76.33
Super built-up  Area,Ready To Move,Sarjapur Road,2 BHK,1094.0,2,2,82.57
Plot  Area,Under Construction,HSR Layout,2 BHK,872.0,2,2,97.38
Super built-up  Area,Ready To Move,Indiranagar,2 BHK,1041.0,3,1,139.07
Plot  Area,Ready To Move,Electronic City,1 BHK,678.0,1,3,43.01
Plot  Area,Ready To Move,Yelahanka,1 BHK,500.0,1,3,40.74
Super built-up  Area,Under Construction,HSR Layout,2 BHK,1350.0,2,1,118.24
Super built-up  Area,Under Construction,Sarjapur Road,3 BHK,1817.0,3,0,115.53
Super built-up  Area,Ready To Move,Whitefield,1 BHK,467.0,1,2,31.56
Super built-up  Area,Ready To Move,Electronic City,3 BHK,1811.0,4,1,82.38
Plot  Area,Under Construction,Marathahalli,3 BHK,1806.0,3,1,125.42
Built-up  Area,Ready To Move,Sarjapur Road,4 BHK,2304.0,4,1,192.97
Super built-up  Area,Ready To Move,Electronic City,3 BHK,1542.0,4,1,82.48
Super built-up  Area,Ready To Move,Hebbal,4 BHK,2149.0,5,1,207.8
Carpet  Area,Ready To Move,Sarjapur Road,4 BHK,1889.0,5,2,158.08
Super built-up  Area,Ready To Move,Whitefield,2 BHK,1431.0,3,0,102.85
Built-up  Area,Ready To Move,Sarjapur Road,2 BHK,985.0,2,2,82.83
Built-up  Area,Ready To Move,HSR Layout,2 BHK,1031.0,3,2,104.11
Super built-up  Area,Ready To Move,Indiranagar,2 BHK,1017.0,2,3,165.72
Super built-up  Area,Ready To Move,Sarjapur Road,2 BHK,1338.0,3,0,95.16
Built-up  Area,Ready To Move,Hebbal,3 BHK,1654.0,4,0,153.17
Super built-up  Area,Ready To Move,Marathahalli,1 BHK,750.0,2,0,47.9
Super built-up  Area,Ready To Move,Sarjapur Road,2 BHK,1262.0,3,1,85.57
Built-up  Area,Ready To Move,Electronic City,2 BHK,1089.0,2,3,74.49
Built-up  Area,Ready To Move,Electronic City,4 BHK,2700.0,4,3,131.37
Super built-up  Area,Ready To Move,Hebbal,2 BHK,1199.0,2,1,106.24
Super built-up  Area,Ready To Move,Thanisandra,3 BHK,1527.0,3,1,107.02
Super built-up  Area,Ready To Move,Electronic City,2 BHK,1336.0,2,1,74.57
Super built-up  Area,Ready To Move,Bellandur,3 BHK,1523.0,3,2,121.92
Super built-up  Area,Ready To Move,Whitefield,2 BHK,1417.0,3,1,101.45
Super built-up  Area,Ready To Move,Hebbal,2 BHK,1020.0,2,2,89.09
Super built-up  Area,Ready To Move,Thanisandra,5 BHK,3114.0,6,2,175.43
Super built-up  Area,Ready To Move,Sarjapur Road,2 BHK,969.0,2,2,69.26
Super built-up  Area,Under Construction,Indiranagar,2 BHK,1109.0,3,1,152.92
Super built-up  Area,Ready To Move,Electronic City,2 BHK,996.0,2,2,46.32
Super built-up  Area,Under Construction,Thanisandra,3 BHK,2217.0,3,1,140.27
Super built-up  Area,Ready To Move,Whitefield,5 BHK,2918.0,6,0,186.66
Plot  Area,Ready To Move,Jayanagar,3 BHK,1365.0,3,3,224.78
Super built-up  Area,Under Construction,Electronic City,2 BHK,1078.0,2,1,56.84
Built-up  Area,Ready To Move,Jayanagar,2 BHK,1508.0,2,3,202.17
Plot  Area,Ready To Move,Sarjapur Road,2 BHK,1428.0,2,3,124.6
Super built-up  Area,Ready To Move,Thanisandra,3 BHK,1668.0,4,0,107.6
Plot  Area,Under Construction,Sarjapur Road,2 BHK,1175.0,2,2,100.62
Super built-up  Area,Ready To Move,Rajaji Nagar,3 BHK,1593.0,3,1,155.47
Super built-up  Area,Ready To Move,Whitefield,2 BHK,944.0,2,1,56.75
Super built-up  Area,Ready To Move,Electronic City,2 BHK,1246.0,3,1,66.84
Super built-up  Area,Ready To Move,HSR Layout,2 BHK,1450.0,2,2,145.0
Super built-up  Area,Under Construction,Whitefield,2 BHK,1287.0,2,1,82.65
Super built-up  Area,Ready To Move,Electronic City,3 BHK,1498.0,4,2,79.06
Built-up  Area,Ready To Move,Marathahalli,1 BHK,589.0,1,2,42.22
Plot  Area,Ready To Move,Other,1 BHK,747.0,1,2,51.07
Super built-up  Area,Under Construction,Sarjapur Road,2 BHK,1203.0,2,1,77.1
Super built-up  Area,Under Construction,Marathahalli,2 BHK,1499.0,2,1,87.04
Super built-up  Area,Under Construction,HSR Layout,2 BHK,1193.0,2,2,107.54
Super built-up  Area,Under Construction,Electronic City,3 BHK,2291.0,3,1,98.78
Built-up  Area,Ready To Move,Bellandur,2 BHK,1110.0,2,1,88.77
Super built-up  Area,Under Construction,Bellandur,2 BHK,1441.0,2,0,108.63
Super built-up  Area,Ready To Move,Other,3 BHK,1901.0,3,1,98.7
Built-up  Area,Under Construction,Electronic City,3 BHK,1847.0,3,2,102.36
Plot  Area,Ready To Move,Bellandur,1 BHK,686.0,1,1,60.52
Super built-up  Area,Ready To Move,Whitefield,3 BHK,2071.0,4,1,140.92
Super built-up  Area,Ready To Move,Whitefield,5 BHK,2344.0,6,2,160.78
Super built-up  Area,Ready To Move,Whitefield,2 BHK,1254.0,2,2,78.83
Super built-up  Area,Ready To Move,Other,3 BHK,1393.0,4,0,76.58
Super built-up  Area,Ready To Move,Yelahanka,1 BHK,473.0,1,2,31.0
Super built-up  Area,Ready To Move,Yelahanka,1 BHK,612.0,1,2,40.19
Plot  Area,Under Construction,HSR Layout,2 BHK,1008.0,3,0,96.42
Super built-up  Area,Under Construction,Sarjapur Road,3 BHK,1727.0,3,1,113.37
Super built-up  Area,Under Construction,Electronic City,3 BHK,1631.0,4,2,82.29
Super built-up  Area,Under Construction,Electronic City,2 BHK,1094.0,3,1,57.06
Super built-up  Area,Ready To Move,Sarjapur Road,2 BHK,1208.0,2,1,80.72
Super built-up  Area,Ready To Move,Thanisandra,2 BHK,1444.0,2,1,95.97
Super built-up  Area,Ready To Move,HSR Layout,2 BHK,1206.0,2,2,122.41
Super built-up  Area,Under Construction,Whitefield,3 BHK,1447.0,4,1,101.06
Super built-up  Area,Under Construction,Whitefield,2 BHK,1426.0,2,1,92.04
Super built-up  Area,Ready To Move,Whitefield,2 BHK,997.0,2,1,73.58
Super built-up  Area,Under Construction,Hebbal,2 BHK,1164.0,3,1,94.27
Super built-up  Area,Ready To Move,Marathahalli,4 BHK,2091.0,4,2,116.4
Super built-up  Area,Ready To Move,Koramangala,3 BHK,2088.0,3,1,302.66
Super built-up  Area,Under Construction,Yelahanka,2 BHK,1248.0,2,1,73.16
Super built-up  Area,Ready To Move,Hebbal,2 BHK,1061.0,2,1,86.56
Built-up  Area,Ready To Move,Sarjapur Road,2 BHK,1532.0,2,2,113.79
Built-up  Area,Ready To Move,Whitefield,5 BHK,2957.0,5,2,184.9
Super built-up  Area,Ready To Move,Jayanagar,2 BHK,1477.0,3,1,181.65
Plot  Area,Ready To Move,Yelahanka,1 BHK,657.0,1,1,48.09
Super built-up  Area,Ready To Move,Electronic City,2 BHK,1368.0,3,3,81.52
Plot  Area,Ready To Move,HSR Layout,2 BHK,1533.0,3,0,161.53
Super built-up  Area,Ready To Move,HSR Layout,2 BHK,1292.0,2,1,106.34
Super built-up  Area,Ready To Move,Koramangala,2 BHK,1065.0,2,2,163.83
Super built-up  Area,Under Construction,Marathahalli,1 BHK,584.0,1,1,35.1
Super built-up  Area,Ready To Move,Indiranagar,1 BHK,610.0,1,0,95.52
Carpet  Area,Ready To Move,HSR Layout,2 BHK,1435.0,3,2,196.07
Super built-up  Area,Ready To Move,Whitefield,2 BHK,1116.0,2,0,77.15
Super built-up  Area,Under Construction,Whitefield,3 BHK,1550.0,3,1,100.19
Super built-up  Area,Ready To Move,Electronic City,2 BHK,1559.0,2,2,83.58
Super built-up  Area,Under Construction,Whitefield,1 BHK,508.0,2,2,31.97
Super built-up  Area,Ready To Move,Thanisandra,3 BHK,1852.0,4,1,127.14
Super built-up  Area,Ready To Move,Thanisandra,3 BHK,1764.0,3,3,102.3
Super built-up  Area,Under Construction,Whitefield,2 BHK,1375.0,3,0,84.77
Plot  Area,Ready To Move,Yelahanka,2 BHK,888.0,2,2,60.86
Super built-up  Area,Ready To Move,Electronic City,3 BHK,2174.0,3,1,99.67
Super built-up  Area,Ready To Move,Sarjapur Road,1 BHK,726.0,2,2,45.15
Super built-up  Area,Ready To Move,Electronic City,4 BHK,2658.0,4,1,107.13
Carpet  Area,Ready To Move,Sarjapur Road,3 BHK,1491.0,3,2,130.82
Super built-up  Area,Ready To Move,Electronic City,2 BHK,1120.0,2,2,61.95
Super built-up  Area,Ready To Move,HSR Layout,2 BHK,1009.0,2,3,98.49
Carpet  Area,Ready To Move,Hebbal,1 BHK,659.0,2,2,81.89
Super built-up  Area,Under Construction,Other,5 BHK,3246.0,5,1,162.48
Super built-up  Area,Ready To Move,Whitefield,3 BHK,1854.0,4,2,128.5
Super built-up  Area,Ready To Move,Whitefield,2 BHK,1315.0,2,0,98.82
Plot  Area,Ready To Move,Whitefield,1 BHK,596.0,2,0,47.6
Carpet  Area,Ready To Move,Koramangala,3 BHK,1344.0,4,2,228.77
Built-up  Area,Ready To Move,Whitefield,5 BHK,2691.0,5,2,205.25
Super built-up  Area,Under Construction,Yelahanka,3 BHK,1540.0,3,2,81.1
Super built-up  Area,Under Construction,HSR Layout,1 BHK,485.0,1,1,38.28
Super built-up  Area,Ready To Move,HSR Layout,2 BHK,1119.0,2,2,115.84
Plot  Area,Ready To Move,Indiranagar,1 BHK,607.0,1,0,102.71
Plot  Area,Ready To Move,Electronic City,3 BHK,1298.0,3,2,77.47
Super built-up  Area,Under Construction,Electronic City,2 BHK,1292.0,3,0,66.46
Built-up  Area,Ready To Move,Sarjapur Road,3 BHK,2076.0,4,1,165.05
Super built-up  Area,Ready To Move,Indiranagar,1 BHK,585.0,1,1,81.71
Super built-up  Area,Ready To Move,Electronic City,2 BHK,822.0,3,0,45.21
Super built-up  Area,Ready To Move,Whitefield,3 BHK,1799.0,4,1,125.03
Super built-up  Area,Ready To Move,Other,3 BHK,1981.0,4,1,115.49
Super built-up  Area,Under Construction,Whitefield,2 BHK,1200.0,2,0,75.04
Super built-up  Area,Ready To Move,Yelahanka,2 BHK,1081.0,2,0,65.82
Built-up  Area,Ready To Move,Yelahanka,3 BHK,1708.0,3,1,114.31
Plot  Area,Ready To Move,Sarjapur Road,3 BHK,1606.0,4,2,129.25
Carpet  Area,Ready To Move,Whitefield,3 BHK,1415.0,4,1,121.83
Built-up  Area,Ready To Move,Whitefield,1 BHK,477.0,2,3,41.76
Super built-up  Area,Ready To Move,Bellandur,2 BHK,1343.0,2,2,114.18
Super built-up  Area,Ready To Move,Koramangala,3 BHK,1776.0,3,2,274.83
Carpet  Area,Ready To Move,Yelahanka,3 BHK,1535.0,4,1,113.23
Super built-up  Area,Under Construction,Marathahalli,2 BHK,1248.0,2,3,74.4
Built-up  Area,Ready To Move,Bellandur,5 BHK,2478.0,5,1,198.89
Built-up  Area,Ready To Move,Electronic City,1 BHK,350.0,1,1,23.97
Built-up  Area,Ready To Move,Electronic City,2 BHK,1316.0,2,1,86.7
Super built-up  Area,Ready To Move,Jayanagar,3 BHK,2028.0,3,1,248.31
Super built-up  Area,Ready To Move,Electronic City,2 BHK,1079.0,2,2,53.63
Built-up  Area,Ready To Move,Whitefield,4 BHK,2418.0,5,0,150.62
Plot  Area,Ready To Move,Bellandur,2 BHK,1029.0,3,2,106.02
Built-up  Area,Ready To Move,Hebbal,2 BHK,1407.0,3,2,146.1
Super built-up  Area,Ready To Move,Marathahalli,2 BHK,1065.0,2,1,61.54
Super built-up  Area,Ready To Move,Bellandur,2 BHK,1486.0,2,2,105.84
Built-up  Area,Under Construction,Whitefield,2 BHK,1046.0,2,2,72.84
Built-up  Area,Ready To Move,Marathahalli,2 BHK,1322.0,3,2,86.51
Super built-up  Area,Ready To Move,Electronic City,2 BHK,1446.0,2,2,79.72
Super built-up  Area,Ready To Move,Sarjapur Road,3 BHK,1531.0,4,2,112.03
Plot  Area,Ready To Move,Hebbal,1 BHK,426.0,1,2,48.75
Super built-up  Area,Ready To Move,Whitefield,3 BHK,1874.0,3,1,110.45
Built-up  Area,Ready To Move,HSR Layout,2 BHK,1284.0,2,1,118.84
Super built-up  Area,Ready To Move,Whitefield,2 BHK,1177.0,3,2,75.63
Super built-up  Area,Ready To Move,Hebbal,2 BHK,1099.0,2,2,99.68
Plot  Area,Under Construction,Sarjapur Road,2 BHK,894.0,2,2,59.58
Super built-up  Area,Under Construction,Thanisandra,3 BHK,1874.0,3,2,108.04
Super built-up  Area,Under Construction,Yelahanka,5 BHK,2389.0,5,2,127.87
Super built-up  Area,Under Construction,Electronic City,2 BHK,1193.0,2,0,58.12
Built-up  Area,Ready To Move,Sarjapur Road,2 BHK,1478.0,3,2,106.62
Super built-up  Area,Ready To Move,Sarjapur Road,2 BHK,1352.0,2,3,75.23
Super built-up  Area,Ready To Move,Electronic City,5 BHK,3097.0,5,2,148.58
Plot  Area,Under Construction,Yelahanka,3 BHK,1531.0,3,0,88.97
Super built-up  Area,Ready To Move,Bellandur,2 BHK,1187.0,2,0,101.0
Super built-up  Area,Ready To Move,Electronic City,2 BHK,1456.0,2,1,71.48
Super built-up  Area,Ready To Move,Sarjapur Road,2 BHK,1451.0,2,2,97.49
Carpet  Area,Ready To Move,Whitefield,3 BHK,1498.0,4,2,150.12
Super built-up  Area,Ready To Move,Koramangala,3 BHK,1446.0,3,2,207.11
Super built-up  Area,Ready To Move,Whitefield,4 BHK,2280.0,4,1,144.53
Super built-up  Area,Under Construction,Other,2 BHK,1116.0,3,2,62.35
Plot  Area,Ready To Move,Yelahanka,3 BHK,1920.0,4,1,145.55
Built-up  Area,Under Construction,Sarjapur Road,2 BHK,980.0,2,2,61.41
Super built-up  Area,Ready To Move,Indiranagar,3 BHK,1922.0,3,2,268.4
Super built-up  Area,Under Construction,Rajaji Nagar,2 BHK,929.0,3,1,112.26
Plot  Area,Ready To Move,Indiranagar,3 BHK,1791.0,4,2,327.0
Super built-up  Area,Ready To Move,Electronic City,1 BHK,533.0,2,0,27.01
Plot  Area,Ready To Move,Sarjapur Road,1 BHK,690.0,2,1,61.18
Super built-up  Area,Ready To Move,Jayanagar,3 BHK,1740.0,3,2,219.13
Built-up  Area,Under Construction,Koramangala,4 BHK,2495.0,5,1,388.57
Super built-up  Area,Ready To Move,Bellandur,3 BHK,1873.0,3,1,136.53
Built-up  Area,Ready To Move,Jayanagar,3 BHK,1820.0,3,3,246.61
Super built-up  Area,Ready To Move,Rajaji Nagar,3 BHK,2073.0,3,1,263.84
Super built-up  Area,Ready To Move,Rajaji Nagar,2 BHK,949.0,3,3,106.46
Super built-up  Area,Ready To Move,Whitefield,1 BHK,594.0,1,2,37.77
Super built-up  Area,Ready To Move,HSR Layout,4 BHK,2081.0,4,1,191.04
Super built-up  Area,Ready To Move,Thanisandra,4 BHK,2172.0,4,0,145.93
Super built-up  Area,Ready To Move,Thanisandra,2 BHK,971.0,3,2,59.14
Plot  Area,Under Construction,Koramangala,2 BHK,1331.0,3,3,222.34
Super built-up  Area,Ready To Move,Electronic City,3 BHK,2107.0,3,2,119.4
Built-up  Area,Ready To Move,Yelahanka,3 BHK,1802.0,4,3,138.88
Super built-up  Area,Ready To Move,Thanisandra,1 BHK,426.0,2,2,35.63
Super built-up  Area,Ready To Move,Whitefield,1 BHK,650.0,1,2,50.32
Super built-up  Area,Ready To Move,Hebbal,5 BHK,2776.0,5,2,251.44
Carpet  Area,Ready To Move,Electronic City,1 BHK,392.0,2,2,26.76
Built-up  Area,Under Construction,Sarjapur Road,2 BHK,1201.0,2,2,92.35
Super built-up  Area,Ready To Move,Whitefield,2 BHK,1228.0,3,3,90.83
Built-up  Area,Ready To Move,Hebbal,2 BHK,1409.0,3,0,152.26
Super built-up  Area,Ready To Move,HSR Layout,2 BHK,1074.0,2,1,114.65
Super built-up  Area,Ready To Move,Koramangala,2 BHK,1559.0,3,1,206.9
Super built-up  Area,Under Construction,Bellandur,2 BHK,855.0,3,3,71.61
Super built-up  Area,Under Construction,Yelahanka,3 BHK,1317.0,3,2,72.16
Super built-up  Area,Ready To Move,Electronic City,2 BHK,1397.0,3,2,79.06
Built-up  Area,Ready To Move,Whitefield,2 BHK,1451.0,2,2,108.83
Super built-up  Area,Ready To Move,Jayanagar,2 BHK,1314.0,2,2,166.14
Built-up  Area,Ready To Move,Electronic City,1 BHK,657.0,1,0,30.04
Super built-up  Area,Ready To Move,Other,1 BHK,887.0,1,1,49.95
Super built-up  Area,Ready To Move,Jayanagar,3 BHK,1963.0,3,1,274.97
Built-up  Area,Ready To Move,HSR Layout,1 BHK,567.0,2,2,67.76
Built-up  Area,Ready To Move,Other,2 BHK,1216.0,2,1,65.58
Plot  Area,Ready To Move,Whitefield,3 BHK,1982.0,4,1,151.95
Super built-up  Area,Ready To Move,Sarjapur Road,2 BHK,1458.0,2,2,107.68
Built-up  Area,Ready To Move,Koramangala,2 BHK,1307.0,2,0,211.94
Built-up  Area,Ready To Move,Sarjapur Road,3 BHK,1363.0,3,1,114.38
Super built-up  Area,Ready To Move,Marathahalli,3 BHK,1831.0,3,2,117.58
Super built-up  Area,Ready To Move,Whitefield,3 BHK,2186.0,4,2,151.01
Super built-up  Area,Ready To Move,HSR Layout,2 BHK,1482.0,3,2,164.48
Super built-up  Area,Ready To Move,Indiranagar,4 BHK,2761.0,5,2,434.81
Super built-up  Area,Ready To Move,Bellandur,3 BHK,1825.0,4,2,147.05
Carpet  Area,Ready To Move,Electronic City,2 BHK,1400.0,3,1,87.45
Super built-up  Area,Ready To Move,Sarjapur Road,3 BHK,1765.0,4,1,120.71
Built-up  Area,Ready To Move,Jayanagar,2 BHK,1005.0,3,1,136.39
Built-up  Area,Ready To Move,Electronic City,2 BHK,987.0,2,2,43.31
Super built-up  Area,Under Construction,Yelahanka,2 BHK,1033.0,3,2,58.38
Super built-up  Area,Ready To Move,Indiranagar,2 BHK,1330.0,2,2,208.68
Super built-up  Area,Ready To Move,Thanisandra,2 BHK,965.0,2,1,65.11
Built-up  Area,Ready To Move,Thanisandra,2 BHK,1102.0,3,1,82.97
Carpet  Area,Ready To Move,Electronic City,2 BHK,1432.0,3,2,85.46
Super built-up  Area,Ready To Move,Indiranagar,3 BHK,1557.0,4,3,258.83
Plot  Area,Under Construction,Jayanagar,2 BHK,1351.0,2,2,177.05
Super built-up  Area,Ready To Move,Hebbal,3 BHK,1705.0,3,2,131.25
Built-up  Area,Ready To Move,Marathahalli,2 BHK,993.0,2,2,62.68
Super built-up  Area,Under Construction,Hebbal,3 BHK,1273.0,3,1,114.59
Super built-up  Area,Ready To Move,Whitefield,2 BHK,1159.0,2,2,68.14
Super built-up  Area,Ready To Move,Sarjapur Road,3 BHK,1563.0,3,2,98.67
Super built-up  Area,Ready To Move,Marathahalli,3 BHK,2172.0,4,1,134.95
Super built-up  Area,Under Construction,Sarjapur Road,3 BHK,1882.0,3,1,112.75
Built-up  Area,Ready To Move,Jayanagar,2 BHK,930.0,2,1,147.62
Super built-up  Area,Under Construction,Rajaji Nagar,2 BHK,970.0,3,1,104.99
Super built-up  Area,Ready To Move,Sarjapur Road,1 BHK,546.0,2,3,44.09
Super built-up  Area,Under Construction,Whitefield,2 BHK,1036.0,2,2,68.97
Built-up  Area,Under Construction,Thanisandra,2 BHK,1265.0,2,2,82.69
Built-up  Area,Ready To Move,Sarjapur Road,3 BHK,1997.0,3,1,163.86
Built-up  Area,Ready To Move,Yelahanka,2 BHK,1043.0,3,0,81.24
Super built-up  Area,Ready To Move,Hebbal,2 BHK,945.0,3,2,89.32
Super built-up  Area,Under Construction,HSR Layout,3 BHK,2200.0,3,1,198.97
Built-up  Area,Under Construction,Thanisandra,1 BHK,669.0,1,2,51.05
Super built-up  Area,Ready To Move,Sarjapur Road,2 BHK,1135.0,2,0,89.87
Super built-up  Area,Ready To Move,Hebbal,3 BHK,1441.0,4,0,147.76
Super built-up  Area,Under Construction,Sarjapur Road,2 BHK,1090.0,3,2,83.49
Built-up  Area,Ready To Move,Sarjapur Road,3 BHK,1418.0,3,2,111.31
Built-up  Area,Ready To Move,HSR Layout,2 BHK,1543.0,3,1,177.2
Built-up  Area,Ready To Move,Yelahanka,2 BHK,1268.0,2,2,88.23
Super built-up  Area,Ready To Move,Sarjapur Road,4 BHK,2409.0,5,3,140.98
Super built-up  Area,Under Construction,HSR Layout,4 BHK,1937.0,4,0,183.07
Plot  Area,Under Construction,Bellandur,2 BHK,1115.0,2,2,95.52
Super built-up  Area,Ready To Move,Electronic City,3 BHK,1330.0,3,1,68.04
Super built-up  Area,Ready To Move,Electronic City,2 BHK,921.0,3,2,54.99
Super built-up  Area,Under Construction,Marathahalli,2 BHK,1174.0,2,3,76.11
Super built-up  Area,Under Construction,Thanisandra,3 BHK,1957.0,4,1,113.82
Super built-up  Area,Ready To Move,Indiranagar,2 BHK,1111.0,2,1,186.5
Super built-up  Area,Ready To Move,Koramangala,3 BHK,1519.0,4,1,203.7
Super built-up  Area,Ready To Move,Whitefield,3 BHK,1408.0,3,3,89.72
Super built-up  Area,Under Construction,Koramangala,3 BHK,1640.0,3,1,235.39
Plot  Area,Ready To Move,HSR Layout,1 BHK,457.0,2,3,50.67
Super built-up  Area,Under Construction,HSR Layout,3 BHK,1931.0,4,1,183.99
Super built-up  Area,Ready To Move,Sarjapur Road,4 BHK,1873.0,5,2,139.86
Built-up  Area,Under Construction,Whitefield,2 BHK,949.0,2,1,68.63
Carpet  Area,Under Construction,Electronic City,2 BHK,990.0,2,3,65.05
Super built-up  Area,Ready To Move,Marathahalli,4 BHK,2169.0,4,0,117.0
Built-up  Area,Under Construction,Hebbal,2 BHK,1218.0,3,2,111.7
Super built-up  Area,Under Construction,Hebbal,2 BHK,1136.0,3,2,99.75
Super built-up  Area,Under Construction,Whitefield,1 BHK,625.0,2,3,46.64
Super built-up  Area,Ready To Move,Whitefield,1 BHK,569.0,1,2,35.75
Super built-up  Area,Ready To Move,Thanisandra,2 BHK,936.0,2,2,62.42
Built-up  Area,Ready To Move,HSR Layout,2 BHK,1073.0,3,3,125.16
Super built-up  Area,Ready To Move,HSR Layout,2 BHK,1045.0,3,2,117.69
Super built-up  Area,Ready To Move,Electronic City,3 BHK,1984.0,3,2,106.48
Built-up  Area,Ready To Move,Thanisandra,2 BHK,1334.0,3,0,103.13
Super built-up  Area,Ready To Move,Electronic City,2 BHK,976.0,3,0,49.01
Plot  Area,Under Construction,Electronic City,3 BHK,1472.0,3,0,77.9
Plot  Area,Ready To Move,Hebbal,4 BHK,2984.0,4,3,307.38
Super built-up  Area,Ready To Move,Electronic City,2 BHK,1226.0,2,1,59.95
Carpet  Area,Ready To Move,Electronic City,2 BHK,1086.0,2,2,76.33
Super built-up  Area,Ready To Move,Koramangala,2 BHK,1250.0,2,2,168.76
Super built-up  Area,Under Construction,Bellandur,1 BHK,618.0,1,1,53.95
Super built-up  Area,Ready To Move,Yelahanka,3 BHK,1852.0,3,2,116.48
Super built-up  Area,Ready To Move,Hebbal,2 BHK,1200.0,2,2,107.33
Super built-up  Area,Ready To Move,Whitefield,2 BHK,1416.0,3,1,102.26
Super built-up  Area,Ready To Move,Electronic City,1 BHK,430.0,1,1,23.41
Super built-up  Area,Ready To Move,Other,2 BHK,1267.0,2,1,69.72
Super built-up  Area,Ready To Move,Indiranagar,1 BHK,840.0,2,2,125.21
Plot  Area,Ready To Move,Bellandur,3 BHK,1740.0,3,3,179.97
Plot  Area,Ready To Move,Whitefield,4 BHK,2288.0,4,1,169.6
Built-up  Area,Under Construction,HSR Layout,2 BHK,1527.0,2,0,156.73
Built-up  Area,Ready To Move,Whitefield,2 BHK,1068.0,3,1,81.49
Super built-up  Area,Ready To Move,Indiranagar,2 BHK,1484.0,2,0,222.02
Super built-up  Area,Ready To Move,Marathahalli,3 BHK,2287.0,3,1,152.14
Super built-up  Area,Ready To Move,Marathahalli,2 BHK,1321.0,2,0,83.99
Built-up  Area,Ready To Move,HSR Layout,3 BHK,2008.0,4,2,211.25
Super built-up  Area,Ready To Move,Hebbal,2 BHK,1033.0,2,1,112.75
Super built-up  Area,Ready To Move,Marathahalli,1 BHK,546.0,2,0,38.85
Carpet  Area,Ready To Move,Bellandur,2 BHK,922.0,3,1,120.71
Built-up  Area,Ready To Move,Whitefield,1 BHK,690.0,1,0,52.28
Super built-up  Area,Ready To Move,Hebbal,3 BHK,1888.0,3,1,162.1
Super built-up  Area,Under Construction,Electronic City,2 BHK,1279.0,3,1,60.54
Plot  Area,Ready To Move,Hebbal,3 BHK,2197.0,3,1,224.48
Super built-up  Area,Ready To Move,Hebbal,2 BHK,852.0,2,1,87.12
Super built-up  Area,Under Construction,Indiranagar,2 BHK,1112.0,3,2,160.36
Super built-up  Area,Ready To Move,Sarjapur Road,2 BHK,1396.0,3,3,106.86
Super built-up  Area,Ready To Move,Electronic City,2 BHK,1226.0,3,2,59.11
Built-up  Area,Ready To Move,HSR Layout,3 BHK,2285.0,3,1,259.12
Super built-up  Area,Ready To Move,Yelahanka,2 BHK,1236.0,2,1,72.5
Super built-up  Area,Ready To Move,Bellandur,2 BHK,1332.0,2,2,110.34
Super built-up  Area,Under Construction,Sarjapur Road,2 BHK,1464.0,2,1,93.26
Super built-up  Area,Ready To Move,Marathahalli,2 BHK,1226.0,2,1,76.7
Super built-up  Area,Ready To Move,Rajaji Nagar,3 BHK,1307.0,3,2,154.88
Built-up  Area,Ready To Move,Electronic City,4 BHK,2991.0,4,1,150.88
Super built-up  Area,Ready To Move,Whitefield,2 BHK,1373.0,2,1,91.3
Super built-up  Area,Ready To Move,Thanisandra,3 BHK,1665.0,4,2,128.68
Built-up  Area,Ready To Move,Yelahanka,3 BHK,1571.0,4,3,110.41
Super built-up  Area,Ready To Move,Marathahalli,2 BHK,1256.0,3,2,82.99
Super built-up  Area,Ready To Move,Rajaji Nagar,2 BHK,1076.0,3,2,123.89
Built-up  Area,Under Construction,Koramangala,2 BHK,1117.0,3,1,156.27
Super built-up  Area,Ready To Move,HSR Layout,2 BHK,963.0,3,1,89.65
Super built-up  Area,Ready To Move,Whitefield,2 BHK,1059.0,3,1,80.92
Super built-up  Area,Ready To Move,Electronic City,2 BHK,1688.0,3,2,90.26
Carpet  Area,Ready To Move,Hebbal,2 BHK,1301.0,3,2,176.06
Super built-up  Area,Ready To Move,Koramangala,3 BHK,1595.0,4,3,206.54
Super built-up  Area,Under Construction,Indiranagar,1 BHK,580.0,1,1,89.22
Super built-up  Area,Ready To Move,Thanisandra,3 BHK,1587.0,3,2,105.46
Super built-up  Area,Ready To Move,Electronic City,4 BHK,1977.0,4,1,90.02
Super built-up  Area,Under Construction,Indiranagar,3 BHK,1691.0,3,0,217.26
Super built-up  Area,Ready To Move,Whitefield,2 BHK,1067.0,3,1,71.63
Super built-up  Area,Ready To Move,Hebbal,1 BHK,434.0,1,1,39.89
Super built-up  Area,Ready To Move,Thanisandra,2 BHK,1236.0,2,0,78.9
Super built-up  Area,Ready To Move,Bellandur,4 BHK,2697.0,4,3,193.46
Super built-up  Area,Under Construction,Other,3 BHK,1528.0,3,1,78.61
Super built-up  Area,Ready To Move,Electronic City,2 BHK,1421.0,3,1,80.66
Super built-up  Area,Ready To Move,HSR Layout,2 BHK,1232.0,3,1,108.45
Built-up  Area,Ready To Move,Sarjapur Road,3 BHK,1814.0,4,1,148.77
Plot  Area,Ready To Move,Hebbal,3 BHK,1482.0,4,1,146.06
Super built-up  Area,Ready To Move,Jayanagar,4 BHK,2753.0,4,1,343.24
Super built-up  Area,Under Construction,Bellandur,3 BHK,1663.0,3,2,128.49
Super built-up  Area,Ready To Move,Rajaji Nagar,2 BHK,1532.0,2,2,185.64
Super built-up  Area,Ready To Move,Electronic City,3 BHK,2126.0,4,2,125.62
Super built-up  Area,Ready To Move,Jayanagar,4 BHK,2829.0,4,1,358.7
Super built-up  Area,Under Construction,Whitefield,3 BHK,2317.0,3,2,148.94
Built-up  Area,Ready To Move,Rajaji Nagar,2 BHK,1427.0,2,0,174.86
Super built-up  Area,Ready To Move,Sarjapur Road,3 BHK,1697.0,3,2,129.8
Super built-up  Area,Ready To Move,Sarjapur Road,3 BHK,1712.0,3,2,134.24
Built-up  Area,Ready To Move,HSR Layout,2 BHK,879.0,3,2,100.46
Built-up  Area,Ready To Move,Marathahalli,2 BHK,1185.0,3,1,90.44
Super built-up  Area,Under Construction,Whitefield,3 BHK,1496.0,3,1,99.64
Super built-up  Area,Ready To Move,Sarjapur Road,3 BHK,1813.0,3,1,118.82
Super built-up  Area,Ready To Move,Jayanagar,1 BHK,579.0,1,1,85.81
Super built-up  Area,Ready To Move,Sarjapur Road,3 BHK,1777.0,3,1,118.52
Super built-up  Area,Under Construction,Electronic City,2 BHK,1336.0,2,1,62.82
Super built-up  Area,Ready To Move,Hebbal,4 BHK,2254.0,4,3,208.82
Super built-up  Area,Ready To Move,Sarjapur Road,4 BHK,2502.0,5,1,157.63
Built-up  Area,Ready To Move,Rajaji Nagar,2 BHK,922.0,3,1,120.09
Built-up  Area,Ready To Move,Thanisandra,4 BHK,2714.0,4,2,210.03
Super built-up  Area,Ready To Move,HSR Layout,2 BHK,1059.0,2,2,105.8
Super built-up  Area,Ready To Move,Other,3 BHK,1515.0,3,2,90.7
Super built-up  Area,Ready To Move,Hebbal,1 BHK,390.0,2,1,43.87
Super built-up  Area,Ready To Move,Whitefield,2 BHK,1164.0,3,3,83.95
Super built-up  Area,Ready To Move,Electronic City,3 BHK,1376.0,4,2,67.1
Plot  Area,Under Construction,Hebbal,3 BHK,1426.0,3,2,144.19
Built-up  Area,Ready To Move,Electronic City,2 BHK,1463.0,2,3,77.8
Plot  Area,Ready To Move,Marathahalli,2 BHK,1063.0,3,1,77.8
Built-up  Area,Ready To Move,Thanisandra,2 BHK,1192.0,3,3,88.84
Carpet  Area,Ready To Move,Electronic City,3 BHK,1567.0,4,1,95.63
Super built-up  Area,Ready To Move,Indiranagar,2 BHK,1207.0,3,2,169.36
Carpet  Area,Ready To Move,Thanisandra,2 BHK,1238.0,2,1,113.99
Super built-up  Area,Ready To Move,Marathahalli,3 BHK,1522.0,3,1,100.66
Super built-up  Area,Ready To Move,Rajaji Nagar,4 BHK,2325.0,4,0,249.73
Super built-up  Area,Ready To Move,HSR Layout,1 BHK,798.0,2,1,68.75
Carpet  Area,Ready To Move,Thanisandra,3 BHK,1824.0,3,1,154.98
Super built-up  Area,Ready To Move,Indiranagar,3 BHK,1430.0,3,1,205.88
Super built-up  Area,Ready To Move,Indiranagar,2 BHK,1295.0,2,1,199.43
Super built-up  Area,Ready To Move,Whitefield,3 BHK,1680.0,4,1,121.48
Super built-up  Area,Ready To Move,Whitefield,3 BHK,2175.0,4,2,145.69
Super built-up  Area,Ready To Move,HSR Layout,2 BHK,1460.0,2,2,124.85
Built-up  Area,Ready To Move,Electronic City,2 BHK,1402.0,2,1,71.12
Carpet  Area,Under Construction,Whitefield,3 BHK,1500.0,4,1,105.51
Plot  Area,Ready To Move,Thanisandra,2 BHK,1090.0,2,2,84.31
Super built-up  Area,Ready To Move,Whitefield,2 BHK,1334.0,3,1,88.82
Super built-up  Area,Ready To Move,Indiranagar,2 BHK,1015.0,2,2,150.02
Super built-up  Area,Ready To Move,HSR Layout,2 BHK,1205.0,3,2,127.61
Super built-up  Area,Ready To Move,Marathahalli,2 BHK,1123.0,2,2,73.96
Super built-up  Area,Ready To Move,HSR Layout,2 BHK,961.0,2,3,90.35
Built-up  Area,Under Construction,Whitefield,2 BHK,1652.0,2,3,106.71
Super built-up  Area,Ready To Move,Indiranagar,2 BHK,1505.0,2,1,222.02
Plot  Area,Under Construction,Jayanagar,2 BHK,1133.0,3,1,129.89
Plot  Area,Ready To Move,Other,3 BHK,2286.0,3,0,136.56
Super built-up  Area,Ready To Move,Hebbal,3 BHK,1714.0,3,2,147.97
Carpet  Area,Ready To Move,Sarjapur Road,1 BHK,480.0,1,2,44.95
Built-up  Area,Ready To Move,Rajaji Nagar,4 BHK,2049.0,4,1,284.53
Super built-up  Area,Under Construction,Electronic City,3 BHK,1805.0,4,2,85.16
Super built-up  Area,Ready To Move,Koramangala,3 BHK,1978.0,4,3,269.33
Super built-up  Area,Ready To Move,Hebbal,2 BHK,1293.0,2,3,129.08
Super built-up  Area,Ready To Move,Whitefield,2 BHK,1195.0,3,2,80.56
Super built-up  Area,Ready To Move,Sarjapur Road,4 BHK,2921.0,4,3,225.17
Super built-up  Area,Ready To Move,Electronic City,1 BHK,605.0,1,2,31.13
Super built-up  Area,Ready To Move,Bellandur,3 BHK,1699.0,3,3,141.34
Super built-up  Area,Ready To Move,Marathahalli,2 BHK,1003.0,2,1,61.25
Super built-up  Area,Under Construction,Electronic City,3 BHK,1961.0,3,3,92.61
Super built-up  Area,Ready To Move,Yelahanka,2 BHK,1600.0,2,2,94.58
Super built-up  Area,Ready To Move,Whitefield,2 BHK,1247.0,2,2,74.99
Super built-up  Area,Ready To Move,HSR Layout,3 BHK,2195.0,4,1,230.55
Super built-up  Area,Under Construction,Whitefield,1 BHK,561.0,1,1,32.55
Plot  Area,Ready To Move,Marathahalli,1 BHK,460.0,1,2,31.7
Super built-up  Area,Under Construction,Thanisandra,2 BHK,1139.0,2,2,71.73
Super built-up  Area,Ready To Move,Bellandur,2 BHK,1237.0,2,2,90.53
Super built-up  Area,Ready To Move,Yelahanka,1 BHK,743.0,1,1,43.29
Super built-up  Area,Ready To Move,Koramangala,3 BHK,1988.0,3,1,252.14
Super built-up  Area,Under Construction,Marathahalli,3 BHK,1624.0,4,1,103.92
Super built-up  Area,Ready To Move,Thanisandra,4 BHK,1849.0,5,1,106.52
Built-up  Area,Ready To Move,Marathahalli,2 BHK,1203.0,2,2,82.0
Built-up  Area,Ready To Move,HSR Layout,2 BHK,1542.0,2,2,161.32
Super built-up  Area,Ready To Move,Whitefield,3 BHK,1409.0,3,2,87.05
Plot  Area,Ready To Move,HSR Layout,3 BHK,2195.0,3,1,218.62
Super built-up  Area,Under Construction,Whitefield,3 BHK,1562.0,4,1,98.29
Plot  Area,Under Construction,Indiranagar,2 BHK,841.0,2,2,126.38
Super built-up  Area,Under Construction,HSR Layout,3 BHK,2119.0,3,1,185.69
Super built-up  Area,Ready To Move,Koramangala,2 BHK,1040.0,3,2,161.19
Super built-up  Area,Ready To Move,Whitefield,1 BHK,508.0,1,1,34.27
Super built-up  Area,Ready To Move,Electronic City,3 BHK,1734.0,4,2,96.9
Built-up  Area,Ready To Move,HSR Layout,2 BHK,1437.0,3,2,150.39
Super built-up  Area,Under Construction,Marathahalli,2 BHK,1115.0,2,2,59.56
Super built-up  Area,Ready To Move,Sarjapur Road,3 BHK,1486.0,3,3,116.74
Super built-up  Area,Under Construction,Hebbal,3 BHK,1719.0,3,2,168.32
Super built-up  Area,Under Construction,Thanisandra,3 BHK,1866.0,3,1,130.74
Super built-up  Area,Ready To Move,Koramangala,2 BHK,961.0,2,2,133.2
Carpet  Area,Ready To Move,Sarjapur Road,1 BHK,625.0,1,1,57.03
Plot  Area,Ready To Move,Hebbal,2 BHK,989.0,2,0,108.42
Super built-up  Area,Ready To Move,Electronic City,3 BHK,1350.0,4,1,68.92
Super built-up  Area,Ready To Move,Marathahalli,2 BHK,987.0,3,1,73.73
Super built-up  Area,Under Construction,Whitefield,2 BHK,1213.0,2,2,65.43
Built-up  Area,Ready To Move,Sarjapur Road,2 BHK,1259.0,3,1,96.08
Plot  Area,Ready To Move,Whitefield,1 BHK,532.0,1,1,37.62
Super built-up  Area,Ready To Move,Electronic City,3 BHK,1374.0,3,2,69.14
Built-up  Area,Under Construction,Yelahanka,2 BHK,1319.0,2,2,79.92
Super built-up  Area,Ready To Move,Electronic City,3 BHK,1903.0,3,2,104.64
Super built-up  Area,Ready To Move,Whitefield,2 BHK,1129.0,2,3,79.55
Plot  Area,Ready To Move,Hebbal,2 BHK,1117.0,3,1,122.05
Super built-up  Area,Ready To Move,Whitefield,4 BHK,2484.0,4,2,176.65
Super built-up  Area,Ready To Move,Whitefield,3 BHK,1416.0,3,0,106.99
Built-up  Area,Ready To Move,Yelahanka,3 BHK,1578.0,3,2,104.03
Super built-up  Area,Ready To Move,Thanisandra,3 BHK,2020.0,3,1,118.49
Super built-up  Area,Under Construction,Rajaji Nagar,2 BHK,1221.0,2,2,147.79
Plot  Area,Ready To Move,Jayanagar,2 BHK,1223.0,3,0,206.91
Built-up  Area,Ready To Move,Bellandur,2 BHK,1323.0,2,1,113.57
Built-up  Area,Ready To Move,Whitefield,3 BHK,1593.0,4,2,116.69
Super built-up  Area,Ready To Move,Yelahanka,2 BHK,1098.0,3,2,74.86
Super built-up  Area,Ready To Move,Jayanagar,2 BHK,1321.0,2,0,158.81
Carpet  Area,Ready To Move,Yelahanka,3 BHK,1826.0,4,2,145.99
Super built-up  Area,Under Construction,HSR Layout,2 BHK,1351.0,2,1,108.63
Super built-up  Area,Ready To Move,Electronic City,2 BHK,1490.0,2,2,80.74
Super built-up  Area,Ready To Move,Jayanagar,1 BHK,553.0,1,1,78.84
Super built-up  Area,Ready To Move,Thanisandra,3 BHK,1650.0,4,2,122.04
Super built-up  Area,Ready To Move,Other,4 BHK,2225.0,4,2,128.65
Plot  Area,Under Construction,Electronic City,2 BHK,1367.0,2,1,75.21
Carpet  Area,Ready To Move,Electronic City,2 BHK,1333.0,2,1,90.72
Super built-up  Area,Ready To Move,Electronic City,2 BHK,1313.0,2,1,64.8
Built-up  Area,Ready To Move,Yelahanka,2 BHK,1254.0,2,1,73.36
Plot  Area,Under Construction,Electronic City,2 BHK,996.0,2,3,63.21
Built-up  Area,Ready To Move,Whitefield,2 BHK,877.0,3,1,66.29
Super built-up  Area,Ready To Move,Other,3 BHK,2128.0,3,2,124.37
Super built-up  Area,Ready To Move,Whitefield,2 BHK,974.0,2,0,62.69
Super built-up  Area,Under Construction,Yelahanka,3 BHK,1919.0,3,1,114.8
Super built-up  Area,Under Construction,Sarjapur Road,2 BHK,1371.0,2,2,89.93
Super built-up  Area,Ready To Move,Jayanagar,2 BHK,901.0,3,1,131.58
Super built-up  Area,Under Construction,Indiranagar,2 BHK,934.0,3,1,141.67
Super built-up  Area,Ready To Move,Rajaji Nagar,3 BHK,1683.0,3,2,183.87
Super built-up  Area,Ready To Move,Marathahalli,3 BHK,1534.0,3,2,101.5
Super built-up  Area,Ready To Move,Whitefield,2 BHK,1014.0,3,1,60.47
Super built-up  Area,Under Construction,Whitefield,2 BHK,1334.0,3,2,91.03
Built-up  Area,Ready To Move,Electronic City,3 BHK,2339.0,3,2,144.0
Super built-up  Area,Ready To Move,Bellandur,3 BHK,1799.0,3,2,150.55
Built-up  Area,Ready To Move,Rajaji Nagar,3 BHK,1508.0,3,2,193.96
Carpet  Area,Under Construction,Hebbal,2 BHK,1234.0,3,1,122.58
Built-up  Area,Ready To Move,Koramangala,3 BHK,2205.0,3,1,313.65
Built-up  Area,Ready To Move,Electronic City,2 BHK,843.0,3,1,49.35
Plot  Area,Ready To Move,Yelahanka,2 BHK,984.0,3,2,68.22
Super built-up  Area,Ready To Move,Marathahalli,2 BHK,1213.0,3,2,88.69
Carpet  Area,Ready To Move,Electronic City,2 BHK,1243.0,2,2,89.3
Built-up  Area,Ready To Move,HSR Layout,2 BHK,1045.0,3,2,106.87
Built-up  Area,Under Construction,Whitefield,1 BHK,478.0,1,2,32.09
Super built-up  Area,Ready To Move,Indiranagar,2 BHK,1165.0,2,2,181.47
Super built-up  Area,Ready To Move,HSR Layout,3 BHK,1433.0,3,3,105.66
Built-up  Area,Ready To Move,Whitefield,4 BHK,1731.0,4,2,132.44
Super built-up  Area,Ready To Move,Hebbal,1 BHK,621.0,1,2,58.1
Built-up  Area,Ready To Move,Sarjapur Road,2 BHK,1497.0,2,2,104.68
Super built-up  Area,Under Construction,HSR Layout,2 BHK,1255.0,3,2,115.57
Super built-up  Area,Ready To Move,Indiranagar,2 BHK,1190.0,2,1,143.76
Super built-up  Area,Under Construction,Whitefield,1 BHK,718.0,1,1,46.59
Super built-up  Area,Ready To Move,Thanisandra,2 BHK,1233.0,2,2,77.0
Super built-up  Area,Under Construction,Thanisandra,2 BHK,1143.0,2,2,69.99
Super built-up  Area,Ready To Move,Sarjapur Road,3 BHK,1778.0,3,1,122.08
Super built-up  Area,Ready To Move,Whitefield,5 BHK,2573.0,5,2,191.78
Super built-up  Area,Ready To Move,Thanisandra,3 BHK,1798.0,3,1,118.68
Super built-up  Area,Under Construction,Marathahalli,2 BHK,1596.0,2,1,88.07
Plot  Area,Ready To Move,Electronic City,3 BHK,1562.0,4,3,99.45
Built-up  Area,Ready To Move,Sarjapur Road,2 BHK,872.0,2,2,72.88
Built-up  Area,Ready To Move,Electronic City,2 BHK,1182.0,3,0,62.67
Super built-up  Area,Under Construction,Indiranagar,4 BHK,2879.0,4,3,435.35
Super built-up  Area,Ready To Move,Electronic City,3 BHK,1463.0,4,1,71.42
Super built-up  Area,Ready To Move,Sarjapur Road,3 BHK,1677.0,3,2,125.35
Carpet  Area,Under Construction,Bellandur,1 BHK,591.0,1,2,55.58
Built-up  Area,Under Construction,Indiranagar,3 BHK,1530.0,3,1,244.78
Super built-up  Area,Ready To Move,Sarjapur Road,3 BHK,1464.0,3,2,105.76
Plot  Area,Under Construction,Hebbal,2 BHK,1283.0,2,1,127.9
Super built-up  Area,Ready To Move,Indiranagar,2 BHK,1336.0,2,2,199.11
Super built-up  Area,Ready To Move,Whitefield,1 BHK,512.0,2,2,41.75
Built-up  Area,Ready To Move,Whitefield,1 BHK,699.0,1,1,52.13
Super built-up  Area,Ready To Move,Rajaji Nagar,3 BHK,2037.0,3,2,244.25
Super built-up  Area,Under Construction,Whitefield,2 BHK,1118.0,3,1,70.17
Built-up  Area,Under Construction,Bellandur,4 BHK,1962.0,4,1,151.23
Super built-up  Area,Ready To Move,Marathahalli,3 BHK,1661.0,3,2,108.04
Super built-up  Area,Ready To Move,Electronic City,2 BHK,1133.0,3,3,62.93
Plot  Area,Ready To Move,Sarjapur Road,2 BHK,954.0,2,1,68.65
Super built-up  Area,Ready To Move,Indiranagar,2 BHK,1051.0,3,2,160.7
Super built-up  Area,Ready To Move,Rajaji Nagar,1 BHK,701.0,2,3,93.34
Super built-up  Area,Under Construction,Marathahalli,1 BHK,781.0,2,2,46.41
Super built-up  Area,Ready To Move,Thanisandra,2 BHK,1103.0,2,2,74.95
Super built-up  Area,Ready To Move,Whitefield,4 BHK,2107.0,4,1,138.73
Super built-up  Area,Ready To Move,Bellandur,3 BHK,2362.0,4,2,214.22
Super built-up  Area,Ready To Move,Hebbal,3 BHK,2109.0,4,1,200.58
Super built-up  Area,Ready To Move,Hebbal,3 BHK,1399.0,4,3,127.7
Built-up  Area,Ready To Move,Whitefield,3 BHK,2060.0,4,3,143.63
Plot  Area,Ready To Move,Electronic City,2 BHK,1090.0,2,2,65.4
Built-up  Area,Ready To Move,Yelahanka,2 BHK,1285.0,2,1,83.57
Super built-up  Area,Ready To Move,Hebbal,3 BHK,1621.0,3,3,144.25
Super built-up  Area,Ready To Move,Sarjapur Road,4 BHK,2340.0,4,1,153.02
Built-up  Area,Ready To Move,Sarjapur Road,1 BHK,556.0,1,1,41.71
Super built-up  Area,Under Construction,Jayanagar,2 BHK,1235.0,3,1,157.62
Super built-up  Area,Ready To Move,Thanisandra,2 BHK,920.0,2,2,59.17
Built-up  Area,Ready To Move,Electronic City,1 BHK,520.0,2,3,34.26
Super built-up  Area,Ready To Move,Whitefield,2 BHK,877.0,3,3,66.02
Super built-up  Area,Ready To Move,Electronic City,2 BHK,1199.0,2,2,64.33
Plot  Area,Ready To Move,Marathahalli,4 BHK,2862.0,5,0,187.4
Plot  Area,Ready To Move,Indiranagar,3 BHK,2226.0,4,3,356.75
Super built-up  Area,Under Construction,HSR Layout,4 BHK,1987.0,5,2,192.72
Super built-up  Area,Ready To Move,Indiranagar,2 BHK,1334.0,2,1,200.92
Super built-up  Area,Ready To Move,Sarjapur Road,1 BHK,682.0,1,0,39.38
Built-up  Area,Ready To Move,Yelahanka,1 BHK,469.0,1,1,39.48
Super built-up  Area,Ready To Move,HSR Layout,3 BHK,1620.0,3,1,159.44
Super built-up  Area,Ready To Move,Whitefield,2 BHK,1423.0,2,2,97.86
Carpet  Area,Under Construction,Whitefield,2 BHK,1190.0,3,3,85.5
Super built-up  Area,Ready To Move,HSR Layout,2 BHK,962.0,3,2,96.25
Plot  Area,Under Construction,Marathahalli,1 BHK,630.0,1,2,43.11
Carpet  Area,Ready To Move,Sarjapur Road,1 BHK,671.0,1,1,61.82
Super built-up  Area,Ready To Move,Jayanagar,3 BHK,1457.0,4,1,188.27
Built-up  Area,Ready To Move,Thanisandra,2 BHK,1195.0,2,1,82.56
Super built-up  Area,Ready To Move,Electronic City,2 BHK,1362.0,2,0,63.16
Built-up  Area,Ready To Move,Whitefield,2 BHK,1476.0,2,3,109.38
Built-up  Area,Ready To Move,Whitefield,3 BHK,1460.0,3,0,108.95
Super built-up  Area,Under Construction,Thanisandra,2 BHK,952.0,2,2,58.28
Built-up  Area,Under Construction,Electronic City,4 BHK,1669.0,4,1,85.12
Built-up  Area,Ready To Move,Sarjapur Road,2 BHK,1218.0,3,2,105.19
Super built-up  Area,Ready To Move,HSR Layout,2 BHK,1397.0,3,3,136.83
Super built-up  Area,Ready To Move,Thanisandra,2 BHK,1090.0,2,2,73.95
Super built-up  Area,Ready To Move,Whitefield,2 BHK,1607.0,3,0,104.77
Super built-up  Area,Under Construction,Hebbal,3 BHK,2231.0,4,2,189.33
Carpet  Area,Ready To Move,HSR Layout,4 BHK,2455.0,5,1,306.94
Built-up  Area,Ready To Move,HSR Layout,3 BHK,2126.0,4,2,231.29
Super built-up  Area,Ready To Move,Yelahanka,2 BHK,877.0,3,2,62.63
Super built-up  Area,Ready To Move,Electronic City,2 BHK,1464.0,2,3,76.1
Super built-up  Area,Ready To Move,Yelahanka,3 BHK,1636.0,3,1,96.6
Super built-up  Area,Under Construction,Bellandur,2 BHK,1217.0,3,1,76.47
Super built-up  Area,Ready To Move,Indiranagar,3 BHK,1810.0,3,1,258.31
Super built-up  Area,Ready To Move,Bellandur,5 BHK,2594.0,5,1,201.61
Super built-up  Area,Ready To Move,Hebbal,2 BHK,1039.0,2,1,84.01
Carpet  Area,Ready To Move,Whitefield,2 BHK,1235.0,3,2,92.89
Super built-up  Area,Ready To Move,Bellandur,3 BHK,1729.0,4,1,133.06
Super built-up  Area,Under Construction,HSR Layout,2 BHK,1050.0,3,1,85.36
Super built-up  Area,Under Construction,Koramangala,2 BHK,1123.0,2,0,151.66
Carpet  Area,Ready To Move,Sarjapur Road,2 BHK,1282.0,2,2,100.79
Built-up  Area,Under Construction,Rajaji Nagar,2 BHK,1189.0,2,1,126.67
Plot  Area,Ready To Move,Indiranagar,3 BHK,1278.0,4,2,207.49
Super built-up  Area,Under Construction,Whitefield,2 BHK,1233.0,2,2,75.43
Super built-up  Area,Ready To Move,Hebbal,3 BHK,1834.0,3,1,168.75
Super built-up  Area,Ready To Move,Thanisandra,3 BHK,1865.0,3,1,133.33
Super built-up  Area,Under Construction,Yelahanka,2 BHK,1131.0,2,2,72.62
Built-up  Area,Ready To Move,HSR Layout,3 BHK,2204.0,4,2,230.49
Plot  Area,Under Construction,Rajaji Nagar,2 BHK,1401.0,3,1,214.59
Super built-up  Area,Ready To Move,Electronic City,3 BHK,1464.0,4,1,80.09
Super built-up  Area,Under Construction,Hebbal,3 BHK,1761.0,3,2,137.7
Built-up  Area,Ready To Move,Rajaji Nagar,2 BHK,990.0,2,2,120.42
Super built-up  Area,Ready To Move,Rajaji Nagar,3 BHK,1608.0,4,1,189.43
Super built-up  Area,Ready To Move,Bellandur,2 BHK,1122.0,3,2,95.65
Built-up  Area,Ready To Move,Jayanagar,3 BHK,1346.0,3,2,203.66
Super built-up  Area,Under Construction,Whitefield,3 BHK,1777.0,3,2,103.78
Built-up  Area,Ready To Move,Jayanagar,3 BHK,1495.0,3,0,238.11
Super built-up  Area,Under Construction,Sarjapur Road,2 BHK,1001.0,3,0,66.13
Plot  Area,Ready To Move,Electronic City,3 BHK,1749.0,3,2,103.94
Built-up  Area,Under Construction,Electronic City,3 BHK,1704.0,3,2,94.0
Plot  Area,Ready To Move,Hebbal,2 BHK,1555.0,2,2,172.14
Super built-up  Area,Ready To Move,Electronic City,2 BHK,1106.0,3,1,59.36
Super built-up  Area,Ready To Move,Sarjapur Road,2 BHK,1359.0,2,2,107.03
Super built-up  Area,Under Construction,Whitefield,1 BHK,604.0,1,2,37.6
Super built-up  Area,Ready To Move,Sarjapur Road,2 BHK,1068.0,3,2,74.93
Plot  Area,Ready To Move,Indiranagar,1 BHK,452.0,1,2,75.76
Super built-up  Area,Ready To Move,Hebbal,3 BHK,1521.0,3,2,132.72
Built-up  Area,Ready To Move,Sarjapur Road,3 BHK,2161.0,3,2,168.79
Super built-up  Area,Under Construction,Thanisandra,3 BHK,2060.0,4,2,147.89
Super built-up  Area,Ready To Move,Rajaji Nagar,3 BHK,1608.0,3,2,176.63
Plot  Area,Ready To Move,Thanisandra,2 BHK,1119.0,2,1,92.43
Super built-up  Area,Under Construction,Sarjapur Road,2 BHK,1265.0,2,0,76.34
Built-up  Area,Ready To Move,Thanisandra,3 BHK,1801.0,3,2,123.52
Super built-up  Area,Under Construction,Electronic City,3 BHK,1597.0,3,1,72.75
Plot  Area,Ready To Move,Whitefield,1 BHK,628.0,1,1,46.55
Super built-up  Area,Under Construction,Sarjapur Road,2 BHK,1042.0,3,2,69.79
Built-up  Area,Ready To Move,Yelahanka,1 BHK,599.0,1,1,41.68
Super built-up  Area,Ready To Move,Electronic City,2 BHK,1422.0,2,2,74.86
Super built-up  Area,Ready To Move,Whitefield,2 BHK,1244.0,3,1,76.87
Plot  Area,Ready To Move,Whitefield,3 BHK,1783.0,3,0,136.71
Plot  Area,Ready To Move,Jayanagar,3 BHK,2135.0,4,1,321.83
Super built-up  Area,Ready To Move,Koramangala,2 BHK,1263.0,3,1,183.03
Super built-up  Area,Ready To Move,Electronic City,2 BHK,933.0,3,1,46.24
Super built-up  Area,Ready To Move,Indiranagar,3 BHK,1626.0,3,2,256.45
Super built-up  Area,Under Construction,HSR Layout,2 BHK,1068.0,2,1,96.6
Built-up  Area,Ready To Move,Bellandur,3 BHK,1648.0,3,1,156.21
Super built-up  Area,Ready To Move,Electronic City,2 BHK,1220.0,2,1,61.52
Super built-up  Area,Ready To Move,Jayanagar,2 BHK,1213.0,2,2,175.12
Built-up  Area,Ready To Move,Sarjapur Road,1 BHK,735.0,1,2,56.01
Super built-up  Area,Ready To Move,Bellandur,3 BHK,2362.0,3,3,177.26
Built-up  Area,Under Construction,Whitefield,1 BHK,587.0,1,2,35.69
Carpet  Area,Under Construction,Sarjapur Road,2 BHK,808.0,2,1,70.34
Super built-up  Area,Ready To Move,Sarjapur Road,2 BHK,1010.0,3,2,74.64
Built-up  Area,Ready To Move,HSR Layout,3 BHK,2126.0,3,1,234.22
Super built-up  Area,Ready To Move,Whitefield,3 BHK,1831.0,3,2,120.94
Super built-up  Area,Ready To Move,Yelahanka,1 BHK,634.0,1,2,40.29
Super built-up  Area,Ready To Move,Electronic City,1 BHK,675.0,2,0,33.4
Super built-up  Area,Under Construction,Bellandur,3 BHK,1921.0,3,2,129.45
Super built-up  Area,Ready To Move,Yelahanka,3 BHK,1870.0,4,0,118.5
Super built-up  Area,Under Construction,Indiranagar,3 BHK,1843.0,3,2,261.41
Plot  Area,Ready To Move,Thanisandra,3 BHK,1928.0,4,1,151.36
Built-up  Area,Ready To Move,Bellandur,3 BHK,2195.0,3,2,194.2
Carpet  Area,Under Construction,Sarjapur Road,2 BHK,998.0,3,2,79.0
Super built-up  Area,Ready To Move,Yelahanka,2 BHK,984.0,3,0,62.33
Super built-up  Area,Ready To Move,Sarjapur Road,3 BHK,1965.0,3,2,114.56
Super built-up  Area,Ready To Move,Indiranagar,2 BHK,1313.0,3,2,210.84
Super built-up  Area,Ready To Move,Thanisandra,2 BHK,1135.0,2,3,73.03
Super built-up  Area,Ready To Move,Sarjapur Road,3 BHK,2087.0,3,2,139.84
Built-up  Area,Ready To Move,Sarjapur Road,2 BHK,849.0,3,0,60.08
Super built-up  Area,Ready To Move,Hebbal,3 BHK,2125.0,3,2,202.61
Super built-up  Area,Under Construction,Yelahanka,2 BHK,1612.0,3,3,93.02
Super built-up  Area,Ready To Move,Marathahalli,1 BHK,558.0,1,2,36.26
Super built-up  Area,Ready To Move,HSR Layout,1 BHK,445.0,1,3,41.53
Super built-up  Area,Ready To Move,Bellandur,4 BHK,2816.0,5,1,215.36
Super built-up  Area,Ready To Move,Rajaji Nagar,4 BHK,2332.0,4,2,270.9
Built-up  Area,Ready To Move,Whitefield,2 BHK,1057.0,2,0,83.69
Super built-up  Area,Ready To Move,Electronic City,2 BHK,1172.0,2,2,70.71
Built-up  Area,Ready To Move,Bellandur,1 BHK,733.0,1,2,64.95
Super built-up  Area,Ready To Move,Yelahanka,2 BHK,1245.0,2,1,85.04
Super built-up  Area,Under Construction,Jayanagar,2 BHK,905.0,2,0,122.93
Built-up  Area,Under Construction,Hebbal,2 BHK,895.0,3,1,84.79
Super built-up  Area,Ready To Move,Whitefield,3 BHK,1523.0,3,3,104.12
Super built-up  Area,Ready To Move,Hebbal,3 BHK,1477.0,3,0,130.03
Plot  Area,Ready To Move,Electronic City,1 BHK,713.0,1,3,44.86
Super built-up  Area,Ready To Move,Sarjapur Road,3 BHK,1762.0,3,1,120.87
Super built-up  Area,Ready To Move,Thanisandra,2 BHK,1270.0,3,2,80.16
Built-up  Area,Under Construction,Whitefield,2 BHK,978.0,2,1,69.42
Built-up  Area,Ready To Move,Yelahanka,3 BHK,2031.0,3,1,130.41
Super built-up  Area,Under Construction,Hebbal,1 BHK,518.0,2,2,47.78
Super built-up  Area,Ready To Move,Indiranagar,2 BHK,1312.0,2,2,174.72
Plot  Area,Ready To Move,Whitefield,2 BHK,1423.0,3,1,120.05
Super built-up  Area,Ready To Move,Sarjapur Road,4 BHK,2963.0,4,2,230.31
Super built-up  Area,Ready To Move,Whitefield,3 BHK,2115.0,4,2,145.78
Super built-up  Area,Ready To Move,Marathahalli,2 BHK,1250.0,2,2,85.68
Plot  Area,Ready To Move,Yelahanka,3 BHK,1458.0,3,1,111.28
Super built-up  Area,Ready To Move,Hebbal,2 BHK,1266.0,3,2,106.76
Built-up  Area,Under Construction,Electronic City,4 BHK,2943.0,5,2,137.57
Super built-up  Area,Under Construction,Marathahalli,3 BHK,1638.0,3,1,98.17
Super built-up  Area,Ready To Move,Sarjapur Road,2 BHK,1187.0,2,2,90.86
Built-up  Area,Ready To Move,Electronic City,3 BHK,1771.0,3,3,98.67
Carpet  Area,Under Construction,Indiranagar,3 BHK,1906.0,4,1,308.19
Super built-up  Area,Under Construction,Marathahalli,3 BHK,2007.0,4,1,118.13
Super built-up  Area,Ready To Move,Whitefield,3 BHK,1990.0,3,3,119.68
Plot  Area,Under Construction,Electronic City,2 BHK,1376.0,2,3,73.1
Built-up  Area,Ready To Move,Marathahalli,2 BHK,1212.0,3,1,78.89
Super built-up  Area,Ready To Move,Electronic City,1 BHK,596.0,1,1,29.63
Super built-up  Area,Ready To Move,Whitefield,2 BHK,1148.0,2,0,77.06
Built-up  Area,Ready To Move,Indiranagar,2 BHK,1098.0,2,3,189.56
Built-up  Area,Under Construction,Jayanagar,1 BHK,614.0,1,0,81.94
Plot  Area,Ready To Move,Hebbal,2 BHK,1112.0,3,1,130.9
Super built-up  Area,Ready To Move,Other,3 BHK,1735.0,3,1,78.67
Super built-up  Area,Under Construction,Bellandur,3 BHK,2267.0,4,1,172.59
Super built-up  Area,Under Construction,Whitefield,1 BHK,619.0,1,0,35.68
Super built-up  Area,Ready To Move,Other,1 BHK,644.0,2,2,39.73
Super built-up  Area,Ready To Move,Hebbal,2 BHK,1210.0,2,2,110.4
Super built-up  Area,Ready To Move,Electronic City,3 BHK,1660.0,4,1,86.87
Super built-up  Area,Ready To Move,Indiranagar,2 BHK,1234.0,2,1,194.75
Super built-up  Area,Ready To Move,Sarjapur Road,5 BHK,3005.0,5,1,240.45
Built-up  Area,Ready To Move,Whitefield,3 BHK,2077.0,3,3,156.44
Built-up  Area,Ready To Move,Whitefield,3 BHK,2125.0,4,1,142.39
Super built-up  Area,Under Construction,Hebbal,2 BHK,1196.0,2,1,91.61
Super built-up  Area,Under Construction,Yelahanka,2 BHK,980.0,2,2,60.3
Super built-up  Area,Ready To Move,Indiranagar,5 BHK,2578.0,6,0,379.51
Built-up  Area,Ready To Move,Other,2 BHK,1088.0,3,1,85.1
Super built-up  Area,Under Construction,Electronic City,2 BHK,1333.0,2,1,57.22
Built-up  Area,Ready To Move,Electronic City,2 BHK,1085.0,2,1,57.69
Super built-up  Area,Ready To Move,Electronic City,2 BHK,1348.0,2,2,72.87
Super built-up  Area,Ready To Move,Electronic City,3 BHK,1454.0,3,0,64.74
Built-up  Area,Ready To Move,Electronic City,2 BHK,1388.0,2,2,72.05
Super built-up  Area,Ready To Move,Yelahanka,3 BHK,1576.0,3,1,103.04
Super built-up  Area,Ready To Move,Rajaji Nagar,3 BHK,1666.0,4,1,200.7
Super built-up  Area,Ready To Move,Other,2 BHK,1391.0,2,1,91.86
Super built-up  Area,Under Construction,Electronic City,3 BHK,1315.0,3,2,68.54
Super built-up  Area,Under Construction,Rajaji Nagar,4 BHK,2043.0,4,3,242.36
Super built-up  Area,Under Construction,Sarjapur Road,4 BHK,2321.0,4,1,128.17
Built-up  Area,Under Construction,Whitefield,3 BHK,1543.0,4,1,90.09
Built-up  Area,Ready To Move,Jayanagar,2 BHK,1253.0,3,2,205.97
Built-up  Area,Ready To Move,Koramangala,2 BHK,1191.0,3,0,171.89
Super built-up  Area,Ready To Move,Electronic City,1 BHK,592.0,2,3,37.38
Super built-up  Area,Ready To Move,Hebbal,2 BHK,1024.0,3,2,90.13
Super built-up  Area,Ready To Move,Electronic City,2 BHK,1099.0,3,2,58.17
Super built-up  Area,Ready To Move,Thanisandra,2 BHK,1097.0,2,2,74.82
Super built-up  Area,Under Construction,Hebbal,2 BHK,1469.0,2,2,130.07
Plot  Area,Ready To Move,Other,1 BHK,802.0,2,0,51.48
Super built-up  Area,Ready To Move,Whitefield,2 BHK,1004.0,2,1,66.37
Plot  Area,Ready To Move,Sarjapur Road,2 BHK,1326.0,3,2,109.73
Super built-up  Area,Ready To Move,HSR Layout,3 BHK,1672.0,3,1,150.78
Super built-up  Area,Under Construction,HSR Layout,2 BHK,931.0,2,1,85.67
Super built-up  Area,Ready To Move,Sarjapur Road,3 BHK,1363.0,4,3,108.65
Super built-up  Area,Ready To Move,Thanisandra,3 BHK,1340.0,3,2,86.24
Super built-up  Area,Under Construction,Jayanagar,1 BHK,653.0,1,1,75.62
Plot  Area,Ready To Move,Marathahalli,5 BHK,3020.0,6,3,185.57
Built-up  Area,Ready To Move,Yelahanka,3 BHK,1856.0,3,2,120.92
Built-up  Area,Ready To Move,Jayanagar,1 BHK,760.0,2,1,96.61
Super built-up  Area,Ready To Move,Indiranagar,2 BHK,880.0,2,2,139.99
Plot  Area,Ready To Move,Yelahanka,3 BHK,2062.0,3,1,133.57
Built-up  Area,Under Construction,Sarjapur Road,2 BHK,984.0,3,2,80.0
Super built-up  Area,Under Construction,Sarjapur Road,2 BHK,1313.0,2,2,82.29
Built-up  Area,Ready To Move,Sarjapur Road,4 BHK,2161.0,4,2,154.97
Super built-up  Area,Ready To Move,Hebbal,3 BHK,1825.0,3,1,173.51
Super built-up  Area,Under Construction,Electronic City,3 BHK,1491.0,3,0,72.01
Super built-up  Area,Ready To Move,Marathahalli,3 BHK,2152.0,4,2,129.75
Super built-up  Area,Under Construction,Sarjapur Road,3 BHK,1833.0,3,1,107.29
Super built-up  Area,Ready To Move,Whitefield,2 BHK,1012.0,2,0,67.45
Super built-up  Area,Ready To Move,HSR Layout,2 BHK,1319.0,2,1,109.8
Built-up  Area,Ready To Move,Whitefield,3 BHK,1571.0,4,1,119.33
Carpet  Area,Ready To Move,Whitefield,2 BHK,1245.0,2,1,100.95
Carpet  Area,Ready To Move,Electronic City,2 BHK,1112.0,2,2,77.71
Super built-up  Area,Under Construction,Hebbal,2 BHK,1217.0,2,2,105.89
Super built-up  Area,Ready To Move,Hebbal,2 BHK,1197.0,2,2,122.8
Super built-up  Area,Under Construction,Yelahanka,1 BHK,570.0,2,1,27.38
Built-up  Area,Ready To Move,Thanisandra,3 BHK,2225.0,3,1,143.42
Super built-up  Area,Ready To Move,Hebbal,3 BHK,2130.0,4,1,186.91
Super built-up  Area,Under Construction,Sarjapur Road,2 BHK,1434.0,2,1,90.65
Built-up  Area,Under Construction,Sarjapur Road,3 BHK,2040.0,3,2,139.91
Super built-up  Area,Under Construction,Thanisandra,3 BHK,1328.0,4,2,87.26
Super built-up  Area,Under Construction,Whitefield,2 BHK,1382.0,2,3,92.05
Built-up  Area,Ready To Move,Whitefield,2 BHK,1013.0,2,1,71.23
Super built-up  Area,Under Construction,Yelahanka,2 BHK,966.0,3,3,67.83
Super built-up  Area,Ready To Move,Hebbal,3 BHK,1961.0,3,0,166.73
Super built-up  Area,Ready To Move,Whitefield,2 BHK,1433.0,2,1,80.41
Super built-up  Area,Ready To Move,Electronic City,2 BHK,1161.0,3,1,69.53
Super built-up  Area,Under Construction,Marathahalli,1 BHK,481.0,2,1,31.91
Built-up  Area,Ready To Move,Jayanagar,3 BHK,1686.0,4,2,267.58
Super built-up  Area,Ready To Move,Bellandur,3 BHK,2133.0,3,2,181.57
Built-up  Area,Ready To Move,HSR Layout,2 BHK,962.0,2,2,100.18
Super built-up  Area,Ready To Move,HSR Layout,4 BHK,2639.0,4,2,240.97
Super built-up  Area,Under Construction,Other,2 BHK,1308.0,3,2,71.28
Built-up  Area,Ready To Move,Marathahalli,3 BHK,2072.0,4,2,150.52
Built-up  Area,Ready To Move,Electronic City,2 BHK,1445.0,2,2,88.47
Super built-up  Area,Ready To Move,Yelahanka,2 BHK,1471.0,3,1,96.15
Plot  Area,Ready To Move,Electronic City,3 BHK,1547.0,3,2,86.56
Super built-up  Area,Ready To Move,Electronic City,3 BHK,1439.0,4,1,67.95
Super built-up  Area,Ready To Move,Bellandur,2 BHK,1376.0,3,1,110.09
Plot  Area,Ready To Move,Hebbal,1 BHK,618.0,2,2,61.97
Super built-up  Area,Ready To Move,Marathahalli,2 BHK,1109.0,2,2,68.18
Super built-up  Area,Under Construction,Whitefield,3 BHK,1972.0,3,1,112.91
Super built-up  Area,Under Construction,HSR Layout,1 BHK,631.0,1,1,57.98
Super built-up  Area,Ready To Move,Rajaji Nagar,3 BHK,1974.0,3,0,263.97
Super built-up  Area,Ready To Move,Rajaji Nagar,3 BHK,2219.0,3,2,207.74
Super built-up  Area,Under Construction,Electronic City,2 BHK,1337.0,2,0,59.58
Super built-up  Area,Ready To Move,Sarjapur Road,3 BHK,1972.0,3,1,144.4
Super built-up  Area,Ready To Move,Koramangala,1 BHK,699.0,1,1,104.65
Super built-up  Area,Ready To Move,Electronic City,3 BHK,1697.0,3,2,82.48
Super built-up  Area,Under Construction,Marathahalli,3 BHK,1445.0,3,2,97.16
Super built-up  Area,Ready To Move,Rajaji Nagar,2 BHK,1034.0,3,0,125.5
Plot  Area,Ready To Move,Electronic City,2 BHK,1165.0,2,2,65.85
Built-up  Area,Ready To Move,Whitefield,4 BHK,2197.0,4,1,160.96
Built-up  Area,Ready To Move,Whitefield,1 BHK,617.0,1,0,42.81
Super built-up  Area,Ready To Move,Rajaji Nagar,2 BHK,1180.0,2,1,113.63
Super built-up  Area,Ready To Move,Electronic City,2 BHK,1327.0,2,0,64.56
Super built-up  Area,Under Construction,Hebbal,2 BHK,1022.0,2,2,88.29
Built-up  Area,Ready To Move,Hebbal,2 BHK,1319.0,2,0,128.72
Super built-up  Area,Ready To Move,Indiranagar,2 BHK,1142.0,2,1,180.62
Built-up  Area,Ready To Move,Whitefield,2 BHK,1256.0,2,3,98.99
Carpet  Area,Ready To Move,Electronic City,3 BHK,1719.0,3,0,115.96
Super built-up  Area,Under Construction,Marathahalli,1 BHK,579.0,1,3,44.99
Super built-up  Area,Ready To Move,Rajaji Nagar,1 BHK,778.0,1,2,95.36
Super built-up  Area,Ready To Move,Yelahanka,2 BHK,1312.0,3,3,86.66
Super built-up  Area,Ready To Move,Whitefield,2 BHK,1027.0,2,0,67.26
Super built-up  Area,Ready To Move,Sarjapur Road,2 BHK,1207.0,3,1,88.69
Plot  Area,Under Construction,Koramangala,2 BHK,961.0,2,3,152.9
Super built-up  Area,Ready To Move,Electronic City,2 BHK,1526.0,2,3,83.6
Super built-up  Area,Ready To Move,Rajaji Nagar,2 BHK,1221.0,3,2,142.5
Super built-up  Area,Ready To Move,Koramangala,3 BHK,1979.0,3,2,271.53
Plot  Area,Under Construction,Whitefield,4 BHK,1921.0,5,2,142.71
Built-up  Area,Ready To Move,Rajaji Nagar,2 BHK,923.0,3,1,109.77
Plot  Area,Ready To Move,Marathahalli,3 BHK,2120.0,3,1,171.93
Carpet  Area,Ready To Move,Whitefield,2 BHK,933.0,3,2,83.75
Super built-up  Area,Under Construction,HSR Layout,3 BHK,1762.0,3,2,135.95
Super built-up  Area,Ready To Move,Sarjapur Road,3 BHK,1820.0,4,2,112.74
Super built-up  Area,Ready To Move,Sarjapur Road,3 BHK,2052.0,4,3,136.59
Super built-up  Area,Ready To Move,Electronic City,3 BHK,2095.0,3,1,104.76
Built-up  Area,Ready To Move,Indiranagar,2 BHK,927.0,2,1,150.41
Super built-up  Area,Ready To Move,Marathahalli,2 BHK,1526.0,2,1,96.99
Super built-up  Area,Ready To Move,HSR Layout,1 BHK,732.0,1,0,77.69
Super built-up  Area,Ready To Move,Whitefield,3 BHK,2263.0,3,1,145.05
Super built-up  Area,Ready To Move,Koramangala,3 BHK,1667.0,3,1,223.99
Built-up  Area,Ready To Move,Sarjapur Road,2 BHK,1259.0,2,3,110.91
Super built-up  Area,Ready To Move,Jayanagar,2 BHK,840.0,3,1,104.35
Built-up  Area,Ready To Move,Hebbal,3 BHK,1678.0,3,2,175.3
Super built-up  Area,Under Construction,Electronic City,1 BHK,608.0,2,1,26.72
Super built-up  Area,Ready To Move,Electronic City,2 BHK,1472.0,3,1,80.79
Built-up  Area,Ready To Move,Thanisandra,2 BHK,1209.0,2,1,90.37
Carpet  Area,Under Construction,Electronic City,2 BHK,1331.0,3,2,77.31
Super built-up  Area,Ready To Move,Thanisandra,2 BHK,1295.0,3,1,84.81
Super built-up  Area,Ready To Move,Electronic City,2 BHK,980.0,2,1,52.73
Super built-up  Area,Ready To Move,Sarjapur Road,2 BHK,1085.0,3,1,81.03
Super built-up  Area,Ready To Move,Hebbal,4 BHK,2945.0,5,1,282.62
Plot  Area,Ready To Move,Marathahalli,1 BHK,483.0,2,1,37.04
Super built-up  Area,Ready To Move,Marathahalli,3 BHK,1387.0,4,2,73.15
Built-up  Area,Ready To Move,Electronic City,3 BHK,1414.0,4,1,78.88
Built-up  Area,Under Construction,Sarjapur Road,4 BHK,2891.0,5,1,219.76
Super built-up  Area,Ready To Move,Whitefield,3 BHK,1603.0,3,2,99.16
Super built-up  Area,Ready To Move,HSR Layout,3 BHK,2040.0,4,1,189.62
Super built-up  Area,Under Construction,Hebbal,3 BHK,1295.0,3,2,102.5
Super built-up  Area,Ready To Move,Rajaji Nagar,2 BHK,1206.0,2,0,149.43
Super built-up  Area,Under Construction,Marathahalli,2 BHK,974.0,3,2,54.27
Super built-up  Area,Ready To Move,Sarjapur Road,2 BHK,1186.0,2,2,91.14
Built-up  Area,Ready To Move,HSR Layout,2 BHK,1430.0,2,3,156.32
Super built-up  Area,Under Construction,Rajaji Nagar,1 BHK,632.0,1,2,70.18
Built-up  Area,Ready To Move,Yelahanka,2 BHK,1389.0,3,3,94.54
Super built-up  Area,Ready To Move,Whitefield,2 BHK,1636.0,2,1,121.36
Built-up  Area,Ready To Move,Sarjapur Road,3 BHK,2259.0,3,2,184.35
Carpet  Area,Ready To Move,Hebbal,4 BHK,2595.0,4,2,312.7
Super built-up  Area,Ready To Move,Electronic City,2 BHK,1148.0,3,1,64.56
Plot  Area,Ready To Move,Electronic City,1 BHK,661.0,1,0,34.88
Super built-up  Area,Ready To Move,Whitefield,5 BHK,3569.0,5,2,204.05
Built-up  Area,Ready To Move,Koramangala,3 BHK,2255.0,3,1,373.82
Built-up  Area,Ready To Move,Electronic City,3 BHK,1893.0,3,2,108.19
Super built-up  Area,Ready To Move,Whitefield,2 BHK,1414.0,2,1,102.94
Super built-up  Area,Ready To Move,Electronic City,3 BHK,1767.0,3,0,94.32
Super built-up  Area,Ready To Move,Yelahanka,3 BHK,1779.0,3,2,134.59
Super built-up  Area,Ready To Move,Jayanagar,2 BHK,1232.0,2,2,181.6
Carpet  Area,Under Construction,HSR Layout,2 BHK,1089.0,2,2,130.06
Built-up  Area,Ready To Move,Hebbal,2 BHK,908.0,2,2,97.52
Super built-up  Area,Ready To Move,Other,2 BHK,1115.0,2,1,57.35
Built-up  Area,Ready To Move,Electronic City,4 BHK,1916.0,4,2,114.3
Built-up  Area,Ready To Move,Electronic City,2 BHK,1230.0,3,1,70.61
Super built-up  Area,Ready To Move,Sarjapur Road,3 BHK,1829.0,4,0,121.14
Super built-up  Area,Ready To Move,Electronic City,3 BHK,2272.0,3,1,111.31
Super built-up  Area,Ready To Move,Sarjapur Road,2 BHK,977.0,2,2,68.43
Plot  Area,Ready To Move,Rajaji Nagar,3 BHK,1983.0,3,2,266.16
Built-up  Area,Under Construction,Koramangala,1 BHK,508.0,1,3,77.64
Super built-up  Area,Ready To Move,Hebbal,2 BHK,1511.0,2,1,128.0
Super built-up  Area,Ready To Move,Marathahalli,4 BHK,2895.0,5,3,202.45
Built-up  Area,Under Construction,Whitefield,2 BHK,1417.0,3,0,103.36
Plot  Area,Ready To Move,Electronic City,2 BHK,1298.0,2,1,81.01
Built-up  Area,Ready To Move,Indiranagar,3 BHK,1920.0,3,2,310.24
Super built-up  Area,Ready To Move,Koramangala,3 BHK,1541.0,3,1,207.0
Super built-up  Area,Ready To Move,Whitefield,3 BHK,1885.0,4,1,109.45
Super built-up  Area,Under Construction,Hebbal,3 BHK,2127.0,3,2,178.17
Super built-up  Area,Ready To Move,Koramangala,1 BHK,477.0,1,2,62.77
Built-up  Area,Under Construction,Bellandur,3 BHK,1876.0,3,1,154.82
Super built-up  Area,Ready To Move,Koramangala,3 BHK,2238.0,3,2,372.63
Built-up  Area,Under Construction,Sarjapur Road,1 BHK,460.0,1,1,40.02
Super built-up  Area,Ready To Move,Whitefield,2 BHK,933.0,2,3,67.27
Built-up  Area,Under Construction,Hebbal,2 BHK,1315.0,2,3,115.19
Super built-up  Area,Ready To Move,Whitefield,1 BHK,581.0,1,2,38.25
Super built-up  Area,Ready To Move,Marathahalli,2 BHK,1212.0,2,0,73.11
Super built-up  Area,Ready To Move,Hebbal,3 BHK,1942.0,3,0,174.9
Super built-up  Area,Ready To Move,Sarjapur Road,3 BHK,1867.0,4,0,136.77
Plot  Area,Ready To Move,Thanisandra,3 BHK,2087.0,3,2,141.14
Super built-up  Area,Ready To Move,HSR Layout,3 BHK,1658.0,3,1,152.44
Super built-up  Area,Ready To Move,Sarjapur Road,2 BHK,1036.0,3,2,82.53
Built-up  Area,Ready To Move,Yelahanka,2 BHK,1215.0,2,0,77.56
Plot  Area,Ready To Move,Jayanagar,4 BHK,2013.0,4,3,300.58
Super built-up  Area,Ready To Move,Bellandur,3 BHK,1522.0,3,1,104.25
Plot  Area,Ready To Move,Whitefield,2 BHK,1405.0,2,1,110.79
Super built-up  Area,Ready To Move,Indiranagar,3 BHK,1601.0,3,3,257.91
Super built-up  Area,Ready To Move,Thanisandra,2 BHK,1109.0,2,2,89.01
Super built-up  Area,Ready To Move,Whitefield,2 BHK,893.0,3,2,60.76
Super built-up  Area,Under Construction,Electronic City,3 BHK,2182.0,3,3,109.43
Super built-up  Area,Ready To Move,Rajaji Nagar,3 BHK,1963.0,3,2,232.32
Super built-up  Area,Ready To Move,Whitefield,2 BHK,1134.0,2,0,69.29
Super built-up  Area,Ready To Move,Thanisandra,2 BHK,1449.0,3,0,88.38
Built-up  Area,Ready To Move,Hebbal,2 BHK,1136.0,3,2,117.64
Super built-up  Area,Ready To Move,Hebbal,3 BHK,1697.0,3,2,156.1
Carpet  Area,Ready To Move,Whitefield,2 BHK,1272.0,3,2,123.36
Built-up  Area,Ready To Move,Yelahanka,4 BHK,2921.0,4,2,201.8
Super built-up  Area,Ready To Move,Sarjapur Road,3 BHK,1826.0,3,2,133.24
Super built-up  Area,Ready To Move,HSR Layout,2 BHK,1159.0,3,1,124.59
Super built-up  Area,Ready To Move,Bellandur,3 BHK,1771.0,3,2,137.78
Built-up  Area,Ready To Move,Bellandur,2 BHK,1193.0,2,2,99.26
Super built-up  Area,Under Construction,Marathahalli,2 BHK,1307.0,3,2,90.26
Super built-up  Area,Under Construction,HSR Layout,2 BHK,1416.0,3,1,130.7
Plot  Area,Under Construction,Sarjapur Road,4 BHK,2064.0,4,0,146.22
Super built-up  Area,Under Construction,Marathahalli,2 BHK,1266.0,3,3,68.61
Super built-up  Area,Ready To Move,Koramangala,3 BHK,1898.0,3,1,235.09
Super built-up  Area,Ready To Move,Sarjapur Road,2 BHK,1002.0,3,2,74.48
Plot  Area,Ready To Move,Whitefield,2 BHK,1208.0,3,1,89.45
Plot  Area,Ready To Move,Jayanagar,3 BHK,1506.0,4,2,260.5
Super built-up  Area,Under Construction,Sarjapur Road,3 BHK,1983.0,4,1,128.31
Super built-up  Area,Ready To Move,Bellandur,1 BHK,774.0,1,1,73.19
Built-up  Area,Ready To Move,Hebbal,2 BHK,923.0,3,3,96.63
Built-up  Area,Ready To Move,Electronic City,2 BHK,1277.0,3,1,72.84
Built-up  Area,Ready To Move,Koramangala,2 BHK,1047.0,2,2,156.82
Super built-up  Area,Ready To Move,Whitefield,3 BHK,1825.0,3,1,145.17
Plot  Area,Ready To Move,Hebbal,1 BHK,665.0,1,2,68.52
Super built-up  Area,Under Construction,HSR Layout,3 BHK,1682.0,3,1,140.02
Super built-up  Area,Ready To Move,Hebbal,3 BHK,1175.0,4,2,111.7
Built-up  Area,Ready To Move,Thanisandra,2 BHK,1412.0,2,3,108.74
Super built-up  Area,Ready To Move,Yelahanka,2 BHK,1276.0,2,1,78.5
Plot  Area,Ready To Move,Thanisandra,2 BHK,1355.0,2,1,99.88
Super built-up  Area,Ready To Move,Whitefield,2 BHK,1331.0,3,2,92.32
Built-up  Area,Ready To Move,Electronic City,3 BHK,1639.0,4,3,96.83
Super built-up  Area,Ready To Move,HSR Layout,2 BHK,1143.0,3,2,110.2
Built-up  Area,Ready To Move,Marathahalli,3 BHK,2133.0,4,1,146.03
Super built-up  Area,Ready To Move,Yelahanka,2 BHK,1175.0,3,0,70.0
Super built-up  Area,Ready To Move,Jayanagar,2 BHK,1427.0,2,1,177.45
Built-up  Area,Under Construction,Sarjapur Road,2 BHK,1095.0,2,2,86.37
Super built-up  Area,Ready To Move,Hebbal,3 BHK,1871.0,3,2,169.04
Super built-up  Area,Ready To Move,Hebbal,2 BHK,1081.0,2,2,102.69
Super built-up  Area,Under Construction,Electronic City,3 BHK,2071.0,3,1,102.46
Built-up  Area,Ready To Move,Whitefield,2 BHK,1156.0,2,2,81.98
Super built-up  Area,Ready To Move,Marathahalli,2 BHK,971.0,2,1,66.79
Super built-up  Area,Ready To Move,Electronic City,2 BHK,1589.0,3,2,89.75
Super built-up  Area,Under Construction,Electronic City,2 BHK,1235.0,3,1,57.46
Plot  Area,Under Construction,Whitefield,3 BHK,1561.0,3,1,118.68
Super built-up  Area,Ready To Move,Marathahalli,2 BHK,1088.0,3,1,66.03
Super built-up  Area,Ready To Move,Indiranagar,1 BHK,351.0,1,2,52.09
Built-up  Area,Ready To Move,Bellandur,3 BHK,1726.0,4,2,126.67
Built-up  Area,Under Construction,Rajaji Nagar,2 BHK,1131.0,2,2,125.66
Super built-up  Area,Ready To Move,Sarjapur Road,2 BHK,968.0,3,0,71.24
Carpet  Area,Under Construction,Koramangala,3 BHK,2007.0,4,2,287.53
Super built-up  Area,Ready To Move,Whitefield,2 BHK,1013.0,2,2,70.67
Super built-up  Area,Ready To Move,Electronic City,3 BHK,1762.0,4,1,102.41
Super built-up  Area,Ready To Move,Yelahanka,2 BHK,909.0,3,1,52.08
Plot  Area,Ready To Move,Thanisandra,2 BHK,1140.0,2,2,98.37
Super built-up  Area,Ready To Move,Sarjapur Road,4 BHK,2500.0,4,1,183.27
Super built-up  Area,Ready To Move,Sarjapur Road,3 BHK,1680.0,3,2,113.76
Super built-up  Area,Ready To Move,HSR Layout,1 BHK,611.0,1,3,59.94
Built-up  Area,Ready To Move,Whitefield,2 BHK,1012.0,3,2,78.14
Super built-up  Area,Under Construction,Electronic City,2 BHK,1056.0,2,1,54.61
Super built-up  Area,Ready To Move,Electronic City,2 BHK,1448.0,2,0,65.35
Super built-up  Area,Ready To Move,Electronic City,3 BHK,2316.0,3,0,107.5
Built-up  Area,Ready To Move,Yelahanka,2 BHK,1333.0,3,1,85.3
Built-up  Area,Ready To Move,Electronic City,1 BHK,623.0,1,3,32.75
Super built-up  Area,Ready To Move,Electronic City,2 BHK,1283.0,2,2,60.2
Built-up  Area,Ready To Move,HSR Layout,1 BHK,478.0,1,1,50.14
Super built-up  Area,Ready To Move,Jayanagar,2 BHK,1276.0,2,2,177.9
Built-up  Area,Ready To Move,Electronic City,2 BHK,1146.0,2,2,62.28
Super built-up  Area,Ready To Move,Whitefield,3 BHK,1896.0,3,1,143.18
Super built-up  Area,Ready To Move,Sarjapur Road,2 BHK,986.0,3,1,74.72
Carpet  Area,Under Construction,Thanisandra,2 BHK,1393.0,2,2,108.85
Carpet  Area,Ready To Move,Indiranagar,4 BHK,2111.0,4,2,411.42
Super built-up  Area,Ready To Move,Yelahanka,3 BHK,1581.0,4,1,83.98
Super built-up  Area,Under Construction,Marathahalli,2 BHK,1335.0,2,2,68.93
Super built-up  Area,Under Construction,Yelahanka,4 BHK,1850.0,4,2,117.49
Plot  Area,Ready To Move,Koramangala,3 BHK,1444.0,4,0,262.06
Super built-up  Area,Ready To Move,HSR Layout,2 BHK,1439.0,2,2,149.8
Super built-up  Area,Ready To Move,Whitefield,3 BHK,1742.0,4,0,103.92
Super built-up  Area,Ready To Move,Other,2 BHK,990.0,2,1,53.41
Plot  Area,Ready To Move,Sarjapur Road,2 BHK,1159.0,3,2,94.14
Super built-up  Area,Under Construction,Electronic City,2 BHK,863.0,2,0,40.93
Super built-up  Area,Ready To Move,Bellandur,2 BHK,1195.0,3,1,103.89
Super built-up  Area,Ready To Move,Electronic City,2 BHK,1316.0,2,2,72.8
Super built-up  Area,Under Construction,Indiranagar,3 BHK,1591.0,3,1,248.55
Super built-up  Area,Ready To Move,Indiranagar,1 BHK,566.0,1,0,88.94
Plot  Area,Ready To Move,Hebbal,3 BHK,1902.0,3,2,207.58
Plot  Area,Under Construction,Yelahanka,3 BHK,1371.0,4,1,82.12
Super built-up  Area,Under Construction,Electronic City,3 BHK,1874.0,3,2,80.79
Built-up  Area,Ready To Move,Hebbal,2 BHK,1132.0,2,2,114.99
Super built-up  Area,Ready To Move,HSR Layout,3 BHK,1463.0,4,1,163.44
Super built-up  Area,Ready To Move,Bellandur,2 BHK,1038.0,3,2,95.93
Carpet  Area,Ready To Move,Yelahanka,3 BHK,1449.0,3,0,110.32
Super built-up  Area,Ready To Move,Sarjapur Road,2 BHK,1129.0,2,2,75.2
Super built-up  Area,Ready To Move,Koramangala,3 BHK,1481.0,3,2,212.59
Carpet  Area,Under Construction,Electronic City,1 BHK,730.0,1,2,41.29
Super built-up  Area,Under Construction,Marathahalli,3 BHK,1711.0,4,0,92.74
Built-up  Area,Under Construction,Sarjapur Road,3 BHK,1749.0,3,2,130.99
Plot  Area,Ready To Move,Thanisandra,3 BHK,1563.0,3,2,122.3
Super built-up  Area,Ready To Move,Whitefield,2 BHK,1253.0,2,2,86.1
Super built-up  Area,Under Construction,Electronic City,2 BHK,1434.0,2,1,69.33
Super built-up  Area,Ready To Move,HSR Layout,2 BHK,1512.0,2,2,149.95
Super built-up  Area,Under Construction,Jayanagar,2 BHK,1424.0,3,2,174.06
Super built-up  Area,Under Construction,HSR Layout,1 BHK,744.0,1,1,67.51
Built-up  Area,Under Construction,Marathahalli,1 BHK,597.0,2,1,46.78
Super built-up  Area,Ready To Move,HSR Layout,3 BHK,2216.0,4,0,224.2
Super built-up  Area,Ready To Move,HSR Layout,1 BHK,713.0,1,3,76.79
Super built-up  Area,Ready To Move,Whitefield,4 BHK,2020.0,4,1,138.89
Super built-up  Area,Ready To Move,Yelahanka,2 BHK,1423.0,3,1,85.89
Plot  Area,Ready To Move,Electronic City,3 BHK,2088.0,3,1,118.23
Super built-up  Area,Under Construction,Rajaji Nagar,2 BHK,1288.0,3,1,158.35
Built-up  Area,Ready To Move,Rajaji Nagar,4 BHK,2636.0,5,1,352.84
Super built-up  Area,Under Construction,Marathahalli,1 BHK,646.0,2,2,35.13
Super built-up  Area,Ready To Move,HSR Layout,1 BHK,433.0,2,1,46.61
Super built-up  Area,Ready To Move,Bellandur,1 BHK,611.0,2,3,60.64
Super built-up  Area,Under Construction,Thanisandra,1 BHK,750.0,2,1,44.98
Super built-up  Area,Ready To Move,Whitefield,2 BHK,1206.0,2,2,84.49
Super built-up  Area,Ready To Move,Koramangala,3 BHK,2000.0,4,3,286.17
Plot  Area,Ready To Move,Whitefield,2 BHK,1079.0,2,1,88.92
Super built-up  Area,Under Construction,HSR Layout,3 BHK,2120.0,4,2,178.32
Plot  Area,Under Construction,Electronic City,3 BHK,1662.0,3,0,82.28
Super built-up  Area,Under Construction,Electronic City,3 BHK,2069.0,3,2,108.76
Super built-up  Area,Under Construction,Sarjapur Road,2 BHK,1001.0,2,0,66.42
Super built-up  Area,Ready To Move,Hebbal,2 BHK,1237.0,2,2,123.38
Super built-up  Area,Ready To Move,Koramangala,2 BHK,1063.0,3,2,167.0
Plot  Area,Ready To Move,Whitefield,2 BHK,1157.0,2,1,91.78
Super built-up  Area,Ready To Move,HSR Layout,2 BHK,1278.0,2,3,128.85
Super built-up  Area,Ready To Move,Electronic City,2 BHK,1448.0,2,0,68.07
Super built-up  Area,Under Construction,Indiranagar,2 BHK,1406.0,2,1,202.02
Super built-up  Area,Ready To Move,Koramangala,3 BHK,1970.0,4,3,256.12
Built-up  Area,Ready To Move,Indiranagar,2 BHK,1110.0,2,1,197.12
Super built-up  Area,Ready To Move,Thanisandra,2 BHK,1373.0,2,2,98.04
Built-up  Area,Ready To Move,Sarjapur Road,1 BHK,612.0,2,1,48.73
Super built-up  Area,Ready To Move,Thanisandra,2 BHK,1272.0,2,2,83.74
Plot  Area,Ready To Move,Hebbal,3 BHK,2100.0,3,3,234.51
Built-up  Area,Ready To Move,HSR Layout,3 BHK,2364.0,4,1,264.38
Super built-up  Area,Ready To Move,Koramangala,3 BHK,1883.0,3,3,238.25
Super built-up  Area,Under Construction,Whitefield,3 BHK,2185.0,4,2,135.05
Plot  Area,Ready To Move,Bellandur,2 BHK,1430.0,2,1,131.38
Super built-up  Area,Ready To Move,Koramangala,2 BHK,1352.0,3,1,198.14
Built-up  Area,Ready To Move,Sarjapur Road,3 BHK,1702.0,3,1,126.97
Super built-up  Area,Ready To Move,Whitefield,3 BHK,2036.0,4,1,140.28
Super built-up  Area,Ready To Move,Whitefield,3 BHK,1796.0,3,1,132.21
Built-up  Area,Ready To Move,Marathahalli,3 BHK,1465.0,3,2,95.91
Super built-up  Area,Ready To Move,Bellandur,2 BHK,1219.0,3,1,110.9
Super built-up  Area,Under Construction,Whitefield,3 BHK,1599.0,4,2,100.82
Super built-up  Area,Ready To Move,Sarjapur Road,2 BHK,954.0,3,0,70.77
Super built-up  Area,Ready To Move,Indiranagar,2 BHK,1059.0,3,3,173.43
Built-up  Area,Ready To Move,Yelahanka,2 BHK,1520.0,2,2,101.5
Plot  Area,Ready To Move,Whitefield,2 BHK,1320.0,2,2,111.19
Plot  Area,Ready To Move,Electronic City,2 BHK,1395.0,3,2,79.84
Super built-up  Area,Under Construction,Rajaji Nagar,2 BHK,1321.0,3,1,154.26
Super built-up  Area,Ready To Move,Whitefield,2 BHK,1099.0,3,1,80.2
Built-up  Area,Under Construction,Electronic City,2 BHK,901.0,3,1,42.31
Super built-up  Area,Ready To Move,Marathahalli,2 BHK,1469.0,3,1,81.0
Super built-up  Area,Ready To Move,Koramangala,3 BHK,1986.0,4,1,280.48
Plot  Area,Under Construction,Electronic City,3 BHK,1564.0,3,1,92.12
Super built-up  Area,Ready To Move,Whitefield,2 BHK,1137.0,2,1,74.68
Super built-up  Area,Ready To Move,Whitefield,3 BHK,1596.0,3,0,119.85
Super built-up  Area,Ready To Move,Electronic City,2 BHK,1179.0,2,2,64.04
Super built-up  Area,Ready To Move,Rajaji Nagar,1 BHK,516.0,2,2,67.43
Super built-up  Area,Ready To Move,Hebbal,2 BHK,1367.0,2,0,123.04
Plot  Area,Under Construction,Thanisandra,1 BHK,782.0,1,0,55.54
Super built-up  Area,Ready To Move,Rajaji Nagar,3 BHK,2009.0,3,3,244.21
Super built-up  Area,Ready To Move,Hebbal,2 BHK,1097.0,2,2,91.61
Built-up  Area,Under Construction,Electronic City,2 BHK,1280.0,2,3,72.79
Super built-up  Area,Ready To Move,HSR Layout,2 BHK,1518.0,2,1,174.53
Super built-up  Area,Ready To Move,Rajaji Nagar,3 BHK,1967.0,3,2,226.97
Super built-up  Area,Under Construction,Yelahanka,2 BHK,1453.0,2,2,82.64
Built-up  Area,Ready To Move,Whitefield,5 BHK,3358.0,5,2,276.75
Super built-up  Area,Ready To Move,Bellandur,4 BHK,2401.0,4,1,207.39
Super built-up  Area,Under Construction,Indiranagar,3 BHK,1733.0,4,2,219.88
Super built-up  Area,Ready To Move,Rajaji Nagar,3 BHK,1746.0,4,1,205.11
Super built-up  Area,Ready To Move,Whitefield,2 BHK,1069.0,2,2,68.69
Super built-up  Area,Ready To Move,HSR Layout,2 BHK,1159.0,2,2,126.81
Built-up  Area,Ready To Move,Jayanagar,4 BHK,1950.0,4,0,241.19
Super built-up  Area,Ready To Move,Hebbal,2 BHK,1153.0,2,2,127.43
Built-up  Area,Ready To Move,HSR Layout,1 BHK,752.0,2,2,82.85
Super built-up  Area,Ready To Move,Whitefield,2 BHK,1216.0,3,1,96.58
Super built-up  Area,Ready To Move,Electronic City,3 BHK,1942.0,3,1,100.98
Super built-up  Area,Ready To Move,Sarjapur Road,2 BHK,1191.0,3,2,94.07
Plot  Area,Ready To Move,Marathahalli,2 BHK,938.0,2,2,58.33
Plot  Area,Ready To Move,Electronic City,3 BHK,1992.0,3,1,106.55
Carpet  Area,Ready To Move,Hebbal,2 BHK,888.0,2,2,109.76
Built-up  Area,Ready To Move,Bellandur,2 BHK,831.0,2,2,67.71
Built-up  Area,Ready To Move,Electronic City,2 BHK,903.0,3,1,50.29
Super built-up  Area,Ready To Move,HSR Layout,2 BHK,1119.0,3,3,98.28
Super built-up  Area,Ready To Move,Thanisandra,2 BHK,1311.0,2,1,82.79
Super built-up  Area,Ready To Move,Jayanagar,2 BHK,1032.0,2,0,126.82
Super built-up  Area,Ready To Move,Koramangala,3 BHK,1656.0,4,1,226.23
Super built-up  Area,Ready To Move,Bellandur,3 BHK,2107.0,3,1,179.09
Super built-up  Area,Ready To Move,Whitefield,2 BHK,1322.0,2,2,74.3
Super built-up  Area,Under Construction,Marathahalli,3 BHK,1454.0,3,2,85.62
Super built-up  Area,Ready To Move,Whitefield,1 BHK,826.0,2,2,59.89
Super built-up  Area,Ready To Move,Thanisandra,1 BHK,448.0,1,2,28.42
Super built-up  Area,Ready To Move,Electronic City,3 BHK,1920.0,4,1,93.53
Carpet  Area,Ready To Move,Marathahalli,2 BHK,1116.0,3,2,97.61
Super built-up  Area,Under Construction,Thanisandra,3 BHK,1800.0,3,1,116.22
Super built-up  Area,Under Construction,Thanisandra,1 BHK,849.0,1,1,48.25
Plot  Area,Ready To Move,Electronic City,1 BHK,618.0,1,2,37.33
Super built-up  Area,Under Construction,Hebbal,3 BHK,2186.0,4,1,209.73
Super built-up  Area,Ready To Move,Koramangala,2 BHK,1197.0,2,3,174.79
Super built-up  Area,Ready To Move,Thanisandra,1 BHK,623.0,1,2,43.65
Super built-up  Area,Ready To Move,Whitefield,2 BHK,1277.0,2,1,93.86
Super built-up  Area,Ready To Move,Marathahalli,2 BHK,1151.0,2,1,66.38
Super built-up  Area,Ready To Move,Rajaji Nagar,3 BHK,2083.0,3,2,271.8
Super built-up  Area,Ready To Move,Electronic City,3 BHK,2312.0,4,1,127.95
Built-up  Area,Ready To Move,Yelahanka,3 BHK,1695.0,3,2,95.08
Super built-up  Area,Ready To Move,HSR Layout,2 BHK,1473.0,2,1,146.09
Super built-up  Area,Ready To Move,Hebbal,2 BHK,1352.0,2,3,138.18
Super built-up  Area,Ready To Move,Sarjapur Road,3 BHK,1670.0,4,2,114.46
Super built-up  Area,Ready To Move,Indiranagar,1 BHK,728.0,1,3,112.24
Built-up  Area,Ready To Move,Thanisandra,2 BHK,1304.0,3,2,95.22
Super built-up  Area,Ready To Move,Hebbal,3 BHK,1585.0,4,3,129.51
Plot  Area,Ready To Move,Koramangala,2 BHK,1457.0,2,2,240.53
Super built-up  Area,Ready To Move,Bellandur,3 BHK,2039.0,3,1,175.84
Built-up  Area,Ready To Move,Thanisandra,1 BHK,617.0,2,2,54.22
Super built-up  Area,Ready To Move,Whitefield,3 BHK,1662.0,4,2,116.86
Super built-up  Area,Ready To Move,Jayanagar,1 BHK,624.0,2,1,89.17
Built-up  Area,Ready To Move,Hebbal,3 BHK,1951.0,4,3,202.97
Built-up  Area,Ready To Move,Electronic City,1 BHK,616.0,1,1,32.99
Super built-up  Area,Ready To Move,Electronic City,3 BHK,1943.0,4,2,117.85
Carpet  Area,Under Construction,HSR Layout,2 BHK,1038.0,2,2,116.39
Super built-up  Area,Ready To Move,Rajaji Nagar,3 BHK,1769.0,3,1,222.71
Super built-up  Area,Ready To Move,Sarjapur Road,3 BHK,1671.0,3,2,97.79
Super built-up  Area,Under Construction,Thanisandra,1 BHK,578.0,1,2,32.9
Built-up  Area,Under Construction,Whitefield,2 BHK,959.0,2,0,65.56
Carpet  Area,Ready To Move,Hebbal,3 BHK,2077.0,3,1,256.5
Super built-up  Area,Ready To Move,Other,2 BHK,1228.0,3,2,63.98
Super built-up  Area,Ready To Move,Thanisandra,3 BHK,1872.0,3,2,122.67
Super built-up  Area,Ready To Move,Electronic City,2 BHK,1507.0,3,0,70.68
Super built-up  Area,Ready To Move,HSR Layout,3 BHK,2189.0,4,1,231.74
Super built-up  Area,Ready To Move,Electronic City,1 BHK,726.0,1,1,40.8
Super built-up  Area,Ready To Move,Hebbal,3 BHK,1541.0,3,2,136.45
Super built-up  Area,Ready To Move,Yelahanka,2 BHK,1379.0,2,1,95.51
Super built-up  Area,Ready To Move,Thanisandra,2 BHK,1387.0,2,3,101.87
Super built-up  Area,Ready To Move,Electronic City,2 BHK,1335.0,3,2,75.89
Built-up  Area,Ready To Move,Marathahalli,3 BHK,2190.0,4,3,134.71
Super built-up  Area,Ready To Move,Indiranagar,2 BHK,1388.0,3,1,211.35
Super built-up  Area,Ready To Move,Sarjapur Road,2 BHK,1066.0,2,3,72.38
Super built-up  Area,Under Construction,HSR Layout,3 BHK,1951.0,3,1,165.44
Super built-up  Area,Ready To Move,Koramangala,2 BHK,1250.0,3,1,175.34
Super built-up  Area,Ready To Move,Indiranagar,3 BHK,1443.0,3,1,175.95
Built-up  Area,Ready To Move,HSR Layout,3 BHK,2098.0,4,1,219.93
Carpet  Area,Ready To Move,HSR Layout,2 BHK,1217.0,2,2,156.91
Built-up  Area,Ready To Move,Electronic City,2 BHK,928.0,2,2,59.04
Super built-up  Area,Ready To Move,Yelahanka,3 BHK,1870.0,3,1,116.29
Super built-up  Area,Ready To Move,HSR Layout,1 BHK,455.0,1,3,43.79
Super built-up  Area,Ready To Move,Whitefield,3 BHK,1562.0,4,1,105.76
Plot  Area,Ready To Move,Thanisandra,2 BHK,920.0,3,2,71.66
Carpet  Area,Ready To Move,Marathahalli,1 BHK,479.0,1,1,37.14
Super built-up  Area,Under Construction,Marathahalli,2 BHK,1183.0,2,2,63.82
Super built-up  Area,Ready To Move,Sarjapur Road,4 BHK,2301.0,5,1,153.35
Built-up  Area,Ready To Move,Whitefield,3 BHK,1747.0,3,2,147.57
Super built-up  Area,Ready To Move,HSR Layout,2 BHK,1008.0,3,2,109.72
Built-up  Area,Under Construction,Whitefield,4 BHK,1880.0,4,1,134.13
Built-up  Area,Ready To Move,Marathahalli,2 BHK,1227.0,2,2,94.77
Super built-up  Area,Ready To Move,Electronic City,3 BHK,1943.0,4,0,103.74
Carpet  Area,Ready To Move,Electronic City,3 BHK,1914.0,3,2,124.22
Carpet  Area,Ready To Move,Hebbal,3 BHK,1932.0,3,3,216.73
Plot  Area,Ready To Move,Sarjapur Road,2 BHK,894.0,2,2,71.89
Super built-up  Area,Under Construction,Yelahanka,2 BHK,1308.0,2,2,78.01
Super built-up  Area,Ready To Move,Hebbal,3 BHK,1596.0,3,1,158.82
Super built-up  Area,Under Construction,Electronic City,2 BHK,1313.0,3,1,61.72
Super built-up  Area,Ready To Move,Electronic City,1 BHK,631.0,1,2,34.0
Super built-up  Area,Under Construction,HSR Layout,3 BHK,1885.0,3,3,177.52
Super built-up  Area,Ready To Move,Whitefield,3 BHK,1429.0,3,1,90.62
Built-up  Area,Ready To Move,Koramangala,2 BHK,1011.0,3,0,167.15
Super built-up  Area,Ready To Move,Indiranagar,2 BHK,1470.0,3,0,228.27
Super built-up  Area,Ready To Move,Thanisandra,2 BHK,1109.0,3,2,75.27
Super built-up  Area,Ready To Move,Marathahalli,3 BHK,1605.0,3,2,106.82
Built-up  Area,Ready To Move,Rajaji Nagar,3 BHK,1300.0,3,1,160.97
Super built-up  Area,Ready To Move,Marathahalli,3 BHK,1757.0,3,0,127.28
Super built-up  Area,Ready To Move,Electronic City,3 BHK,2129.0,3,1,107.77
Carpet  Area,Ready To Move,Whitefield,3 BHK,2117.0,3,2,175.2
Super built-up  Area,Under Construction,Sarjapur Road,2 BHK,945.0,2,1,56.02
Super built-up  Area,Ready To Move,Rajaji Nagar,1 BHK,503.0,2,2,65.51
Built-up  Area,Ready To Move,Other,3 BHK,1922.0,3,1,107.95
Built-up  Area,Ready To Move,Jayanagar,1 BHK,784.0,2,1,109.27
Super built-up  Area,Under Construction,Whitefield,5 BHK,3416.0,6,2,217.25
Plot  Area,Ready To Move,Marathahalli,3 BHK,1869.0,4,2,139.52
Plot  Area,Ready To Move,Hebbal,2 BHK,943.0,2,1,85.74
Super built-up  Area,Ready To Move,Whitefield,2 BHK,1081.0,2,2,73.01
Super built-up  Area,Ready To Move,Hebbal,2 BHK,1375.0,3,1,116.7
Super built-up  Area,Ready To Move,Whitefield,3 BHK,1496.0,4,2,102.02
Super built-up  Area,Ready To Move,HSR Layout,3 BHK,1920.0,3,2,186.98
Super built-up  Area,Ready To Move,Sarjapur Road,1 BHK,725.0,2,1,44.82
Built-up  Area,Ready To Move,Hebbal,3 BHK,1617.0,3,2,155.6
Super built-up  Area,Under Construction,Koramangala,3 BHK,1870.0,3,2,231.63
Built-up  Area,Ready To Move,Jayanagar,1 BHK,479.0,2,1,67.56
Super built-up  Area,Ready To Move,Bellandur,2 BHK,1436.0,2,0,108.85
Super built-up  Area,Ready To Move,Hebbal,2 BHK,1342.0,2,1,127.61
Super built-up  Area,Ready To Move,Yelahanka,2 BHK,1270.0,3,2,87.09
Super built-up  Area,Ready To Move,Rajaji Nagar,2 BHK,1472.0,3,1,175.04
Super built-up  Area,Ready To Move,Whitefield,1 BHK,723.0,1,1,50.22
Built-up  Area,Ready To Move,HSR Layout,3 BHK,1412.0,3,2,152.46
Super built-up  Area,Ready To Move,Electronic City,1 BHK,564.0,1,2,33.5
Super built-up  Area,Ready To Move,Whitefield,2 BHK,1392.0,2,1,93.87
Built-up  Area,Ready To Move,Bellandur,2 BHK,1266.0,3,1,110.67
Super built-up  Area,Ready To Move,Jayanagar,3 BHK,2125.0,3,1,317.24
Super built-up  Area,Ready To Move,Electronic City,3 BHK,1517.0,3,2,82.94
Super built-up  Area,Under Construction,Yelahanka,3 BHK,1487.0,4,2,101.59
Built-up  Area,Ready To Move,Jayanagar,3 BHK,1538.0,4,3,216.58
Super built-up  Area,Ready To Move,Rajaji Nagar,2 BHK,999.0,2,2,115.32
Super built-up  Area,Under Construction,Electronic City,2 BHK,1167.0,3,0,56.22
Super built-up  Area,Under Construction,Rajaji Nagar,3 BHK,1583.0,3,3,188.0
Plot  Area,Ready To Move,Sarjapur Road,1 BHK,540.0,1,1,47.83
Super built-up  Area,Ready To Move,Indiranagar,3 BHK,1906.0,3,2,298.55
Built-up  Area,Under Construction,Whitefield,1 BHK,571.0,2,2,41.56
Built-up  Area,Ready To Move,Whitefield,3 BHK,1974.0,3,2,128.99
Super built-up  Area,Ready To Move,Thanisandra,2 BHK,1312.0,2,1,83.19
Built-up  Area,Ready To Move,Hebbal,2 BHK,1284.0,3,2,119.29
Built-up  Area,Ready To Move,Electronic City,2 BHK,1021.0,3,3,46.7
Super built-up  Area,Ready To Move,Electronic City,3 BHK,1276.0,3,1,63.7
Super built-up  Area,Under Construction,Bellandur,2 BHK,1146.0,3,2,78.09
Super built-up  Area,Under Construction,Whitefield,2 BHK,981.0,2,2,55.89
Super built-up  Area,Under Construction,Yelahanka,2 BHK,1109.0,2,0,63.97
Plot  Area,Ready To Move,Whitefield,2 BHK,1157.0,2,1,92.5
Super built-up  Area,Ready To Move,Electronic City,2 BHK,783.0,2,1,42.76
Super built-up  Area,Ready To Move,Sarjapur Road,1 BHK,358.0,2,2,28.75
Plot  Area,Ready To Move,HSR Layout,3 BHK,1587.0,3,1,193.03
Super built-up  Area,Ready To Move,Sarjapur Road,3 BHK,1591.0,3,1,104.59
Super built-up  Area,Under Construction,Sarjapur Road,2 BHK,1348.0,2,3,99.51
Plot  Area,Ready To Move,Marathahalli,1 BHK,473.0,2,0,35.62
Super built-up  Area,Ready To Move,Koramangala,2 BHK,955.0,3,1,134.17
Built-up  Area,Under Construction,Whitefield,2 BHK,1356.0,2,0,95.95
Super built-up  Area,Ready To Move,Hebbal,3 BHK,1427.0,3,3,139.25
Super built-up  Area,Ready To Move,Jayanagar,2 BHK,1405.0,3,3,176.57
Super built-up  Area,Under Construction,Sarjapur Road,3 BHK,1725.0,3,2,99.41
Super built-up  Area,Ready To Move,Whitefield,1 BHK,566.0,1,1,38.47
Carpet  Area,Under Construction,Thanisandra,2 BHK,1071.0,2,0,89.11
Carpet  Area,Ready To Move,Koramangala,4 BHK,2258.0,5,2,393.12
Plot  Area,Under Construction,Indiranagar,1 BHK,437.0,1,2,71.29
Super built-up  Area,Ready To Move,Whitefield,2 BHK,1296.0,2,2,93.66
Carpet  Area,Ready To Move,Whitefield,2 BHK,1560.0,2,1,111.61
Built-up  Area,Ready To Move,Koramangala,2 BHK,1299.0,3,1,162.27
Super built-up  Area,Ready To Move,Electronic City,2 BHK,1345.0,2,1,66.57
Built-up  Area,Ready To Move,HSR Layout,3 BHK,1733.0,3,2,185.78
Super built-up  Area,Under Construction,HSR Layout,4 BHK,2026.0,4,2,193.73
Super built-up  Area,Ready To Move,Electronic City,3 BHK,1511.0,3,1,72.21
Built-up  Area,Under Construction,Marathahalli,2 BHK,898.0,3,2,62.68
Super built-up  Area,Ready To Move,Jayanagar,5 BHK,2890.0,6,1,423.65
Super built-up  Area,Ready To Move,Thanisandra,3 BHK,1513.0,3,1,93.2
Super built-up  Area,Ready To Move,Whitefield,2 BHK,1121.0,3,0,80.51
Plot  Area,Under Construction,Whitefield,1 BHK,652.0,2,2,46.27
Super built-up  Area,Ready To Move,HSR Layout,3 BHK,1485.0,3,2,159.71
Super built-up  Area,Ready To Move,Electronic City,3 BHK,1982.0,4,1,97.28
Super built-up  Area,Ready To Move,Other,2 BHK,1220.0,2,1,69.29
Super built-up  Area,Ready To Move,Electronic City,2 BHK,1098.0,2,1,53.79
Carpet  Area,Under Construction,HSR Layout,5 BHK,2956.0,5,1,290.34
Super built-up  Area,Ready To Move,Sarjapur Road,2 BHK,1289.0,3,2,101.05
Super built-up  Area,Under Construction,Koramangala,2 BHK,1370.0,2,3,151.94
Super built-up  Area,Ready To Move,Whitefield,3 BHK,1949.0,3,2,123.62
Plot  Area,Under Construction,Hebbal,1 BHK,403.0,2,1,37.48
Super built-up  Area,Ready To Move,Electronic City,4 BHK,2191.0,4,0,107.88
Built-up  Area,Ready To Move,Rajaji Nagar,3 BHK,2142.0,3,1,282.39
Super built-up  Area,Ready To Move,Whitefield,2 BHK,926.0,2,2,61.72
Super built-up  Area,Ready To Move,Rajaji Nagar,1 BHK,421.0,2,1,51.17
Plot  Area,Ready To Move,Yelahanka,1 BHK,606.0,2,1,43.33
Plot  Area,Ready To Move,Sarjapur Road,2 BHK,1081.0,2,0,86.43
Plot  Area,Ready To Move,Yelahanka,3 BHK,1551.0,4,1,106.11
Plot  Area,Ready To Move,Whitefield,2 BHK,1666.0,2,2,150.58
Built-up  Area,Ready To Move,Marathahalli,3 BHK,1685.0,4,2,121.95
Built-up  Area,Ready To Move,HSR Layout,3 BHK,1931.0,4,1,229.35
Built-up  Area,Ready To Move,Sarjapur Road,2 BHK,1035.0,2,1,85.81
Super built-up  Area,Under Construction,Sarjapur Road,4 BHK,1971.0,4,1,144.25
Super built-up  Area,Ready To Move,Whitefield,3 BHK,1705.0,3,3,110.23
Super built-up  Area,Ready To Move,Other,3 BHK,1395.0,3,2,84.35
Carpet  Area,Ready To Move,Whitefield,2 BHK,1399.0,3,1,123.19
Super built-up  Area,Ready To Move,Bellandur,3 BHK,1719.0,3,1,134.19
Plot  Area,Ready To Move,Hebbal,2 BHK,1475.0,2,0,143.86
Super built-up  Area,Ready To Move,Marathahalli,4 BHK,2420.0,4,0,152.3
Super built-up  Area,Ready To Move,Electronic City,2 BHK,1099.0,3,2,56.91
Super built-up  Area,Ready To Move,HSR Layout,2 BHK,1407.0,2,3,132.16
Super built-up  Area,Under Construction,HSR Layout,2 BHK,859.0,2,0,69.14
Super built-up  Area,Ready To Move,Bellandur,2 BHK,1422.0,3,1,118.09
Super built-up  Area,Under Construction,Whitefield,2 BHK,1210.0,2,0,79.74
Built-up  Area,Under Construction,Electronic City,2 BHK,1486.0,2,2,74.94
Super built-up  Area,Ready To Move,Electronic City,3 BHK,1960.0,3,1,95.76
Super built-up  Area,Ready To Move,Thanisandra,2 BHK,1098.0,3,2,80.09
Super built-up  Area,Ready To Move,Electronic City,2 BHK,1130.0,2,2,56.06
Built-up  Area,Ready To Move,Indiranagar,3 BHK,2272.0,3,2,373.26
Super built-up  Area,Ready To Move,Electronic City,2 BHK,1032.0,3,3,58.87
Super built-up  Area,Ready To Move,Jayanagar,4 BHK,2914.0,5,0,383.81
Super built-up  Area,Ready To Move,Marathahalli,2 BHK,1554.0,2,0,104.61
Super built-up  Area,Ready To Move,HSR Layout,2 BHK,1418.0,2,2,132.25
Built-up  Area,Under Construction,Sarjapur Road,1 BHK,689.0,1,2,41.58
Built-up  Area,Under Construction,Electronic City,5 BHK,3480.0,6,1,183.11
Super built-up  Area,Ready To Move,Whitefield,3 BHK,1448.0,3,2,100.62
Super built-up  Area,Ready To Move,Electronic City,3 BHK,1582.0,3,3,82.57
Super built-up  Area,Ready To Move,Bellandur,2 BHK,1312.0,3,2,100.49
Super built-up  Area,Under Construction,HSR Layout,4 BHK,2667.0,4,1,245.06
Built-up  Area,Under Construction,Marathahalli,4 BHK,2031.0,4,1,128.26
Super built-up  Area,Ready To Move,Sarjapur Road,2 BHK,1127.0,3,2,75.39
Super built-up  Area,Ready To Move,Bellandur,3 BHK,2210.0,4,2,173.7
Super built-up  Area,Ready To Move,HSR Layout,5 BHK,2334.0,6,3,219.71
Carpet  Area,Ready To Move,HSR Layout,2 BHK,1079.0,2,2,126.32
Built-up  Area,Ready To Move,Electronic City,1 BHK,687.0,2,0,46.33
Plot  Area,Ready To Move,Hebbal,3 BHK,2193.0,4,1,245.18
Super built-up  Area,Under Construction,Hebbal,2 BHK,1456.0,2,1,137.29
Super built-up  Area,Ready To Move,Bellandur,5 BHK,3469.0,6,2,260.53
Super built-up  Area,Under Construction,Marathahalli,2 BHK,1120.0,2,0,72.36
Super built-up  Area,Ready To Move,Sarjapur Road,1 BHK,637.0,1,1,46.73
Super built-up  Area,Ready To Move,Whitefield,2 BHK,1146.0,3,3,68.46
Super built-up  Area,Ready To Move,HSR Layout,3 BHK,1673.0,3,2,180.55
Super built-up  Area,Under Construction,HSR Layout,1 BHK,651.0,1,1,61.32
Built-up  Area,Ready To Move,Electronic City,2 BHK,1280.0,3,2,71.51
Super built-up  Area,Under Construction,Thanisandra,2 BHK,1085.0,2,2,60.2
Super built-up  Area,Under Construction,Other,3 BHK,1383.0,3,1,74.27
Super built-up  Area,Ready To Move,Marathahalli,4 BHK,2558.0,4,2,158.33
Super built-up  Area,Under Construction,Electronic City,3 BHK,1595.0,4,3,84.44
Super built-up  Area,Under Construction,Jayanagar,3 BHK,1580.0,3,2,206.97
Super built-up  Area,Ready To Move,Bellandur,2 BHK,1356.0,2,1,111.89
Super built-up  Area,Ready To Move,Hebbal,2 BHK,1497.0,2,2,142.03
Super built-up  Area,Under Construction,HSR Layout,2 BHK,1017.0,3,3,98.58
Super built-up  Area,Under Construction,Jayanagar,3 BHK,1779.0,3,1,209.65
Super built-up  Area,Ready To Move,HSR Layout,3 BHK,1880.0,3,1,178.98
Super built-up  Area,Under Construction,Sarjapur Road,3 BHK,2165.0,3,3,138.54
Super built-up  Area,Under Construction,HSR Layout,4 BHK,2275.0,4,0,187.71
Super built-up  Area,Ready To Move,Indiranagar,3 BHK,1435.0,4,0,218.49
Built-up  Area,Ready To Move,Electronic City,2 BHK,1493.0,2,1,68.8
Super built-up  Area,Ready To Move,Rajaji Nagar,2 BHK,1372.0,3,1,159.97
Super built-up  Area,Ready To Move,Bellandur,3 BHK,1973.0,4,1,154.2
Plot  Area,Ready To Move,Koramangala,4 BHK,2248.0,4,2,394.81
Built-up  Area,Under Construction,Whitefield,2 BHK,1478.0,3,0,97.04
Carpet  Area,Ready To Move,Koramangala,3 BHK,1269.0,4,1,246.85
Built-up  Area,Under Construction,Whitefield,2 BHK,1256.0,2,1,92.59
Super built-up  Area,Ready To Move,Whitefield,2 BHK,859.0,3,2,65.31
Super built-up  Area,Under Construction,HSR Layout,3 BHK,1379.0,3,1,106.84
Built-up  Area,Under Construction,Hebbal,4 BHK,1674.0,5,1,150.13
Carpet  Area,Under Construction,Indiranagar,2 BHK,1184.0,2,1,169.82
Super built-up  Area,Under Construction,Whitefield,1 BHK,757.0,1,2,46.73
Plot  Area,Under Construction,Hebbal,3 BHK,1729.0,3,0,165.57
Super built-up  Area,Ready To Move,Electronic City,2 BHK,1102.0,3,2,66.11
Super built-up  Area,Ready To Move,Other,1 BHK,704.0,1,2,32.42
Plot  Area,Ready To Move,Indiranagar,2 BHK,1208.0,2,2,186.39
Built-up  Area,Ready To Move,Bellandur,2 BHK,1065.0,2,1,96.75
Carpet  Area,Ready To Move,Sarjapur Road,3 BHK,1793.0,4,2,154.21
Built-up  Area,Ready To Move,Whitefield,2 BHK,1303.0,3,2,95.8
Super built-up  Area,Under Construction,Other,2 BHK,1338.0,2,1,68.9
Super built-up  Area,Ready To Move,Electronic City,3 BHK,1471.0,3,3,78.55
Plot  Area,Under Construction,Hebbal,4 BHK,2037.0,4,2,198.71
Super built-up  Area,Ready To Move,Koramangala,2 BHK,1075.0,3,2,143.44
Super built-up  Area,Ready To Move,Whitefield,2 BHK,1116.0,2,1,78.93
Super built-up  Area,Ready To Move,Yelahanka,2 BHK,1233.0,3,2,82.71
Super built-up  Area,Ready To Move,HSR Layout,2 BHK,1287.0,2,1,104.68
Super built-up  Area,Ready To Move,Electronic City,2 BHK,1250.0,3,2,57.96
Built-up  Area,Ready To Move,Whitefield,2 BHK,1559.0,2,1,126.69
Super built-up  Area,Ready To Move,Electronic City,4 BHK,1893.0,4,1,97.54
Super built-up  Area,Ready To Move,Rajaji Nagar,4 BHK,2819.0,4,0,327.2
Built-up  Area,Ready To Move,Bellandur,3 BHK,1937.0,3,2,175.65
Super built-up  Area,Ready To Move,Electronic City,3 BHK,1547.0,3,2,78.41
Built-up  Area,Ready To Move,Whitefield,3 BHK,1587.0,3,1,116.67
Super built-up  Area,Ready To Move,Bellandur,2 BHK,1103.0,3,1,89.41
Carpet  Area,Under Construction,Indiranagar,2 BHK,1137.0,3,1,208.55
Super built-up  Area,Ready To Move,Hebbal,3 BHK,2060.0,4,0,198.98
Super built-up  Area,Under Construction,Sarjapur Road,3 BHK,1506.0,3,1,108.97
Plot  Area,Under Construction,Electronic City,1 BHK,491.0,1,3,26.2
Built-up  Area,Ready To Move,Bellandur,2 BHK,1075.0,3,1,100.98
Super built-up  Area,Ready To Move,Other,4 BHK,1883.0,4,0,95.52
Carpet  Area,Ready To Move,Electronic City,2 BHK,1598.0,2,2,102.17
Super built-up  Area,Ready To Move,Indiranagar,2 BHK,1055.0,2,0,164.01
Carpet  Area,Ready To Move,Hebbal,2 BHK,1026.0,2,2,133.66
Super built-up  Area,Under Construction,Hebbal,2 BHK,1138.0,3,2,100.34
Super built-up  Area,Ready To Move,Electronic City,1 BHK,498.0,2,2,30.03
Super built-up  Area,Under Construction,Yelahanka,2 BHK,1391.0,2,1,85.35
Super built-up  Area,Under Construction,HSR Layout,3 BHK,1685.0,3,1,154.95
Super built-up  Area,Under Construction,HSR Layout,2 BHK,1179.0,2,2,107.54
Super built-up  Area,Ready To Move,Sarjapur Road,3 BHK,1763.0,4,3,128.3
Super built-up  Area,Ready To Move,Electronic City,1 BHK,446.0,1,1,25.57
Super built-up  Area,Under Construction,Whitefield,1 BHK,785.0,1,0,49.3
Super built-up  Area,Under Construction,Thanisandra,3 BHK,1725.0,4,1,108.22
Plot  Area,Ready To Move,Electronic City,3 BHK,1762.0,4,0,95.67
Super built-up  Area,Under Construction,Bellandur,3 BHK,1867.0,4,1,137.54
Built-up  Area,Ready To Move,Sarjapur Road,1 BHK,350.0,1,1,29.26
Carpet  Area,Ready To Move,Hebbal,2 BHK,1226.0,2,3,155.29
Super built-up  Area,Ready To Move,Hebbal,3 BHK,1677.0,4,2,161.14
Carpet  Area,Under Construction,Sarjapur Road,2 BHK,1406.0,2,3,104.58
Super built-up  Area,Ready To Move,Whitefield,3 BHK,1380.0,4,2,83.74
Super built-up  Area,Under Construction,Sarjapur Road,2 BHK,752.0,3,2,48.26
Super built-up  Area,Ready To Move,Bellandur,3 BHK,1958.0,4,1,174.78
Super built-up  Area,Ready To Move,Bellandur,3 BHK,1745.0,3,2,129.21
Plot  Area,Under Construction,Electronic City,2 BHK,1158.0,2,1,58.65
Super built-up  Area,Ready To Move,Hebbal,2 BHK,1309.0,3,2,121.2
Super built-up  Area,Ready To Move,Electronic City,3 BHK,1512.0,3,1,82.68
Built-up  Area,Ready To Move,Electronic City,3 BHK,1784.0,4,1,108.15
Super built-up  Area,Under Construction,Whitefield,1 BHK,469.0,1,1,25.66
Super built-up  Area,Ready To Move,Rajaji Nagar,2 BHK,1481.0,3,0,218.26
Super built-up  Area,Ready To Move,Electronic City,2 BHK,1420.0,2,0,72.01
Plot  Area,Ready To Move,Electronic City,2 BHK,1166.0,2,3,71.96
Built-up  Area,Ready To Move,Electronic City,1 BHK,388.0,2,2,26.98
Super built-up  Area,Ready To Move,Whitefield,4 BHK,2930.0,4,1,202.94
Super built-up  Area,Under Construction,Koramangala,2 BHK,1377.0,2,1,156.97
Super built-up  Area,Ready To Move,Whitefield,4 BHK,1785.0,5,0,109.16
Super built-up  Area,Ready To Move,Whitefield,3 BHK,1818.0,3,1,132.17
Built-up  Area,Under Construction,Koramangala,2 BHK,980.0,2,1,124.98
Super built-up  Area,Ready To Move,Sarjapur Road,2 BHK,1013.0,2,0,75.58
Super built-up  Area,Ready To Move,Bellandur,3 BHK,2138.0,3,1,190.48
Plot  Area,Under Construction,Indiranagar,2 BHK,1048.0,3,2,164.4
Built-up  Area,Ready To Move,Electronic City,1 BHK,629.0,1,1,35.3
Super built-up  Area,Ready To Move,Bellandur,4 BHK,3063.0,5,0,247.76
Super built-up  Area,Ready To Move,Whitefield,2 BHK,1370.0,2,2,91.65
Super built-up  Area,Ready To Move,HSR Layout,2 BHK,1391.0,2,2,154.76
Super built-up  Area,Ready To Move,Hebbal,2 BHK,937.0,3,1,101.72
Super built-up  Area,Under Construction,Electronic City,3 BHK,1622.0,3,2,70.06
Super built-up  Area,Ready To Move,Koramangala,1 BHK,711.0,1,0,103.84
Built-up  Area,Under Construction,Jayanagar,2 BHK,1268.0,2,2,168.6
Carpet  Area,Ready To Move,Other,2 BHK,1525.0,3,1,95.92
Super built-up  Area,Under Construction,Koramangala,3 BHK,2323.0,3,3,310.67
Super built-up  Area,Under Construction,Hebbal,3 BHK,1505.0,3,1,142.92
Built-up  Area,Under Construction,Electronic City,2 BHK,1279.0,2,1,61.64
Plot  Area,Ready To Move,Electronic City,3 BHK,1875.0,3,2,106.01
Plot  Area,Ready To Move,Hebbal,2 BHK,1178.0,2,1,116.45
Super built-up  Area,Ready To Move,Sarjapur Road,2 BHK,901.0,2,1,59.02
Super built-up  Area,Under Construction,Rajaji Nagar,5 BHK,2965.0,5,3,366.88
Built-up  Area,Under Construction,Sarjapur Road,2 BHK,1211.0,3,1,85.34
Built-up  Area,Ready To Move,Sarjapur Road,5 BHK,3680.0,5,0,285.34
Super built-up  Area,Under Construction,Sarjapur Road,3 BHK,1297.0,3,2,83.08
Super built-up  Area,Under Construction,Yelahanka,2 BHK,1224.0,2,1,69.07
Built-up  Area,Ready To Move,Bellandur,3 BHK,1528.0,4,2,154.17
Super built-up  Area,Ready To Move,Koramangala,2 BHK,1382.0,3,2,203.29
Plot  Area,Under Construction,Sarjapur Road,2 BHK,902.0,2,1,68.25
Super built-up  Area,Ready To Move,Yelahanka,3 BHK,2052.0,3,0,107.38
Built-up  Area,Under Construction,Whitefield,3 BHK,1930.0,4,1,109.8
Super built-up  Area,Under Construction,Jayanagar,2 BHK,1155.0,2,2,146.75
Super built-up  Area,Ready To Move,HSR Layout,3 BHK,1311.0,3,1,131.69
Built-up  Area,Ready To Move,Sarjapur Road,4 BHK,2884.0,4,2,232.53
Built-up  Area,Ready To Move,HSR Layout,1 BHK,508.0,1,2,45.87
Plot  Area,Under Construction,Bellandur,3 BHK,1945.0,4,2,162.0
Super built-up  Area,Ready To Move,Whitefield,2 BHK,877.0,2,1,53.89
Built-up  Area,Ready To Move,Jayanagar,1 BHK,487.0,2,2,75.92
Super built-up  Area,Under Construction,Hebbal,4 BHK,1933.0,4,2,174.07
Super built-up  Area,Ready To Move,Sarjapur Road,2 BHK,1421.0,3,3,109.58
Plot  Area,Ready To Move,Whitefield,3 BHK,2070.0,3,1,152.64
Super built-up  Area,Ready To Move,Hebbal,2 BHK,1487.0,2,2,149.85
Super built-up  Area,Ready To Move,HSR Layout,2 BHK,1258.0,3,2,103.69
Super built-up  Area,Ready To Move,Hebbal,3 BHK,2061.0,4,1,205.63
Super built-up  Area,Ready To Move,Bellandur,1 BHK,582.0,1,2,41.97
Plot  Area,Under Construction,Hebbal,2 BHK,1015.0,3,1,100.56
Super built-up  Area,Ready To Move,Marathahalli,4 BHK,2657.0,5,1,186.54
Super built-up  Area,Ready To Move,Indiranagar,4 BHK,2382.0,4,0,410.24
Built-up  Area,Ready To Move,Yelahanka,2 BHK,1506.0,2,1,96.72
Super built-up  Area,Ready To Move,Whitefield,2 BHK,1176.0,3,2,92.11
Super built-up  Area,Ready To Move,Sarjapur Road,2 BHK,1344.0,2,1,88.22
Super built-up  Area,Ready To Move,Sarjapur Road,3 BHK,1623.0,3,0,114.83
Super built-up  Area,Under Construction,Indiranagar,1 BHK,456.0,1,1,66.07
Super built-up  Area,Ready To Move,Jayanagar,2 BHK,1094.0,2,1,160.22
Built-up  Area,Ready To Move,Whitefield,3 BHK,1569.0,4,2,118.75
Super built-up  Area,Ready To Move,Whitefield,2 BHK,914.0,3,2,63.96
Super built-up  Area,Ready To Move,Jayanagar,1 BHK,671.0,1,1,86.65
Super built-up  Area,Ready To Move,Electronic City,2 BHK,799.0,3,1,47.42
Super built-up  Area,Ready To Move,Bellandur,3 BHK,2001.0,4,2,138.96
Plot  Area,Ready To Move,HSR Layout,2 BHK,1105.0,3,2,106.48
Super built-up  Area,Ready To Move,Yelahanka,2 BHK,1486.0,2,1,95.55
Plot  Area,Ready To Move,Whitefield,3 BHK,1475.0,4,2,106.34
Super built-up  Area,Ready To Move,Whitefield,3 BHK,2080.0,4,1,131.25
Super built-up  Area,Ready To Move,Indiranagar,1 BHK,595.0,2,0,87.31
Super built-up  Area,Ready To Move,Marathahalli,2 BHK,1312.0,2,2,81.36
Carpet  Area,Under Construction,Hebbal,2 BHK,1023.0,3,1,120.95
Super built-up  Area,Under Construction,Sarjapur Road,2 BHK,1558.0,2,1,105.24
Super built-up  Area,Under Construction,Koramangala,2 BHK,931.0,2,0,122.64
Carpet  Area,Ready To Move,Marathahalli,2 BHK,1415.0,3,1,118.34
Plot  Area,Ready To Move,Yelahanka,3 BHK,1421.0,3,3,102.27
Super built-up  Area,Ready To Move,Other,2 BHK,1037.0,2,1,47.61
Carpet  Area,Under Construction,Whitefield,2 BHK,1171.0,2,0,85.78
Built-up  Area,Ready To Move,Whitefield,1 BHK,713.0,2,1,50.01
Super built-up  Area,Ready To Move,Koramangala,4 BHK,2274.0,4,1,301.24
Super built-up  Area,Ready To Move,Yelahanka,2 BHK,1343.0,3,2,93.74
Super built-up  Area,Ready To Move,Electronic City,3 BHK,2042.0,4,0,99.8
Super built-up  Area,Ready To Move,Electronic City,1 BHK,639.0,2,1,32.55
Built-up  Area,Ready To Move,Yelahanka,3 BHK,1707.0,3,2,123.84
Super built-up  Area,Ready To Move,Whitefield,1 BHK,560.0,1,1,37.73
Super built-up  Area,Under Construction,Sarjapur Road,2 BHK,1248.0,2,3,86.08
Plot  Area,Under Construction,HSR Layout,3 BHK,1414.0,3,1,163.47
Super built-up  Area,Ready To Move,Indiranagar,2 BHK,968.0,2,0,123.7
Carpet  Area,Ready To Move,Thanisandra,2 BHK,994.0,2,1,75.69
Carpet  Area,Ready To Move,Sarjapur Road,2 BHK,939.0,2,1,95.94
Plot  Area,Ready To Move,Koramangala,2 BHK,1321.0,2,3,224.23
Built-up  Area,Ready To Move,Indiranagar,3 BHK,1520.0,3,2,251.7
Super built-up  Area,Ready To Move,HSR Layout,1 BHK,553.0,1,2,48.88
Super built-up  Area,Ready To Move,Koramangala,1 BHK,550.0,1,1,78.4
Super built-up  Area,Ready To Move,Electronic City,2 BHK,1559.0,3,2,85.69
Super built-up  Area,Ready To Move,Whitefield,1 BHK,587.0,1,0,42.97
Super built-up  Area,Ready To Move,Whitefield,1 BHK,629.0,1,1,45.44
Super built-up  Area,Ready To Move,Electronic City,2 BHK,1250.0,2,2,66.23
Carpet  Area,Under Construction,HSR Layout,1 BHK,560.0,1,1,68.48
Plot  Area,Ready To Move,Jayanagar,3 BHK,1611.0,4,1,251.8
Super built-up  Area,Ready To Move,Bellandur,1 BHK,733.0,1,2,57.7
Super built-up  Area,Ready To Move,Yelahanka,3 BHK,1449.0,4,0,92.17
Super built-up  Area,Ready To Move,Sarjapur Road,3 BHK,1709.0,3,1,117.89
Plot  Area,Ready To Move,Hebbal,1 BHK,703.0,1,2,80.22
Built-up  Area,Ready To Move,Sarjapur Road,1 BHK,632.0,2,1,42.84
Super built-up  Area,Ready To Move,Electronic City,1 BHK,554.0,1,1,30.92
Super built-up  Area,Ready To Move,Whitefield,2 BHK,1355.0,2,1,105.33
Super built-up  Area,Under Construction,Indiranagar,3 BHK,1301.0,3,1,153.45
Carpet  Area,Ready To Move,Other,3 BHK,2190.0,3,2,145.78
Super built-up  Area,Ready To Move,Electronic City,2 BHK,1344.0,2,1,72.52
Super built-up  Area,Under Construction,Whitefield,2 BHK,1371.0,2,1,89.25
Plot  Area,Ready To Move,Thanisandra,3 BHK,1878.0,3,2,146.31
Plot  Area,Under Construction,Electronic City,2 BHK,893.0,2,2,47.43
Plot  Area,Ready To Move,Yelahanka,5 BHK,3025.0,5,1,182.87
Super built-up  Area,Ready To Move,Bellandur,2 BHK,1498.0,3,2,136.56
Built-up  Area,Ready To Move,Marathahalli,2 BHK,1236.0,3,2,84.91
Super built-up  Area,Under Construction,Hebbal,3 BHK,1442.0,3,2,125.58
Super built-up  Area,Ready To Move,Bellandur,2 BHK,1488.0,2,1,111.95
Super built-up  Area,Ready To Move,Hebbal,3 BHK,1567.0,3,1,135.29
Super built-up  Area,Ready To Move,Koramangala,2 BHK,1287.0,3,3,193.36
Super built-up  Area,Under Construction,Hebbal,3 BHK,2086.0,3,1,170.06
Plot  Area,Ready To Move,Electronic City,3 BHK,1523.0,3,2,85.97
Super built-up  Area,Under Construction,HSR Layout,2 BHK,959.0,2,2,90.19
Plot  Area,Ready To Move,HSR Layout,2 BHK,1261.0,2,1,146.58
Super built-up  Area,Ready To Move,Yelahanka,3 BHK,2180.0,4,2,159.58
Super built-up  Area,Ready To Move,Thanisandra,4 BHK,2552.0,4,2,166.83
Super built-up  Area,Ready To Move,Bellandur,3 BHK,1923.0,3,1,148.42
Built-up  Area,Under Construction,Whitefield,4 BHK,2649.0,5,2,182.53
Super built-up  Area,Ready To Move,Thanisandra,2 BHK,1403.0,2,1,87.73
Plot  Area,Under Construction,HSR Layout,3 BHK,2032.0,3,1,199.08
Super built-up  Area,Ready To Move,Rajaji Nagar,1 BHK,560.0,1,0,64.88
Plot  Area,Ready To Move,Rajaji Nagar,2 BHK,1319.0,2,2,176.54
Super built-up  Area,Ready To Move,Whitefield,2 BHK,1295.0,2,1,96.8
Plot  Area,Ready To Move,Yelahanka,3 BHK,1470.0,3,2,120.55
Super built-up  Area,Ready To Move,Whitefield,2 BHK,1505.0,2,2,103.62
Built-up  Area,Ready To Move,Sarjapur Road,4 BHK,2686.0,5,0,166.17
Built-up  Area,Ready To Move,HSR Layout,3 BHK,1665.0,3,3,173.27
Super built-up  Area,Under Construction,Whitefield,3 BHK,2005.0,4,3,135.53
Plot  Area,Under Construction,Thanisandra,1 BHK,656.0,1,1,44.88
Super built-up  Area,Ready To Move,Whitefield,1 BHK,470.0,1,0,27.52
Super built-up  Area,Ready To Move,Electronic City,2 BHK,1337.0,3,1,67.9
Built-up  Area,Ready To Move,Indiranagar,3 BHK,1963.0,4,2,324.25
Super built-up  Area,Ready To Move,Thanisandra,2 BHK,1180.0,2,1,72.68
Super built-up  Area,Under Construction,Rajaji Nagar,3 BHK,1684.0,3,0,173.29
Super built-up  Area,Ready To Move,Bellandur,2 BHK,1390.0,2,2,113.79
Built-up  Area,Ready To Move,Bellandur,3 BHK,2042.0,4,2,164.25
Super built-up  Area,Under Construction,Sarjapur Road,2 BHK,1068.0,2,2,65.2
Super built-up  Area,Ready To Move,Whitefield,3 BHK,1377.0,3,0,98.57
Built-up  Area,Ready To Move,Whitefield,2 BHK,1273.0,2,1,89.26
Plot  Area,Under Construction,HSR Layout,2 BHK,1205.0,2,2,126.5
Plot  Area,Ready To Move,Bellandur,3 BHK,1593.0,4,1,143.75
Built-up  Area,Under Construction,Hebbal,2 BHK,1028.0,3,1,80.86
Built-up  Area,Ready To Move,Thanisandra,5 BHK,3302.0,5,3,216.92
Super built-up  Area,Ready To Move,HSR Layout,1 BHK,485.0,2,1,55.84
Super built-up  Area,Ready To Move,Whitefield,2 BHK,1266.0,2,2,78.41
Built-up  Area,Ready To Move,Electronic City,2 BHK,1067.0,3,3,59.7
Carpet  Area,Ready To Move,Yelahanka,5 BHK,3656.0,5,2,300.5
Built-up  Area,Ready To Move,Thanisandra,5 BHK,3016.0,6,3,240.44
Super built-up  Area,Ready To Move,Rajaji Nagar,2 BHK,1036.0,3,1,133.33
Super built-up  Area,Ready To Move,Whitefield,2 BHK,1058.0,3,3,80.79
Super built-up  Area,Ready To Move,Other,3 BHK,1522.0,4,2,100.11
Built-up  Area,Ready To Move,Electronic City,3 BHK,1548.0,3,1,81.28
Built-up  Area,Ready To Move,Whitefield,3 BHK,1459.0,4,2,107.15
Super built-up  Area,Ready To Move,Other,3 BHK,2167.0,3,2,123.77
Super built-up  Area,Ready To Move,Electronic City,1 BHK,492.0,2,0,23.3
Plot  Area,Ready To Move,Bellandur,3 BHK,1945.0,3,1,170.99
Built-up  Area,Ready To Move,Electronic City,3 BHK,1496.0,3,1,86.36
Super built-up  Area,Ready To Move,Indiranagar,2 BHK,1064.0,2,1,161.76
Super built-up  Area,Ready To Move,Rajaji Nagar,3 BHK,1311.0,4,0,138.16
Plot  Area,Under Construction,Sarjapur Road,4 BHK,2475.0,5,1,168.35
Plot  Area,Ready To Move,Bellandur,3 BHK,1493.0,3,1,146.63
Super built-up  Area,Ready To Move,Electronic City,2 BHK,1163.0,3,0,57.39
Super built-up  Area,Ready To Move,Koramangala,2 BHK,1307.0,3,1,190.52
Super built-up  Area,Under Construction,Sarjapur Road,2 BHK,1477.0,2,1,87.74
Super built-up  Area,Under Construction,Electronic City,2 BHK,1136.0,3,2,61.08
Super built-up  Area,Ready To Move,Sarjapur Road,4 BHK,2710.0,4,1,182.24
Super built-up  Area,Under Construction,Electronic City,2 BHK,1391.0,3,3,68.38
Super built-up  Area,Ready To Move,Rajaji Nagar,3 BHK,1436.0,3,1,166.09
Built-up  Area,Ready To Move,Sarjapur Road,2 BHK,1375.0,2,2,112.92
Super built-up  Area,Ready To Move,Electronic City,2 BHK,1347.0,2,2,74.64
Super built-up  Area,Ready To Move,Hebbal,1 BHK,616.0,1,2,60.49
Super built-up  Area,Ready To Move,Sarjapur Road,2 BHK,982.0,2,3,62.99
Super built-up  Area,Ready To Move,Thanisandra,2 BHK,1257.0,3,1,91.8
Super built-up  Area,Ready To Move,Other,3 BHK,2272.0,4,3,124.79
Super built-up  Area,Ready To Move,Hebbal,3 BHK,1671.0,3,3,147.55
Built-up  Area,Ready To Move,Jayanagar,1 BHK,541.0,1,1,80.08
Built-up  Area,Ready To Move,Indiranagar,2 BHK,1459.0,2,2,212.9
Built-up  Area,Ready To Move,Electronic City,3 BHK,1664.0,4,1,105.47
Built-up  Area,Ready To Move,Bellandur,3 BHK,1597.0,3,3,132.57
Built-up  Area,Ready To Move,HSR Layout,2 BHK,891.0,2,2,98.72
Super built-up  Area,Ready To Move,Bellandur,2 BHK,996.0,3,1,95.87
Carpet  Area,Ready To Move,Rajaji Nagar,1 BHK,639.0,2,1,105.2
Super built-up  Area,Ready To Move,Hebbal,2 BHK,1336.0,2,1,126.62
Super built-up  Area,Under Construction,Rajaji Nagar,1 BHK,567.0,2,1,68.63
Super built-up  Area,Ready To Move,Thanisandra,2 BHK,1052.0,3,1,76.91
Carpet  Area,Ready To Move,HSR Layout,3 BHK,2362.0,3,2,240.37
Carpet  Area,Ready To Move,Koramangala,2 BHK,1270.0,3,0,240.92
Built-up  Area,Under Construction,Sarjapur Road,3 BHK,2120.0,3,2,172.15
Super built-up  Area,Ready To Move,Other,2 BHK,810.0,2,1,44.22
Super built-up  Area,Ready To Move,Bellandur,4 BHK,2641.0,4,2,190.99
Carpet  Area,Ready To Move,Whitefield,3 BHK,1501.0,3,3,126.74
Built-up  Area,Ready To Move,Sarjapur Road,3 BHK,1588.0,3,2,117.55
Plot  Area,Ready To Move,Koramangala,3 BHK,1606.0,3,2,248.83
Super built-up  Area,Ready To Move,Whitefield,3 BHK,1934.0,3,2,128.88
Super built-up  Area,Ready To Move,Whitefield,2 BHK,827.0,2,0,56.47
Plot  Area,Ready To Move,Hebbal,2 BHK,1016.0,2,1,107.47
Super built-up  Area,Ready To Move,Sarjapur Road,3 BHK,1549.0,3,2,112.57
Plot  Area,Under Construction,Hebbal,3 BHK,1546.0,3,3,152.45
Super built-up  Area,Ready To Move,Electronic City,1 BHK,612.0,2,2,33.87
Plot  Area,Under Construction,Electronic City,3 BHK,1749.0,3,1,112.17
Super built-up  Area,Ready To Move,Bellandur,2 BHK,1113.0,2,2,87.05
Built-up  Area,Ready To Move,HSR Layout,2 BHK,1276.0,2,2,134.28
Super built-up  Area,Ready To Move,Electronic City,3 BHK,1415.0,3,1,72.17
Super built-up  Area,Ready To Move,Sarjapur Road,2 BHK,1405.0,2,2,110.25
Super built-up  Area,Ready To Move,Indiranagar,2 BHK,1144.0,2,0,176.61
Carpet  Area,Under Construction,Whitefield,2 BHK,1493.0,3,0,105.52
Built-up  Area,Ready To Move,Whitefield,4 BHK,1659.0,5,1,118.54
Super built-up  Area,Under Construction,Whitefield,4 BHK,2190.0,5,1,150.24
Plot  Area,Ready To Move,Yelahanka,1 BHK,589.0,2,1,37.85
Super built-up  Area,Ready To Move,Thanisandra,2 BHK,1122.0,3,2,85.99
Super built-up  Area,Under Construction,Thanisandra,1 BHK,696.0,1,0,41.53
Super built-up  Area,Ready To Move,Thanisandra,3 BHK,2300.0,4,1,154.8
Plot  Area,Ready To Move,Bellandur,3 BHK,2193.0,3,1,186.62
Super built-up  Area,Ready To Move,Hebbal,2 BHK,1459.0,3,0,127.44
Super built-up  Area,Ready To Move,Koramangala,3 BHK,2114.0,3,0,304.91
Plot  Area,Under Construction,Whitefield,3 BHK,1393.0,3,1,101.95
Built-up  Area,Ready To Move,Koramangala,2 BHK,1314.0,3,3,197.71
Super built-up  Area,Ready To Move,Thanisandra,2 BHK,1001.0,2,0,60.59
Built-up  Area,Under Construction,HSR Layout,2 BHK,956.0,2,1,93.16
Plot  Area,Under Construction,Sarjapur Road,2 BHK,1168.0,3,2,83.03
Super built-up  Area,Ready To Move,Electronic City,2 BHK,1607.0,2,1,84.98
Built-up  Area,Ready To Move,Koramangala,2 BHK,1322.0,2,2,207.95
Super built-up  Area,Ready To Move,Bellandur,2 BHK,855.0,3,1,72.88
Built-up  Area,Ready To Move,Jayanagar,1 BHK,611.0,1,2,95.76
Super built-up  Area,Ready To Move,Sarjapur Road,3 BHK,1630.0,4,2,116.92
Built-up  Area,Ready To Move,Thanisandra,5 BHK,3126.0,5,1,231.79
Super built-up  Area,Ready To Move,Indiranagar,3 BHK,1963.0,3,0,330.96
Built-up  Area,Ready To Move,Rajaji Nagar,3 BHK,1752.0,4,1,202.34
Super built-up  Area,Ready To Move,HSR Layout,3 BHK,2073.0,4,1,216.98
Super built-up  Area,Ready To Move,HSR Layout,2 BHK,1182.0,2,1,123.91
Super built-up  Area,Ready To Move,Indiranagar,2 BHK,1140.0,3,2,169.21
Built-up  Area,Ready To Move,Thanisandra,2 BHK,1369.0,2,2,106.28
Super built-up  Area,Ready To Move,Marathahalli,1 BHK,665.0,1,2,41.73
Super built-up  Area,Ready To Move,Whitefield,3 BHK,1955.0,3,2,129.86
Super built-up  Area,Ready To Move,Whitefield,2 BHK,1157.0,2,2,78.33
Built-up  Area,Ready To Move,Marathahalli,3 BHK,1838.0,3,2,127.64
Super built-up  Area,Ready To Move,HSR Layout,2 BHK,949.0,3,1,82.48
Built-up  Area,Ready To Move,Koramangala,2 BHK,1324.0,2,3,229.06
Super built-up  Area,Ready To Move,HSR Layout,4 BHK,2116.0,4,2,195.7
Super built-up  Area,Ready To Move,Whitefield,1 BHK,465.0,1,2,33.7
Super built-up  Area,Ready To Move,Thanisandra,2 BHK,1409.0,2,3,90.87
Plot  Area,Under Construction,Thanisandra,1 BHK,548.0,1,2,35.03
Super built-up  Area,Under Construction,Sarjapur Road,1 BHK,698.0,2,2,45.68
Super built-up  Area,Under Construction,Sarjapur Road,3 BHK,1544.0,4,2,101.81
Super built-up  Area,Ready To Move,Yelahanka,3 BHK,1723.0,4,2,97.21
Super built-up  Area,Under Construction,Whitefield,2 BHK,1438.0,3,3,97.66
Super built-up  Area,Ready To Move,Rajaji Nagar,3 BHK,2097.0,3,0,266.86
Built-up  Area,Ready To Move,Electronic City,3 BHK,2031.0,3,1,89.33
Super built-up  Area,Ready To Move,Indiranagar,2 BHK,714.0,2,1,109.11
Super built-up  Area,Ready To Move,Marathahalli,2 BHK,1043.0,3,2,77.49
Super built-up  Area,Ready To Move,Bellandur,3 BHK,1424.0,3,3,117.94
Super built-up  Area,Ready To Move,Hebbal,3 BHK,1564.0,4,2,153.42
Built-up  Area,Under Construction,Bellandur,2 BHK,1342.0,2,0,110.6
Super built-up  Area,Ready To Move,Sarjapur Road,2 BHK,1287.0,3,2,92.71
Plot  Area,Under Construction,Electronic City,2 BHK,1213.0,2,3,66.77
Super built-up  Area,Ready To Move,Other,2 BHK,921.0,2,2,45.97
Built-up  Area,Ready To Move,Thanisandra,2 BHK,925.0,2,1,62.47
Super built-up  Area,Ready To Move,Koramangala,4 BHK,2025.0,4,1,262.81
Super built-up  Area,Ready To Move,Sarjapur Road,3 BHK,2171.0,3,2,159.68
Built-up  Area,Ready To Move,Whitefield,3 BHK,2144.0,3,2,173.52
Built-up  Area,Ready To Move,Whitefield,2 BHK,920.0,2,1,62.6
Super built-up  Area,Ready To Move,Indiranagar,1 BHK,356.0,1,0,60.37
Super built-up  Area,Ready To Move,Thanisandra,1 BHK,654.0,2,1,44.67
Super built-up  Area,Ready To Move,HSR Layout,2 BHK,1342.0,2,1,132.82
Built-up  Area,Ready To Move,Jayanagar,2 BHK,1063.0,2,3,147.39
Super built-up  Area,Ready To Move,Whitefield,2 BHK,1401.0,2,1,90.63
Built-up  Area,Ready To Move,Sarjapur Road,1 BHK,615.0,2,2,49.99
Super built-up  Area,Ready To Move,Electronic City,3 BHK,1849.0,3,2,101.2
Super built-up  Area,Ready To Move,Hebbal,3 BHK,1519.0,3,0,136.93
Super built-up  Area,Ready To Move,Whitefield,1 BHK,460.0,2,2,35.73
Super built-up  Area,Ready To Move,Marathahalli,3 BHK,2096.0,3,1,132.3
Super built-up  Area,Ready To Move,Electronic City,3 BHK,1783.0,3,2,87.09
Super built-up  Area,Under Construction,Marathahalli,2 BHK,722.0,3,1,43.04
Built-up  Area,Ready To Move,Hebbal,2 BHK,1104.0,2,2,106.96
Super built-up  Area,Ready To Move,Other,3 BHK,1672.0,4,1,86.04
Built-up  Area,Ready To Move,Indiranagar,2 BHK,1314.0,2,1,160.52
Super built-up  Area,Ready To Move,Marathahalli,3 BHK,1723.0,3,1,111.78
Carpet  Area,Ready To Move,Whitefield,1 BHK,467.0,1,2,42.84
Carpet  Area,Under Construction,Thanisandra,2 BHK,964.0,2,2,73.34
Plot  Area,Under Construction,Rajaji Nagar,2 BHK,1493.0,3,1,171.85
Built-up  Area,Ready To Move,Whitefield,3 BHK,1840.0,4,0,155.11
Super built-up  Area,Ready To Move,Whitefield,5 BHK,3252.0,6,1,225.97
Built-up  Area,Ready To Move,Hebbal,2 BHK,967.0,2,2,95.17
Carpet  Area,Under Construction,Marathahalli,1 BHK,678.0,2,1,56.74
Super built-up  Area,Under Construction,HSR Layout,2 BHK,1208.0,2,1,96.45
Super built-up  Area,Ready To Move,HSR Layout,3 BHK,1928.0,4,1,200.73
Super built-up  Area,Ready To Move,Whitefield,3 BHK,1465.0,3,2,93.4
Super built-up  Area,Ready To Move,Whitefield,2 BHK,1363.0,2,2,96.63
Super built-up  Area,Ready To Move,Yelahanka,4 BHK,2171.0,5,1,154.35
Super built-up  Area,Ready To Move,Whitefield,3 BHK,1717.0,3,0,124.81
Super built-up  Area,Ready To Move,Koramangala,2 BHK,1480.0,2,2,217.76
Carpet  Area,Ready To Move,Rajaji Nagar,2 BHK,1610.0,3,1,249.13
Super built-up  Area,Ready To Move,Electronic City,2 BHK,1337.0,2,2,73.72
Built-up  Area,Ready To Move,Bellandur,3 BHK,2187.0,4,2,199.33
Super built-up  Area,Ready To Move,Whitefield,2 BHK,1354.0,3,1,85.57
Super built-up  Area,Ready To Move,Koramangala,3 BHK,1892.0,3,2,260.45
Super built-up  Area,Ready To Move,Electronic City,3 BHK,1509.0,3,1,79.82
Super built-up  Area,Under Construction,Thanisandra,3 BHK,2386.0,3,2,124.54
Super built-up  Area,Ready To Move,Sarjapur Road,2 BHK,1391.0,2,1,90.59
Super built-up  Area,Ready To Move,Hebbal,4 BHK,2374.0,5,0,220.16
Super built-up  Area,Ready To Move,Indiranagar,2 BHK,1354.0,2,1,193.34
Super built-up  Area,Ready To Move,Electronic City,3 BHK,1593.0,3,1,74.54
Super built-up  Area,Ready To Move,Thanisandra,2 BHK,1079.0,2,1,73.48
Super built-up  Area,Ready To Move,Sarjapur Road,5 BHK,3554.0,5,1,260.83
Super built-up  Area,Under Construction,Bellandur,3 BHK,1733.0,4,1,137.53
Super built-up  Area,Ready To Move,Electronic City,4 BHK,2873.0,5,1,164.07
Super built-up  Area,Under Construction,Bellandur,2 BHK,1335.0,2,2,109.82
Super built-up  Area,Ready To Move,Whitefield,2 BHK,959.0,3,1,69.92
Super built-up  Area,Ready To Move,Hebbal,1 BHK,670.0,2,2,78.45
Super built-up  Area,Ready To Move,Electronic City,2 BHK,1262.0,2,0,64.33
Super built-up  Area,Ready To Move,Thanisandra,2 BHK,1401.0,2,1,100.89
Super built-up  Area,Under Construction,Electronic City,4 BHK,2372.0,4,2,105.63
Built-up  Area,Under Construction,Rajaji Nagar,3 BHK,2123.0,3,1,269.11
Super built-up  Area,Ready To Move,Rajaji Nagar,2 BHK,1386.0,2,1,166.69
Super built-up  Area,Ready To Move,Electronic City,4 BHK,2353.0,5,1,129.96
Plot  Area,Ready To Move,Koramangala,3 BHK,1896.0,3,3,333.82
Built-up  Area,Ready To Move,Whitefield,3 BHK,1577.0,3,1,117.71
Super built-up  Area,Ready To Move,Sarjapur Road,4 BHK,2822.0,4,2,188.03
Plot  Area,Ready To Move,Thanisandra,3 BHK,1586.0,4,1,125.74
Super built-up  Area,Ready To Move,Bellandur,2 BHK,1389.0,3,1,128.42
Super built-up  Area,Ready To Move,Koramangala,5 BHK,2497.0,5,2,382.41
Carpet  Area,Ready To Move,Electronic City,2 BHK,1286.0,3,0,86.37
Plot  Area,Under Construction,Sarjapur Road,3 BHK,2060.0,4,0,149.71
Super built-up  Area,Ready To Move,Whitefield,3 BHK,2029.0,3,1,122.62
Built-up  Area,Ready To Move,Thanisandra,2 BHK,1057.0,2,2,77.14
Built-up  Area,Ready To Move,HSR Layout,3 BHK,1858.0,3,1,184.84
Super built-up  Area,Ready To Move,Bellandur,2 BHK,1348.0,2,2,119.43
Super built-up  Area,Ready To Move,Electronic City,2 BHK,1465.0,3,2,82.42
Super built-up  Area,Under Construction,Sarjapur Road,1 BHK,755.0,1,1,52.46
Plot  Area,Ready To Move,Sarjapur Road,3 BHK,1354.0,4,2,96.68
Super built-up  Area,Ready To Move,Whitefield,2 BHK,1468.0,3,2,115.23
Built-up  Area,Ready To Move,Sarjapur Road,3 BHK,2093.0,3,2,166.79
Super built-up  Area,Ready To Move,Yelahanka,3 BHK,1855.0,4,2,99.11
Super built-up  Area,Ready To Move,Rajaji Nagar,3 BHK,2345.0,3,1,250.98
Super built-up  Area,Ready To Move,HSR Layout,3 BHK,1294.0,3,2,127.1
Built-up  Area,Ready To Move,Hebbal,2 BHK,1328.0,3,2,137.89
Super built-up  Area,Under Construction,Whitefield,2 BHK,1417.0,2,2,92.8
Super built-up  Area,Ready To Move,Jayanagar,2 BHK,1524.0,3,2,205.93
Super built-up  Area,Ready To Move,Whitefield,2 BHK,1165.0,2,2,83.68
Super built-up  Area,Ready To Move,Marathahalli,2 BHK,1384.0,2,3,95.91
Super built-up  Area,Ready To Move,HSR Layout,2 BHK,1022.0,3,2,102.38
Built-up  Area,Ready To Move,Sarjapur Road,3 BHK,2300.0,3,1,188.96
Super built-up  Area,Under Construction,Marathahalli,2 BHK,1172.0,2,1,68.72
Super built-up  Area,Ready To Move,Whitefield,3 BHK,2093.0,4,2,149.39
Super built-up  Area,Ready To Move,Indiranagar,2 BHK,1111.0,2,2,152.69
Plot  Area,Ready To Move,HSR Layout,4 BHK,2338.0,5,2,263.79
Super built-up  Area,Under Construction,Electronic City,2 BHK,1131.0,2,1,45.55
Super built-up  Area,Under Construction,Hebbal,3 BHK,1814.0,4,2,142.21
Super built-up  Area,Ready To Move,Bellandur,2 BHK,1006.0,2,1,84.75
Super built-up  Area,Ready To Move,Thanisandra,2 BHK,854.0,3,1,59.08
Super built-up  Area,Under Construction,Whitefield,2 BHK,1021.0,3,2,67.19
Super built-up  Area,Ready To Move,Marathahalli,2 BHK,1288.0,2,3,78.77
Built-up  Area,Ready To Move,Electronic City,4 BHK,2485.0,4,1,160.87
Super built-up  Area,Ready To Move,Electronic City,2 BHK,1546.0,2,1,78.7
Super built-up  Area,Ready To Move,Electronic City,2 BHK,932.0,3,2,45.02
Super built-up  Area,Ready To Move,Whitefield,3 BHK,1561.0,3,2,117.89
Super built-up  Area,Ready To Move,Whitefield,2 BHK,1321.0,2,1,79.96
Super built-up  Area,Ready To Move,Other,2 BHK,1381.0,2,3,80.06
Built-up  Area,Under Construction,Sarjapur Road,2 BHK,797.0,3,2,52.86
Built-up  Area,Ready To Move,Whitefield,2 BHK,1443.0,2,1,99.46
Built-up  Area,Under Construction,Whitefield,2 BHK,1119.0,2,1,78.08
Super built-up  Area,Under Construction,Thanisandra,3 BHK,1688.0,4,2,98.45
Built-up  Area,Ready To Move,Jayanagar,2 BHK,1308.0,2,2,195.58
Super built-up  Area,Ready To Move,Electronic City,3 BHK,1988.0,3,0,109.62
Built-up  Area,Ready To Move,Whitefield,3 BHK,1645.0,3,1,130.38
Plot  Area,Under Construction,Electronic City,3 BHK,1979.0,3,2,107.63
Super built-up  Area,Ready To Move,Whitefield,2 BHK,917.0,2,2,63.08
Super built-up  Area,Ready To Move,Whitefield,2 BHK,1527.0,2,2,110.31
Super built-up  Area,Ready To Move,Hebbal,2 BHK,1327.0,3,3,136.32
Built-up  Area,Ready To Move,Electronic City,3 BHK,2109.0,4,3,115.08
Super built-up  Area,Ready To Move,HSR Layout,3 BHK,1666.0,3,2,170.09
Carpet  Area,Ready To Move,Electronic City,2 BHK,1457.0,2,2,84.55
Super built-up  Area,Ready To Move,Marathahalli,5 BHK,3169.0,5,1,213.37
Super built-up  Area,Under Construction,Rajaji Nagar,2 BHK,1019.0,2,1,115.27
Super built-up  Area,Ready To Move,Indiranagar,3 BHK,1462.0,3,2,235.94
Built-up  Area,Ready To Move,Sarjapur Road,3 BHK,1958.0,3,1,169.37
Super built-up  Area,Under Construction,Sarjapur Road,3 BHK,1698.0,4,2,128.94
Super built-up  Area,Ready To Move,Hebbal,5 BHK,3706.0,6,1,345.17
Super built-up  Area,Ready To Move,Thanisandra,2 BHK,971.0,2,1,56.0
Super built-up  Area,Ready To Move,Hebbal,2 BHK,1123.0,2,2,120.69
Built-up  Area,Under Construction,Jayanagar,2 BHK,1372.0,2,2,191.54
Super built-up  Area,Ready To Move,Marathahalli,3 BHK,1932.0,3,1,123.89
Built-up  Area,Under Construction,Sarjapur Road,3 BHK,1691.0,3,3,120.14
Carpet  Area,Ready To Move,Indiranagar,2 BHK,1111.0,3,2,193.79
Super built-up  Area,Ready To Move,Whitefield,1 BHK,563.0,1,1,38.87
Built-up  Area,Under Construction,Electronic City,2 BHK,957.0,2,1,53.27
Plot  Area,Ready To Move,Hebbal,2 BHK,841.0,2,1,90.01
Built-up  Area,Ready To Move,Electronic City,1 BHK,599.0,2,2,35.01
Built-up  Area,Ready To Move,Jayanagar,3 BHK,2333.0,3,2,295.3
Super built-up  Area,Ready To Move,Electronic City,2 BHK,1400.0,2,2,60.92
Super built-up  Area,Ready To Move,Hebbal,3 BHK,2278.0,4,2,217.21
Super built-up  Area,Ready To Move,Koramangala,1 BHK,576.0,2,1,87.72
Built-up  Area,Ready To Move,Bellandur,3 BHK,1580.0,3,2,151.62
Carpet  Area,Ready To Move,Sarjapur Road,3 BHK,1795.0,3,3,173.74
Super built-up  Area,Ready To Move,Jayanagar,2 BHK,1194.0,2,1,143.13
Super built-up  Area,Ready To Move,Indiranagar,3 BHK,1499.0,3,3,223.76
Super built-up  Area,Ready To Move,Hebbal,2 BHK,985.0,2,1,79.41
Built-up  Area,Under Construction,Whitefield,5 BHK,3341.0,5,0,215.85
Super built-up  Area,Ready To Move,Hebbal,3 BHK,2016.0,3,2,178.89
Super built-up  Area,Ready To Move,Yelahanka,3 BHK,1722.0,4,3,105.42
Super built-up  Area,Ready To Move,Koramangala,2 BHK,1315.0,3,2,193.32
Super built-up  Area,Ready To Move,Yelahanka,1 BHK,690.0,1,3,49.84
Super built-up  Area,Ready To Move,HSR Layout,2 BHK,1564.0,2,2,178.26
Plot  Area,Ready To Move,Whitefield,2 BHK,1454.0,2,3,121.53
Super built-up  Area,Ready To Move,Whitefield,3 BHK,2132.0,3,2,157.19
Plot  Area,Ready To Move,Sarjapur Road,2 BHK,1177.0,2,2,102.22
Super built-up  Area,Ready To Move,Bellandur,2 BHK,1405.0,2,2,112.77
Super built-up  Area,Ready To Move,Yelahanka,1 BHK,669.0,2,2,47.39
Super built-up  Area,Ready To Move,Sarjapur Road,5 BHK,3243.0,6,1,235.39
Carpet  Area,Under Construction,HSR Layout,4 BHK,2098.0,5,3,213.32
Built-up  Area,Under Construction,Hebbal,2 BHK,1402.0,2,3,134.05
Super built-up  Area,Ready To Move,Hebbal,2 BHK,1403.0,2,2,135.08
Built-up  Area,Under Construction,Electronic City,2 BHK,1136.0,2,1,55.36
Super built-up  Area,Ready To Move,Whitefield,2 BHK,1145.0,2,2,87.55
Super built-up  Area,Ready To Move,Electronic City,4 BHK,2478.0,4,2,125.89
Super built-up  Area,Ready To Move,Whitefield,3 BHK,2055.0,3,1,145.19
Built-up  Area,Ready To Move,Electronic City,4 BHK,2090.0,4,2,123.37
Super built-up  Area,Ready To Move,Whitefield,3 BHK,2223.0,3,2,135.93
Super built-up  Area,Ready To Move,Koramangala,3 BHK,1500.0,3,2,202.55
Super built-up  Area,Under Construction,Sarjapur Road,3 BHK,1924.0,3,1,103.23
Super built-up  Area,Under Construction,Other,3 BHK,1853.0,4,1,91.73
Super built-up  Area,Under Construction,Electronic City,3 BHK,1803.0,3,1,79.88
Super built-up  Area,Under Construction,Sarjapur Road,2 BHK,1525.0,2,2,89.87
Super built-up  Area,Under Construction,Sarjapur Road,3 BHK,1841.0,4,1,119.7
Plot  Area,Ready To Move,Whitefield,2 BHK,977.0,3,3,76.39
Super built-up  Area,Ready To Move,Yelahanka,5 BHK,3000.0,6,2,202.18
Super built-up  Area,Ready To Move,Whitefield,2 BHK,937.0,3,2,77.57
Super built-up  Area,Ready To Move,Marathahalli,1 BHK,713.0,2,2,49.83
Super built-up  Area,Ready To Move,Rajaji Nagar,2 BHK,1163.0,3,2,164.49
Built-up  Area,Under Construction,HSR Layout,3 BHK,2213.0,3,2,217.18
Super built-up  Area,Under Construction,HSR Layout,4 BHK,2774.0,5,3,247.39
Plot  Area,Ready To Move,Bellandur,3 BHK,1919.0,3,2,198.59
Built-up  Area,Ready To Move,Sarjapur Road,1 BHK,670.0,2,1,58.39
Built-up  Area,Under Construction,Koramangala,1 BHK,721.0,2,1,91.66
Super built-up  Area,Ready To Move,Whitefield,2 BHK,1527.0,2,1,99.13
Super built-up  Area,Ready To Move,Whitefield,5 BHK,3127.0,6,2,214.16
Super built-up  Area,Under Construction,Hebbal,3 BHK,1940.0,3,2,196.46
Plot  Area,Ready To Move,HSR Layout,4 BHK,3025.0,4,1,344.51
Super built-up  Area,Ready To Move,Rajaji Nagar,3 BHK,2235.0,3,2,237.97
Super built-up  Area,Under Construction,Whitefield,3 BHK,1991.0,4,0,120.11
Super built-up  Area,Ready To Move,Yelahanka,2 BHK,1502.0,2,3,95.04
Built-up  Area,Ready To Move,Electronic City,1 BHK,596.0,2,1,36.7
Built-up  Area,Ready To Move,Sarjapur Road,3 BHK,1423.0,4,2,128.34
Super built-up  Area,Ready To Move,Sarjapur Road,2 BHK,1375.0,3,2,97.46
Super built-up  Area,Ready To Move,Hebbal,3 BHK,2300.0,4,2,234.03
Super built-up  Area,Under Construction,Electronic City,3 BHK,1462.0,4,2,76.55
Super built-up  Area,Ready To Move,HSR Layout,2 BHK,1187.0,2,3,123.21
Built-up  Area,Ready To Move,Yelahanka,2 BHK,1102.0,2,1,73.36
Built-up  Area,Ready To Move,Hebbal,2 BHK,939.0,2,1,86.08
Super built-up  Area,Ready To Move,HSR Layout,3 BHK,1651.0,4,1,154.16
Super built-up  Area,Under Construction,Jayanagar,1 BHK,746.0,2,1,98.98
Built-up  Area,Ready To Move,Bellandur,2 BHK,1032.0,3,0,94.82
Carpet  Area,Ready To Move,HSR Layout,3 BHK,1905.0,3,1,248.51
Plot  Area,Ready To Move,Electronic City,2 BHK,1255.0,2,2,71.47
Plot  Area,Under Construction,Rajaji Nagar,1 BHK,627.0,1,1,75.17
Super built-up  Area,Ready To Move,Indiranagar,2 BHK,1065.0,3,1,160.41
Built-up  Area,Ready To Move,Electronic City,2 BHK,897.0,3,0,50.24
Plot  Area,Under Construction,Electronic City,3 BHK,1679.0,3,2,98.67
Built-up  Area,Ready To Move,Yelahanka,4 BHK,2544.0,5,2,209.07
Super built-up  Area,Ready To Move,Whitefield,1 BHK,765.0,1,1,52.95
Carpet  Area,Under Construction,Other,3 BHK,2138.0,4,2,140.99
Super built-up  Area,Ready To Move,Whitefield,2 BHK,916.0,3,1,72.86
Super built-up  Area,Ready To Move,Yelahanka,3 BHK,1642.0,4,2,107.96
Super built-up  Area,Ready To Move,Sarjapur Road,3 BHK,1412.0,4,2,101.39
Super built-up  Area,Ready To Move,HSR Layout,2 BHK,1048.0,2,2,87.99
Super built-up  Area,Ready To Move,Rajaji Nagar,1 BHK,388.0,1,2,50.8
Super built-up  Area,Under Construction,Hebbal,2 BHK,1237.0,3,1,106.06
Built-up  Area,Under Construction,HSR Layout,3 BHK,1799.0,3,2,179.04
Built-up  Area,Ready To Move,Whitefield,2 BHK,894.0,3,1,71.75
Built-up  Area,Ready To Move,Whitefield,2 BHK,1101.0,3,1,85.57
Super built-up  Area,Ready To Move,Electronic City,2 BHK,1090.0,2,1,57.83
Built-up  Area,Ready To Move,Bellandur,2 BHK,1094.0,2,1,89.04
Super built-up  Area,Ready To Move,Whitefield,3 BHK,1326.0,4,2,85.8
Super built-up  Area,Ready To Move,Whitefield,3 BHK,1866.0,3,0,125.59
Super built-up  Area,Under Construction,Hebbal,3 BHK,1699.0,3,1,150.24
Built-up  Area,Ready To Move,Koramangala,2 BHK,1214.0,2,0,205.1
Super built-up  Area,Ready To Move,Thanisandra,2 BHK,1278.0,3,2,89.18
Super built-up  Area,Under Construction,Electronic City,2 BHK,1237.0,2,1,60.65
Super built-up  Area,Ready To Move,Whitefield,3 BHK,1678.0,4,2,120.31
Super built-up  Area,Ready To Move,Marathahalli,2 BHK,1222.0,2,1,81.52
Plot  Area,Ready To Move,Electronic City,4 BHK,2342.0,4,2,146.21
Plot  Area,Ready To Move,Jayanagar,1 BHK,464.0,1,1,77.93
Super built-up  Area,Ready To Move,Jayanagar,5 BHK,3386.0,5,1,454.16
Super built-up  Area,Under Construction,Thanisandra,3 BHK,1655.0,4,0,101.27
Super built-up  Area,Ready To Move,Electronic City,3 BHK,1558.0,3,1,76.71
Built-up  Area,Under Construction,Yelahanka,2 BHK,1040.0,2,0,58.14
Super built-up  Area,Ready To Move,Thanisandra,2 BHK,1134.0,2,1,70.34
Super built-up  Area,Under Construction,Indiranagar,3 BHK,1931.0,3,1,201.52
Super built-up  Area,Under Construction,Sarjapur Road,3 BHK,2230.0,3,3,143.62
Super built-up  Area,Ready To Move,Electronic City,2 BHK,1055.0,2,2,53.28
Super built-up  Area,Under Construction,Whitefield,2 BHK,1247.0,3,2,85.94
Super built-up  Area,Ready To Move,HSR Layout,3 BHK,1910.0,4,2,205.43
Super built-up  Area,Ready To Move,Indiranagar,4 BHK,1974.0,5,1,293.52
Super built-up  Area,Ready To Move,Sarjapur Road,2 BHK,1058.0,3,1,77.13
Carpet  Area,Ready To Move,Hebbal,2 BHK,1392.0,2,2,163.41
Super built-up  Area,Under Construction,Sarjapur Road,3 BHK,2229.0,4,2,158.03
Super built-up  Area,Ready To Move,Koramangala,3 BHK,1967.0,4,1,282.43
Plot  Area,Ready To Move,Rajaji Nagar,2 BHK,1198.0,2,1,163.83
Plot  Area,Under Construction,Electronic City,1 BHK,713.0,1,1,36.01
Super built-up  Area,Ready To Move,Sarjapur Road,3 BHK,1275.0,3,3,92.31
Built-up  Area,Ready To Move,Whitefield,2 BHK,956.0,2,3,77.23
Super built-up  Area,Ready To Move,Koramangala,1 BHK,572.0,1,1,80.41
Built-up  Area,Ready To Move,Thanisandra,3 BHK,1836.0,3,1,128.66
Carpet  Area,Ready To Move,Marathahalli,2 BHK,1064.0,2,2,82.31
Super built-up  Area,Ready To Move,Electronic City,2 BHK,1115.0,2,2,56.96
Super built-up  Area,Ready To Move,Marathahalli,2 BHK,1371.0,2,2,85.88
Super built-up  Area,Ready To Move,Whitefield,3 BHK,1717.0,3,2,111.99
Super built-up  Area,Ready To Move,Koramangala,2 BHK,1126.0,3,1,146.57
Super built-up  Area,Ready To Move,Whitefield,1 BHK,678.0,1,2,47.84
Built-up  Area,Ready To Move,Rajaji Nagar,2 BHK,1327.0,2,1,173.65
Super built-up  Area,Under Construction,HSR Layout,1 BHK,444.0,1,3,39.48
Super built-up  Area,Under Construction,Bellandur,3 BHK,2015.0,3,1,152.37
Super built-up  Area,Under Construction,Yelahanka,4 BHK,2772.0,4,1,153.87
Super built-up  Area,Ready To Move,Electronic City,3 BHK,1843.0,3,2,97.77
Super built-up  Area,Under Construction,Whitefield,2 BHK,1333.0,2,3,90.13
Super built-up  Area,Under Construction,Jayanagar,2 BHK,1534.0,2,2,183.54
Built-up  Area,Ready To Move,Sarjapur Road,2 BHK,1302.0,3,1,106.08
Super built-up  Area,Ready To Move,Whitefield,2 BHK,1463.0,2,2,94.63
Built-up  Area,Ready To Move,Hebbal,2 BHK,1314.0,2,2,123.69
Super built-up  Area,Ready To Move,Indiranagar,1 BHK,387.0,1,2,49.08
Plot  Area,Ready To Move,Whitefield,3 BHK,1745.0,4,3,141.4
Built-up  Area,Ready To Move,Electronic City,3 BHK,1978.0,3,1,104.93
Super built-up  Area,Ready To Move,Whitefield,3 BHK,1289.0,3,3,93.57
Super built-up  Area,Under Construction,Hebbal,1 BHK,646.0,1,1,54.83
Super built-up  Area,Ready To Move,Rajaji Nagar,3 BHK,1651.0,4,2,205.15
Carpet  Area,Ready To Move,Other,1 BHK,485.0,1,1,32.32
Super built-up  Area,Ready To Move,Koramangala,1 BHK,621.0,1,1,79.09
Super built-up  Area,Ready To Move,Electronic City,2 BHK,1029.0,3,3,56.07
Super built-up  Area,Ready To Move,Rajaji Nagar,2 BHK,1339.0,3,1,170.13
Built-up  Area,Under Construction,HSR Layout,2 BHK,1082.0,2,1,117.07
Super built-up  Area,Ready To Move,Electronic City,2 BHK,924.0,2,0,46.68
Super built-up  Area,Ready To Move,Marathahalli,1 BHK,745.0,2,1,49.2
Super built-up  Area,Ready To Move,Thanisandra,3 BHK,1745.0,3,2,130.82
Super built-up  Area,Under Construction,Thanisandra,2 BHK,1346.0,2,1,76.77
Super built-up  Area,Under Construction,Bellandur,2 BHK,1210.0,2,1,99.87
Super built-up  Area,Ready To Move,Electronic City,2 BHK,1264.0,2,2,69.69
Built-up  Area,Ready To Move,Electronic City,1 BHK,358.0,1,1,20.29
Built-up  Area,Ready To Move,Bellandur,3 BHK,1376.0,3,2,121.38
Built-up  Area,Under Construction,Electronic City,2 BHK,1190.0,3,2,65.58
Super built-up  Area,Ready To Move,Hebbal,2 BHK,1375.0,2,2,130.08
Built-up  Area,Ready To Move,Yelahanka,3 BHK,1557.0,3,2,98.66
Super built-up  Area,Ready To Move,Yelahanka,3 BHK,1862.0,4,2,117.82
Super built-up  Area,Ready To Move,Hebbal,2 BHK,1113.0,2,3,108.7
Plot  Area,Ready To Move,Yelahanka,2 BHK,1182.0,3,0,80.61
Built-up  Area,Ready To Move,Yelahanka,4 BHK,2678.0,5,3,190.12
Super built-up  Area,Ready To Move,Bellandur,3 BHK,1776.0,4,0,143.09
Plot  Area,Ready To Move,Electronic City,4 BHK,2396.0,5,0,131.06
Carpet  Area,Under Construction,Electronic City,4 BHK,1875.0,4,0,131.97
Super built-up  Area,Under Construction,Sarjapur Road,3 BHK,1256.0,3,3,80.35
Super built-up  Area,Ready To Move,Whitefield,2 BHK,1205.0,2,2,79.43
Built-up  Area,Under Construction,Electronic City,3 BHK,1532.0,4,1,72.11
Super built-up  Area,Ready To Move,Electronic City,3 BHK,1343.0,3,1,69.71
Super built-up  Area,Ready To Move,Hebbal,2 BHK,1158.0,2,0,123.55
Built-up  Area,Ready To Move,Rajaji Nagar,3 BHK,2191.0,3,2,290.57
Super built-up  Area,Ready To Move,Whitefield,3 BHK,2086.0,4,3,146.58
Super built-up  Area,Under Construction,Thanisandra,2 BHK,1378.0,2,2,83.18
Super built-up  Area,Under Construction,Bellandur,2 BHK,1342.0,3,2,111.52
Super built-up  Area,Ready To Move,Whitefield,1 BHK,554.0,1,3,31.07
Carpet  Area,Under Construction,Marathahalli,3 BHK,1474.0,3,2,104.1
Built-up  Area,Under Construction,Indiranagar,3 BHK,1461.0,4,1,256.64
Super built-up  Area,Ready To Move,Sarjapur Road,2 BHK,1168.0,2,1,94.35
Carpet  Area,Under Construction,Thanisandra,2 BHK,1268.0,2,1,97.54
Plot  Area,Ready To Move,Electronic City,1 BHK,717.0,1,3,42.22
Super built-up  Area,Under Construction,Bellandur,1 BHK,641.0,1,2,47.6
Plot  Area,Ready To Move,Whitefield,1 BHK,787.0,1,2,59.96
Super built-up  Area,Ready To Move,Yelahanka,2 BHK,1400.0,2,0,76.54
Super built-up  Area,Ready To Move,Hebbal,2 BHK,1426.0,3,1,140.35
Super built-up  Area,Ready To Move,Koramangala,2 BHK,863.0,2,2,123.24
Built-up  Area,Ready To Move,Electronic City,3 BHK,1776.0,3,1,100.29
Super built-up  Area,Ready To Move,Bellandur,4 BHK,1821.0,4,0,135.24
Built-up  Area,Under Construction,Thanisandra,2 BHK,1058.0,3,1,66.0
Built-up  Area,Ready To Move,Hebbal,2 BHK,926.0,2,2,86.86
Super built-up  Area,Under Construction,Koramangala,5 BHK,2922.0,5,1,348.5
Super built-up  Area,Under Construction,Hebbal,4 BHK,2051.0,5,1,192.99
Super built-up  Area,Ready To Move,Rajaji Nagar,2 BHK,907.0,2,2,109.87
Super built-up  Area,Ready To Move,HSR Layout,2 BHK,990.0,2,1,85.53
Super built-up  Area,Ready To Move,Jayanagar,2 BHK,874.0,3,1,126.78
Super built-up  Area,Ready To Move,Yelahanka,2 BHK,1435.0,2,0,94.71
Super built-up  Area,Ready To Move,Hebbal,2 BHK,1208.0,3,1,110.88
Super built-up  Area,Ready To Move,Electronic City,2 BHK,1098.0,2,2,49.69
Super built-up  Area,Ready To Move,Hebbal,3 BHK,1613.0,3,1,150.34
Built-up  Area,Ready To Move,Yelahanka,2 BHK,764.0,3,2,51.03
Carpet  Area,Ready To Move,Electronic City,3 BHK,1912.0,3,1,112.92
Built-up  Area,Ready To Move,HSR Layout,2 BHK,1545.0,3,1,165.62
Super built-up  Area,Under Construction,Yelahanka,2 BHK,1355.0,2,1,79.47
Super built-up  Area,Ready To Move,Sarjapur Road,3 BHK,1728.0,4,1,126.09
Built-up  Area,Ready To Move,Koramangala,3 BHK,1559.0,4,1,251.63
Plot  Area,Ready To Move,Electronic City,2 BHK,1083.0,2,2,67.66
Super built-up  Area,Ready To Move,Whitefield,2 BHK,1227.0,2,1,71.04
Super built-up  Area,Under Construction,Yelahanka,2 BHK,1098.0,2,1,62.06
Super built-up  Area,Ready To Move,Whitefield,2 BHK,1112.0,2,1,77.9
Built-up  Area,Ready To Move,Electronic City,1 BHK,437.0,1,1,24.24
Super built-up  Area,Ready To Move,Jayanagar,2 BHK,1218.0,3,2,184.6
Super built-up  Area,Ready To Move,Sarjapur Road,1 BHK,552.0,2,2,33.1
Plot  Area,Ready To Move,Other,2 BHK,1079.0,2,2,71.14
Super built-up  Area,Ready To Move,Other,3 BHK,2271.0,3,2,112.97
Super built-up  Area,Ready To Move,Electronic City,2 BHK,1121.0,2,2,52.17
Super built-up  Area,Ready To Move,Whitefield,2 BHK,1187.0,2,2,89.46
Super built-up  Area,Ready To Move,Bellandur,3 BHK,1431.0,4,2,108.99
Super built-up  Area,Under Construction,Hebbal,3 BHK,2229.0,3,1,202.61
Super built-up  Area,Ready To Move,Whitefield,2 BHK,919.0,2,3,60.97
Super built-up  Area,Ready To Move,Bellandur,2 BHK,1057.0,2,1,84.19
Built-up  Area,Ready To Move,Whitefield,3 BHK,1798.0,3,0,134.76
Built-up  Area,Ready To Move,Jayanagar,4 BHK,1964.0,4,2,300.17
Super built-up  Area,Ready To Move,Whitefield,2 BHK,1215.0,2,2,89.55
Super built-up  Area,Ready To Move,Whitefield,3 BHK,1631.0,3,2,104.15
Built-up  Area,Ready To Move,Electronic City,3 BHK,2263.0,4,1,129.23
Super built-up  Area,Ready To Move,Marathahalli,2 BHK,1137.0,2,2,71.49
Super built-up  Area,Under Construction,Bellandur,2 BHK,1423.0,2,3,95.76
Super built-up  Area,Under Construction,Yelahanka,3 BHK,1523.0,3,2,82.95
Super built-up  Area,Ready To Move,Sarjapur Road,1 BHK,350.0,2,1,31.65
Super built-up  Area,Ready To Move,Sarjapur Road,2 BHK,1070.0,3,2,85.2
Built-up  Area,Ready To Move,Electronic City,2 BHK,970.0,2,2,56.24
Super built-up  Area,Under Construction,HSR Layout,2 BHK,1366.0,2,2,137.07
Plot  Area,Under Construction,Indiranagar,2 BHK,1359.0,2,0,197.83
Super built-up  Area,Ready To Move,Koramangala,3 BHK,1913.0,4,2,294.31
Built-up  Area,Ready To Move,Electronic City,4 BHK,2245.0,4,1,128.49
Super built-up  Area,Ready To Move,Marathahalli,2 BHK,1655.0,3,1,99.18
Super built-up  Area,Under Construction,Electronic City,1 BHK,601.0,1,2,29.22
Super built-up  Area,Ready To Move,Marathahalli,3 BHK,1597.0,3,1,95.24
Super built-up  Area,Ready To Move,Whitefield,2 BHK,1032.0,3,0,67.26
Built-up  Area,Ready To Move,HSR Layout,3 BHK,1329.0,4,2,139.01
Super built-up  Area,Ready To Move,Sarjapur Road,3 BHK,1462.0,3,2,116.87
Super built-up  Area,Ready To Move,Hebbal,3 BHK,2238.0,3,2,208.5
Super built-up  Area,Ready To Move,Indiranagar,2 BHK,1254.0,2,0,179.55
Built-up  Area,Ready To Move,Hebbal,2 BHK,1485.0,2,1,145.76
Super built-up  Area,Ready To Move,Hebbal,2 BHK,1396.0,2,1,131.1
Built-up  Area,Under Construction,Thanisandra,2 BHK,1115.0,2,1,76.1
Built-up  Area,Ready To Move,Bellandur,4 BHK,2333.0,5,1,204.79
Built-up  Area,Ready To Move,Yelahanka,3 BHK,1488.0,3,2,102.87
Super built-up  Area,Ready To Move,Electronic City,3 BHK,1491.0,4,1,78.66
Super built-up  Area,Ready To Move,Koramangala,2 BHK,1309.0,2,1,153.41
Super built-up  Area,Ready To Move,Indiranagar,3 BHK,1813.0,4,1,264.99
Built-up  Area,Ready To Move,Sarjapur Road,2 BHK,997.0,2,3,72.95
Built-up  Area,Ready To Move,HSR Layout,4 BHK,2639.0,4,1,277.57
Super built-up  Area,Ready To Move,Sarjapur Road,2 BHK,1461.0,2,1,123.84
Built-up  Area,Ready To Move,Whitefield,2 BHK,1487.0,3,1,108.98
Super built-up  Area,Ready To Move,Electronic City,3 BHK,1722.0,3,1,91.81
Super built-up  Area,Ready To Move,Whitefield,3 BHK,1860.0,3,1,133.63
Super built-up  Area,Under Construction,Bellandur,3 BHK,2052.0,3,1,142.46
Carpet  Area,Ready To Move,Bellandur,2 BHK,1609.0,2,1,164.78
Plot  Area,Ready To Move,Marathahalli,3 BHK,2085.0,3,0,147.63
Built-up  Area,Ready To Move,Thanisandra,3 BHK,1648.0,3,1,111.6
Plot  Area,Ready To Move,Whitefield,3 BHK,2027.0,3,1,160.6
Super built-up  Area,Ready To Move,Rajaji Nagar,2 BHK,1304.0,2,3,161.59
Plot  Area,Under Construction,Jayanagar,3 BHK,1926.0,3,2,257.56
Super built-up  Area,Ready To Move,Hebbal,2 BHK,1034.0,2,0,86.67
Built-up  Area,Ready To Move,Indiranagar,2 BHK,1219.0,3,3,197.48
Built-up  Area,Under Construction,Other,2 BHK,993.0,3,0,51.2
Super built-up  Area,Ready To Move,HSR Layout,3 BHK,2085.0,4,2,199.62
Super built-up  Area,Ready To Move,Rajaji Nagar,2 BHK,1188.0,3,1,148.55
Super built-up  Area,Ready To Move,Whitefield,2 BHK,1081.0,3,1,85.34
Carpet  Area,Ready To Move,Electronic City,3 BHK,1842.0,4,1,105.4
Super built-up  Area,Ready To Move,Hebbal,2 BHK,1148.0,3,2,119.7
Super built-up  Area,Ready To Move,Indiranagar,2 BHK,857.0,3,1,125.78
Built-up  Area,Ready To Move,Yelahanka,3 BHK,1350.0,4,1,98.85
Super built-up  Area,Under Construction,Other,2 BHK,1073.0,2,1,58.34
Super built-up  Area,Ready To Move,Sarjapur Road,2 BHK,1128.0,2,0,86.58
Super built-up  Area,Ready To Move,Whitefield,2 BHK,1367.0,2,1,91.25
Super built-up  Area,Ready To Move,Yelahanka,2 BHK,1097.0,3,2,73.06
Built-up  Area,Ready To Move,Koramangala,2 BHK,1177.0,2,1,157.59
Super built-up  Area,Ready To Move,Electronic City,3 BHK,1438.0,3,1,75.48
Super built-up  Area,Ready To Move,HSR Layout,3 BHK,1198.0,4,1,114.37
Super built-up  Area,Under Construction,Thanisandra,2 BHK,1182.0,3,1,69.81
Super built-up  Area,Ready To Move,Thanisandra,2 BHK,1010.0,2,2,58.7
Plot  Area,Ready To Move,HSR Layout,2 BHK,924.0,2,1,104.65
Plot  Area,Ready To Move,Sarjapur Road,1 BHK,814.0,2,2,71.88
Super built-up  Area,Ready To Move,Other,4 BHK,2066.0,4,1,129.94
Super built-up  Area,Under Construction,Bellandur,2 BHK,1194.0,2,2,77.51
Super built-up  Area,Ready To Move,Hebbal,3 BHK,2049.0,3,1,221.0
Super built-up  Area,Ready To Move,Electronic City,3 BHK,1697.0,4,2,76.22
Super built-up  Area,Under Construction,Thanisandra,3 BHK,1577.0,3,0,96.36
Built-up  Area,Under Construction,Electronic City,2 BHK,871.0,2,1,49.61
Super built-up  Area,Ready To Move,Electronic City,2 BHK,1084.0,3,2,52.87
Super built-up  Area,Under Construction,HSR Layout,1 BHK,387.0,1,1,32.85
Super built-up  Area,Ready To Move,Electronic City,3 BHK,1599.0,4,1,89.03
Super built-up  Area,Ready To Move,Koramangala,2 BHK,1404.0,3,1,190.58
Built-up  Area,Ready To Move,Whitefield,2 BHK,1134.0,2,1,87.42
Super built-up  Area,Ready To Move,Bellandur,3 BHK,1535.0,3,2,112.6
Super built-up  Area,Ready To Move,Electronic City,2 BHK,1153.0,2,2,63.21
Super built-up  Area,Ready To Move,Whitefield,1 BHK,661.0,2,1,48.08
Plot  Area,Ready To Move,Whitefield,2 BHK,1046.0,2,1,81.88
Super built-up  Area,Ready To Move,Marathahalli,2 BHK,1191.0,2,0,76.19
Plot  Area,Ready To Move,Jayanagar,4 BHK,2625.0,4,3,421.57
Super built-up  Area,Ready To Move,Electronic City,2 BHK,782.0,2,2,43.87
Plot  Area,Ready To Move,Thanisandra,2 BHK,881.0,3,2,70.67
Built-up  Area,Ready To Move,Koramangala,4 BHK,2523.0,5,2,380.58
Super built-up  Area,Ready To Move,Other,2 BHK,1231.0,2,2,62.98
Built-up  Area,Ready To Move,Sarjapur Road,2 BHK,1216.0,3,2,97.13
Built-up  Area,Ready To Move,Bellandur,2 BHK,1370.0,2,1,122.24
Super built-up  Area,Under Construction,Whitefield,4 BHK,2441.0,5,1,161.3
Super built-up  Area,Ready To Move,Sarjapur Road,3 BHK,2008.0,3,2,160.09
Super built-up  Area,Ready To Move,Marathahalli,2 BHK,1318.0,2,2,85.04
Built-up  Area,Ready To Move,HSR Layout,2 BHK,1309.0,2,1,140.46
Built-up  Area,Under Construction,Electronic City,3 BHK,2179.0,3,1,110.52
Built-up  Area,Ready To Move,Whitefield,2 BHK,934.0,2,2,66.05
Built-up  Area,Under Construction,Bellandur,2 BHK,1446.0,3,2,116.75
Built-up  Area,Ready To Move,Koramangala,3 BHK,1445.0,4,0,207.81
Super built-up  Area,Ready To Move,Sarjapur Road,3 BHK,1566.0,3,1,125.28
Super built-up  Area,Ready To Move,Marathahalli,4 BHK,1927.0,4,2,118.85
Plot  Area,Ready To Move,Whitefield,3 BHK,1521.0,3,1,111.65
Super built-up  Area,Ready To Move,Sarjapur Road,4 BHK,2655.0,5,2,176.99
Super built-up  Area,Ready To Move,Marathahalli,3 BHK,1540.0,3,3,100.72
Built-up  Area,Under Construction,Sarjapur Road,1 BHK,669.0,1,0,44.07
Super built-up  Area,Ready To Move,Electronic City,1 BHK,512.0,2,2,32.79
Super built-up  Area,Ready To Move,HSR Layout,3 BHK,1863.0,3,2,162.3
Super built-up  Area,Ready To Move,Yelahanka,1 BHK,531.0,1,1,30.49
Super built-up  Area,Ready To Move,Whitefield,3 BHK,1382.0,4,2,88.4
Carpet  Area,Ready To Move,Marathahalli,3 BHK,1513.0,3,1,117.28
Super built-up  Area,Ready To Move,Yelahanka,2 BHK,1024.0,2,2,66.9
Super built-up  Area,Ready To Move,Electronic City,2 BHK,1301.0,2,1,69.62
Super built-up  Area,Ready To Move,Thanisandra,2 BHK,1013.0,2,0,67.82
Super built-up  Area,Ready To Move,Sarjapur Road,1 BHK,519.0,1,1,41.22
Super built-up  Area,Under Construction,Hebbal,3 BHK,2111.0,3,1,171.3
Super built-up  Area,Ready To Move,Yelahanka,1 BHK,418.0,1,1,28.86
Super built-up  Area,Ready To Move,Marathahalli,4 BHK,2476.0,5,2,145.18
Super built-up  Area,Ready To Move,Whitefield,2 BHK,931.0,2,0,71.98
Super built-up  Area,Ready To Move,Hebbal,3 BHK,1460.0,3,0,142.32
Built-up  Area,Ready To Move,HSR Layout,1 BHK,648.0,2,0,70.2
Plot  Area,Under Construction,Sarjapur Road,2 BHK,1234.0,2,2,93.8
Plot  Area,Under Construction,Sarjapur Road,2 BHK,1319.0,3,1,110.09
Super built-up  Area,Ready To Move,Whitefield,1 BHK,734.0,2,3,50.14
Super built-up  Area,Ready To Move,Bellandur,3 BHK,1653.0,3,1,125.02
Built-up  Area,Under Construction,Hebbal,4 BHK,2613.0,5,1,211.16
Super built-up  Area,Ready To Move,Electronic City,1 BHK,532.0,2,2,33.76
Built-up  Area,Ready To Move,Yelahanka,2 BHK,1341.0,2,2,100.16
Built-up  Area,Ready To Move,Yelahanka,3 BHK,1521.0,3,2,105.1
Built-up  Area,Ready To Move,HSR Layout,3 BHK,1508.0,3,1,146.2
Carpet  Area,Under Construction,Sarjapur Road,2 BHK,1011.0,3,1,83.6
Built-up  Area,Ready To Move,Koramangala,1 BHK,556.0,1,1,90.9
Built-up  Area,Ready To Move,Electronic City,1 BHK,584.0,1,1,37.4
Super built-up  Area,Under Construction,Electronic City,2 BHK,1412.0,2,2,67.93
Plot  Area,Ready To Move,Thanisandra,1 BHK,572.0,2,2,39.38
Super built-up  Area,Under Construction,Whitefield,2 BHK,1530.0,2,2,103.85
Plot  Area,Ready To Move,Whitefield,2 BHK,1244.0,2,2,92.81
Super built-up  Area,Ready To Move,Whitefield,2 BHK,999.0,2,1,65.26
Super built-up  Area,Ready To Move,Electronic City,2 BHK,1241.0,2,2,62.94
Built-up  Area,Ready To Move,Whitefield,2 BHK,979.0,2,2,72.12
Super built-up  Area,Ready To Move,Other,1 BHK,750.0,2,1,48.06
Built-up  Area,Ready To Move,Electronic City,2 BHK,1201.0,2,2,62.74
Super built-up  Area,Under Construction,Whitefield,2 BHK,1023.0,3,1,60.1
Plot  Area,Under Construction,Electronic City,1 BHK,727.0,2,3,43.74
Built-up  Area,Ready To Move,Marathahalli,3 BHK,2023.0,3,0,142.89
Built-up  Area,Under Construction,HSR Layout,2 BHK,1448.0,3,2,154.37
Super built-up  Area,Under Construction,Sarjapur Road,3 BHK,1801.0,3,1,113.81
Super built-up  Area,Ready To Move,Jayanagar,2 BHK,1208.0,3,2,155.63
Built-up  Area,Ready To Move,Sarjapur Road,2 BHK,1417.0,3,1,104.03
Super built-up  Area,Under Construction,Sarjapur Road,3 BHK,1524.0,3,2,102.27
Super built-up  Area,Ready To Move,Electronic City,1 BHK,726.0,1,2,38.59
Super built-up  Area,Ready To Move,Sarjapur Road,1 BHK,379.0,2,1,32.15
Super built-up  Area,Ready To Move,Sarjapur Road,2 BHK,1337.0,2,2,100.69
Super built-up  Area,Ready To Move,Bellandur,2 BHK,916.0,3,2,73.78
Super built-up  Area,Under Construction,Electronic City,2 BHK,1229.0,2,2,61.83
Super built-up  Area,Ready To Move,Indiranagar,3 BHK,1778.0,3,2,304.89
Plot  Area,Under Construction,Whitefield,1 BHK,720.0,1,1,57.92
Super built-up  Area,Under Construction,Electronic City,4 BHK,2483.0,5,1,123.39
Carpet  Area,Ready To Move,Hebbal,2 BHK,1329.0,3,2,171.91
Super built-up  Area,Ready To Move,Marathahalli,2 BHK,1215.0,2,2,77.1
Super built-up  Area,Ready To Move,Sarjapur Road,3 BHK,1817.0,4,2,135.56
Super built-up  Area,Ready To Move,Bellandur,1 BHK,607.0,2,3,49.56
Super built-up  Area,Under Construction,Electronic City,5 BHK,3526.0,6,0,139.18
Super built-up  Area,Ready To Move,Whitefield,1 BHK,694.0,2,1,50.45
Plot  Area,Under Construction,Whitefield,2 BHK,1048.0,2,1,66.04
Super built-up  Area,Ready To Move,Sarjapur Road,2 BHK,1170.0,3,3,86.09
Built-up  Area,Ready To Move,Electronic City,2 BHK,1277.0,2,1,62.8
Super built-up  Area,Ready To Move,Electronic City,2 BHK,1408.0,2,1,71.6
Super built-up  Area,Ready To Move,Thanisandra,1 BHK,583.0,1,2,44.6
Super built-up  Area,Ready To Move,Whitefield,1 BHK,467.0,2,0,34.28
Plot  Area,Ready To Move,Indiranagar,1 BHK,527.0,1,1,83.24
Super built-up  Area,Ready To Move,Sarjapur Road,2 BHK,872.0,2,2,63.5
Plot  Area,Ready To Move,HSR Layout,4 BHK,1803.0,5,1,215.0
Super built-up  Area,Ready To Move,Indiranagar,2 BHK,1261.0,3,2,186.8
Super built-up  Area,Ready To Move,Sarjapur Road,3 BHK,1520.0,3,1,116.22
Super built-up  Area,Ready To Move,Sarjapur Road,2 BHK,867.0,3,3,66.98
Built-up  Area,Ready To Move,Thanisandra,1 BHK,664.0,2,2,53.7
Built-up  Area,Under Construction,Jayanagar,2 BHK,1293.0,3,0,163.08
Super built-up  Area,Under Construction,Electronic City,3 BHK,1533.0,3,1,76.98
Plot  Area,Ready To Move,Whitefield,3 BHK,1444.0,3,1,105.56
Super built-up  Area,Ready To Move,Rajaji Nagar,2 BHK,1467.0,2,1,174.77
Plot  Area,Ready To Move,Sarjapur Road,2 BHK,1037.0,2,0,82.96
Built-up  Area,Ready To Move,Indiranagar,1 BHK,549.0,1,1,89.03
Built-up  Area,Ready To Move,Sarjapur Road,3 BHK,2073.0,4,1,154.25
Built-up  Area,Ready To Move,Whitefield,2 BHK,1273.0,3,0,90.43
Super built-up  Area,Ready To Move,Indiranagar,3 BHK,1473.0,3,2,197.39
Built-up  Area,Ready To Move,HSR Layout,3 BHK,1659.0,4,2,179.07
Super built-up  Area,Ready To Move,Electronic City,3 BHK,1578.0,4,1,77.49
Super built-up  Area,Ready To Move,Hebbal,2 BHK,1462.0,3,2,127.74
Super built-up  Area,Under Construction,Yelahanka,3 BHK,1774.0,3,2,102.64
Super built-up  Area,Under Construction,Indiranagar,2 BHK,1232.0,2,2,189.77
Super built-up  Area,Under Construction,Whitefield,2 BHK,1125.0,2,1,71.05
Super built-up  Area,Ready To Move,HSR Layout,1 BHK,496.0,2,3,50.06
Super built-up  Area,Ready To Move,Bellandur,3 BHK,1855.0,4,2,138.28
Super built-up  Area,Ready To Move,Yelahanka,2 BHK,1276.0,2,1,75.17
Plot  Area,Ready To Move,Koramangala,3 BHK,1940.0,3,3,333.09
Super built-up  Area,Ready To Move,Electronic City,3 BHK,1398.0,3,2,73.1
Built-up  Area,Under Construction,Thanisandra,3 BHK,2066.0,3,1,140.68
Super built-up  Area,Under Construction,Bellandur,1 BHK,458.0,1,1,32.42
Super built-up  Area,Under Construction,Whitefield,3 BHK,2050.0,3,1,149.82
Super built-up  Area,Ready To Move,Hebbal,1 BHK,802.0,2,1,76.17
Super built-up  Area,Ready To Move,Sarjapur Road,3 BHK,1957.0,3,2,148.54
Super built-up  Area,Under Construction,Bellandur,2 BHK,1257.0,2,2,81.72
Super built-up  Area,Under Construction,Electronic City,3 BHK,1428.0,4,1,61.62
Super built-up  Area,Ready To Move,Indiranagar,2 BHK,865.0,2,1,132.64
Super built-up  Area,Ready To Move,Rajaji Nagar,3 BHK,1414.0,3,2,160.22
Plot  Area,Ready To Move,Yelahanka,2 BHK,936.0,2,1,69.52
Super built-up  Area,Ready To Move,Marathahalli,3 BHK,2055.0,3,1,149.52
Super built-up  Area,Ready To Move,Other,2 BHK,1259.0,3,3,76.58
Built-up  Area,Under Construction,Whitefield,3 BHK,2132.0,3,3,146.36
Super built-up  Area,Ready To Move,Koramangala,2 BHK,1315.0,3,2,168.04
Carpet  Area,Ready To Move,Hebbal,3 BHK,2078.0,3,3,277.52
Super built-up  Area,Ready To Move,Jayanagar,2 BHK,937.0,2,3,117.82
Super built-up  Area,Ready To Move,Electronic City,2 BHK,1246.0,2,1,61.74
Super built-up  Area,Ready To Move,Other,3 BHK,1696.0,4,1,95.83
Super built-up  Area,Ready To Move,Koramangala,3 BHK,2230.0,3,2,315.28
Super built-up  Area,Ready To Move,Yelahanka,3 BHK,1481.0,3,3,73.58
Plot  Area,Under Construction,Whitefield,4 BHK,2173.0,5,2,168.14
Super built-up  Area,Ready To Move,Electronic City,2 BHK,1380.0,2,1,69.62
Super built-up  Area,Ready To Move,Thanisandra,2 BHK,1223.0,2,2,85.06
Super built-up  Area,Under Construction,Whitefield,2 BHK,1358.0,2,2,91.13
Super built-up  Area,Under Construction,Yelahanka,2 BHK,980.0,2,1,61.53
Super built-up  Area,Ready To Move,Whitefield,2 BHK,1029.0,3,0,72.93
Super built-up  Area,Under Construction,Bellandur,3 BHK,1634.0,3,3,131.02
Super built-up  Area,Ready To Move,Sarjapur Road,2 BHK,1550.0,3,2,126.75
Super built-up  Area,Ready To Move,Koramangala,2 BHK,1108.0,2,0,157.84
Super built-up  Area,Ready To Move,Bellandur,2 BHK,962.0,2,2,74.35
Super built-up  Area,Ready To Move,Sarjapur Road,2 BHK,1240.0,2,1,80.42
Super built-up  Area,Ready To Move,Whitefield,2 BHK,1164.0,2,2,78.41
Super built-up  Area,Ready To Move,Whitefield,1 BHK,604.0,1,2,37.87
Super built-up  Area,Ready To Move,Indiranagar,4 BHK,2492.0,4,2,389.87
Built-up  Area,Ready To Move,HSR Layout,2 BHK,1047.0,2,1,116.9
Plot  Area,Ready To Move,Thanisandra,3 BHK,2222.0,3,0,156.11
Plot  Area,Under Construction,HSR Layout,2 BHK,1120.0,3,0,102.85
Carpet  Area,Ready To Move,Hebbal,2 BHK,1535.0,3,1,158.72
Carpet  Area,Ready To Move,Sarjapur Road,2 BHK,1301.0,3,1,105.92
Built-up  Area,Under Construction,Whitefield,3 BHK,1537.0,3,1,94.19
Carpet  Area,Ready To Move,Sarjapur Road,4 BHK,2734.0,4,1,239.14
Plot  Area,Ready To Move,Other,2 BHK,1511.0,2,2,98.57
Built-up  Area,Ready To Move,Jayanagar,1 BHK,566.0,1,2,91.63
Super built-up  Area,Ready To Move,Sarjapur Road,2 BHK,1547.0,2,0,117.23
Super built-up  Area,Ready To Move,Indiranagar,2 BHK,1205.0,2,1,174.22
Built-up  Area,Under Construction,Jayanagar,3 BHK,1937.0,4,2,276.93
Super built-up  Area,Ready To Move,Hebbal,2 BHK,1188.0,3,2,119.5
Built-up  Area,Ready To Move,Whitefield,1 BHK,480.0,1,1,31.59
Super built-up  Area,Ready To Move,Whitefield,4 BHK,2542.0,4,2,169.84
Super built-up  Area,Ready To Move,HSR Layout,2 BHK,1132.0,2,0,113.58
Built-up  Area,Ready To Move,Marathahalli,3 BHK,1836.0,4,2,139.17
Plot  Area,Under Construction,Bellandur,3 BHK,1685.0,3,2,153.26
Super built-up  Area,Ready To Move,Whitefield,1 BHK,561.0,2,1,39.89
Plot  Area,Ready To Move,Electronic City,1 BHK,586.0,1,2,33.9
Built-up  Area,Ready To Move,Thanisandra,1 BHK,350.0,1,2,26.33
Super built-up  Area,Ready To Move,Jayanagar,4 BHK,2192.0,4,2,264.68
Super built-up  Area,Under Construction,Koramangala,3 BHK,2142.0,3,2,265.95
Super built-up  Area,Under Construction,Koramangala,2 BHK,1585.0,2,0,189.67
Super built-up  Area,Ready To Move,Whitefield,3 BHK,1673.0,4,3,121.32
Super built-up  Area,Ready To Move,Yelahanka,3 BHK,2207.0,3,2,143.85
Super built-up  Area,Ready To Move,Yelahanka,1 BHK,445.0,1,1,26.94
Super built-up  Area,Ready To Move,Electronic City,2 BHK,1052.0,2,1,61.78
Built-up  Area,Under Construction,Bellandur,3 BHK,1464.0,3,2,118.07
Super built-up  Area,Ready To Move,Electronic City,2 BHK,1468.0,3,1,66.87
Super built-up  Area,Ready To Move,Whitefield,3 BHK,1510.0,3,2,96.17
Super built-up  Area,Ready To Move,Electronic City,3 BHK,1560.0,3,2,82.82
Built-up  Area,Ready To Move,Electronic City,1 BHK,501.0,1,3,27.94
Plot  Area,Ready To Move,Sarjapur Road,3 BHK,1643.0,3,2,131.77
Super built-up  Area,Ready To Move,Hebbal,1 BHK,769.0,2,2,68.29
Plot  Area,Ready To Move,HSR Layout,3 BHK,1782.0,4,2,209.51
Built-up  Area,Ready To Move,Hebbal,2 BHK,1188.0,2,2,111.73
Built-up  Area,Ready To Move,Electronic City,3 BHK,1532.0,3,1,92.62
Built-up  Area,Ready To Move,Whitefield,3 BHK,2174.0,4,1,165.26
Super built-up  Area,Ready To Move,Koramangala,2 BHK,1306.0,3,2,193.96
Super built-up  Area,Ready To Move,Sarjapur Road,2 BHK,1351.0,3,1,111.97
Super built-up  Area,Ready To Move,Sarjapur Road,2 BHK,995.0,3,2,79.78
Super built-up  Area,Ready To Move,Jayanagar,2 BHK,1383.0,2,2,194.96
Super built-up  Area,Ready To Move,Thanisandra,2 BHK,843.0,2,2,49.97
Plot  Area,Ready To Move,Jayanagar,5 BHK,2967.0,5,3,414.35
Super built-up  Area,Under Construction,HSR Layout,3 BHK,2051.0,4,1,194.68
Carpet  Area,Ready To Move,Whitefield,2 BHK,1484.0,2,1,130.62
Super built-up  Area,Ready To Move,Bellandur,3 BHK,2284.0,3,2,169.91
Super built-up  Area,Ready To Move,Electronic City,2 BHK,1199.0,2,1,58.95
Super built-up  Area,Under Construction,Hebbal,3 BHK,1744.0,3,2,146.37
Super built-up  Area,Under Construction,Whitefield,2 BHK,832.0,2,2,57.2
Carpet  Area,Under Construction,Yelahanka,2 BHK,1344.0,2,1,102.26
Built-up  Area,Ready To Move,Whitefield,1 BHK,838.0,1,2,65.33
Super built-up  Area,Ready To Move,Rajaji Nagar,5 BHK,3159.0,5,1,387.54
Plot  Area,Under Construction,Jayanagar,2 BHK,1400.0,2,3,213.14
Built-up  Area,Under Construction,Hebbal,2 BHK,1075.0,3,3,103.73
Super built-up  Area,Under Construction,Thanisandra,2 BHK,1045.0,2,0,65.35
Built-up  Area,Ready To Move,Koramangala,2 BHK,1137.0,2,2,169.1
Super built-up  Area,Ready To Move,Yelahanka,2 BHK,1271.0,2,2,84.19
Super built-up  Area,Ready To Move,Hebbal,3 BHK,1991.0,4,1,175.34
Built-up  Area,Ready To Move,Yelahanka,1 BHK,649.0,2,0,46.76
Super built-up  Area,Under Construction,Hebbal,2 BHK,1418.0,3,2,113.18
Super built-up  Area,Under Construction,Marathahalli,2 BHK,945.0,2,1,57.01
Super built-up  Area,Ready To Move,HSR Layout,2 BHK,1393.0,2,2,133.98
Carpet  Area,Ready To Move,Hebbal,2 BHK,1027.0,2,1,121.05
Built-up  Area,Under Construction,Yelahanka,2 BHK,1167.0,3,3,80.77
Super built-up  Area,Ready To Move,Yelahanka,1 BHK,643.0,1,3,46.25
Super built-up  Area,Ready To Move,Indiranagar,2 BHK,1216.0,3,1,188.81
Super built-up  Area,Ready To Move,Electronic City,2 BHK,1180.0,2,2,56.84
Built-up  Area,Ready To Move,Hebbal,2 BHK,1210.0,2,1,126.45
Super built-up  Area,Ready To Move,Marathahalli,2 BHK,962.0,2,2,64.51
Built-up  Area,Ready To Move,Thanisandra,3 BHK,1694.0,3,3,125.87
Plot  Area,Ready To Move,Yelahanka,3 BHK,1967.0,3,3,141.92
Built-up  Area,Ready To Move,Whitefield,2 BHK,765.0,2,0,57.29
Super built-up  Area,Ready To Move,Hebbal,2 BHK,1192.0,2,1,114.73
Super built-up  Area,Ready To Move,Koramangala,2 BHK,1466.0,3,1,213.92
Super built-up  Area,Ready To Move,Yelahanka,4 BHK,1838.0,4,2,102.44
Super built-up  Area,Under Construction,Whitefield,2 BHK,1081.0,2,1,74.93
Built-up  Area,Ready To Move,Jayanagar,1 BHK,681.0,1,0,97.21
Super built-up  Area,Ready To Move,HSR Layout,2 BHK,1334.0,2,1,147.09
Super built-up  Area,Ready To Move,Electronic City,2 BHK,1229.0,2,3,62.37
Plot  Area,Ready To Move,Sarjapur Road,2 BHK,1105.0,3,2,83.27
Super built-up  Area,Ready To Move,Electronic City,3 BHK,1780.0,4,2,104.91
Super built-up  Area,Ready To Move,HSR Layout,2 BHK,1287.0,2,2,126.82
Built-up  Area,Under Construction,Whitefield,2 BHK,877.0,3,1,62.46
Super built-up  Area,Under Construction,Electronic City,4 BHK,2715.0,4,0,134.78
Built-up  Area,Ready To Move,Yelahanka,2 BHK,1404.0,2,1,99.01
Built-up  Area,Ready To Move,Whitefield,2 BHK,1055.0,3,2,68.24
Built-up  Area,Ready To Move,Electronic City,2 BHK,1508.0,2,1,86.44
Super built-up  Area,Ready To Move,Hebbal,1 BHK,433.0,1,1,38.92
Super built-up  Area,Ready To Move,HSR Layout,3 BHK,2021.0,3,2,188.45
Super built-up  Area,Ready To Move,Thanisandra,2 BHK,1205.0,3,2,77.55
Super built-up  Area,Under Construction,Hebbal,3 BHK,1622.0,3,2,139.44
Carpet  Area,Under Construction,Yelahanka,3 BHK,2088.0,4,1,174.25
Built-up  Area,Ready To Move,Koramangala,2 BHK,975.0,2,0,147.76
Super built-up  Area,Ready To Move,Whitefield,2 BHK,889.0,2,1,61.81
Plot  Area,Ready To Move,Electronic City,2 BHK,936.0,3,2,62.29
Built-up  Area,Ready To Move,Hebbal,3 BHK,1540.0,3,2,138.12
Super built-up  Area,Under Construction,Sarjapur Road,1 BHK,620.0,1,2,37.39
Super built-up  Area,Ready To Move,Thanisandra,2 BHK,1219.0,2,0,72.97
Super built-up  Area,Ready To Move,Indiranagar,3 BHK,1950.0,4,0,285.54
Carpet  Area,Under Construction,Sarjapur Road,2 BHK,1421.0,3,1,114.83
Super built-up  Area,Ready To Move,Electronic City,2 BHK,1305.0,2,1,61.05
Plot  Area,Ready To Move,Electronic City,2 BHK,1087.0,2,0,59.02
Super built-up  Area,Ready To Move,Indiranagar,2 BHK,1179.0,2,2,154.37
Plot  Area,Ready To Move,Hebbal,2 BHK,956.0,2,1,92.44
Super built-up  Area,Ready To Move,HSR Layout,3 BHK,1390.0,3,0,140.42
Carpet  Area,Ready To Move,Electronic City,2 BHK,1352.0,2,1,85.94
Plot  Area,Ready To Move,Bellandur,2 BHK,1389.0,2,3,144.32
Super built-up  Area,Ready To Move,Jayanagar,2 BHK,1178.0,3,1,167.52
Built-up  Area,Ready To Move,Electronic City,3 BHK,1391.0,4,1,76.07
Built-up  Area,Under Construction,HSR Layout,3 BHK,1449.0,3,1,142.53
Plot  Area,Ready To Move,Other,2 BHK,1126.0,2,2,68.77
Super built-up  Area,Ready To Move,Sarjapur Road,2 BHK,1081.0,2,1,78.04
Super built-up  Area,Under Construction,Indiranagar,3 BHK,1407.0,3,0,195.64
Plot  Area,Under Construction,Whitefield,2 BHK,1279.0,3,2,83.3
Built-up  Area,Under Construction,Koramangala,2 BHK,1092.0,2,1,146.25
Super built-up  Area,Ready To Move,Whitefield,2 BHK,1206.0,2,1,72.73
Built-up  Area,Ready To Move,Marathahalli,2 BHK,1145.0,3,2,70.74
Super built-up  Area,Ready To Move,Thanisandra,2 BHK,1280.0,2,2,97.17
Built-up  Area,Under Construction,Yelahanka,3 BHK,2075.0,3,1,130.08
Super built-up  Area,Ready To Move,Bellandur,2 BHK,1256.0,2,2,98.07
Super built-up  Area,Ready To Move,Indiranagar,2 BHK,1208.0,3,2,152.85
Super built-up  Area,Ready To Move,Hebbal,2 BHK,971.0,3,0,96.66
Super built-up  Area,Ready To Move,Jayanagar,2 BHK,1414.0,2,0,196.65
Super built-up  Area,Ready To Move,Marathahalli,1 BHK,464.0,2,2,32.96
Super built-up  Area,Under Construction,HSR Layout,1 BHK,557.0,1,2,53.21
Super built-up  Area,Ready To Move,Marathahalli,2 BHK,907.0,2,2,63.65
Super built-up  Area,Ready To Move,Indiranagar,2 BHK,1228.0,2,2,180.92
Built-up  Area,Under Construction,HSR Layout,2 BHK,1253.0,2,1,122.16
Super built-up  Area,Ready To Move,Hebbal,5 BHK,2943.0,5,1,273.71
Super built-up  Area,Ready To Move,Electronic City,2 BHK,1010.0,3,2,49.53
Super built-up  Area,Ready To Move,Whitefield,3 BHK,1949.0,4,2,123.62
Plot  Area,Ready To Move,Electronic City,2 BHK,1224.0,2,0,67.48
Built-up  Area,Ready To Move,HSR Layout,2 BHK,1587.0,2,1,153.61
Super built-up  Area,Ready To Move,Sarjapur Road,2 BHK,1225.0,2,1,81.56
Built-up  Area,Under Construction,Hebbal,1 BHK,450.0,1,3,53.39
Carpet  Area,Under Construction,Other,1 BHK,467.0,1,1,30.35
Super built-up  Area,Ready To Move,Sarjapur Road,2 BHK,1332.0,2,2,83.23
Carpet  Area,Ready To Move,Hebbal,2 BHK,1112.0,2,0,116.77
Super built-up  Area,Ready To Move,Whitefield,2 BHK,1314.0,3,1,68.89
Super built-up  Area,Ready To Move,Whitefield,3 BHK,2046.0,4,1,129.51
Super built-up  Area,Ready To Move,Thanisandra,2 BHK,1057.0,3,2,77.51
Built-up  Area,Ready To Move,Indiranagar,2 BHK,1186.0,2,2,192.2
Super built-up  Area,Ready To Move,Thanisandra,3 BHK,1612.0,3,2,91.12
Super built-up  Area,Ready To Move,Whitefield,2 BHK,1330.0,2,0,88.74
Super built-up  Area,Ready To Move,Indiranagar,3 BHK,1976.0,4,3,297.86
Super built-up  Area,Under Construction,Electronic City,4 BHK,2414.0,5,2,112.49
Super built-up  Area,Under Construction,Electronic City,2 BHK,1077.0,2,2,46.05
Super built-up  Area,Ready To Move,Whitefield,1 BHK,480.0,1,1,32.75
Super built-up  Area,Ready To Move,Whitefield,4 BHK,2867.0,4,3,201.81
Carpet  Area,Under Construction,Sarjapur Road,2 BHK,987.0,2,2,77.11
Super built-up  Area,Ready To Move,Whitefield,2 BHK,968.0,2,1,64.58
Super built-up  Area,Ready To Move,Other,2 BHK,1390.0,3,2,85.08
Super built-up  Area,Ready To Move,Sarjapur Road,2 BHK,1411.0,2,2,107.18
Super built-up  Area,Ready To Move,Whitefield,5 BHK,2729.0,6,1,203.68
Super built-up  Area,Ready To Move,Electronic City,1 BHK,776.0,1,2,40.2
Super built-up  Area,Ready To Move,Indiranagar,2 BHK,1108.0,2,2,165.47
Built-up  Area,Ready To Move,Whitefield,2 BHK,928.0,2,2,68.59
Super built-up  Area,Ready To Move,Jayanagar,2 BHK,1382.0,3,2,155.89
Super built-up  Area,Ready To Move,Marathahalli,2 BHK,954.0,2,2,61.53
Super built-up  Area,Ready To Move,Electronic City,5 BHK,2696.0,5,1,138.46
Built-up  Area,Ready To Move,Hebbal,3 BHK,1824.0,3,1,176.86
Built-up  Area,Ready To Move,Whitefield,2 BHK,1066.0,2,2,91.62
Super built-up  Area,Ready To Move,Koramangala,2 BHK,1399.0,2,2,162.37
Super built-up  Area,Ready To Move,Hebbal,1 BHK,638.0,2,0,54.07
Carpet  Area,Ready To Move,Electronic City,2 BHK,879.0,2,2,56.86
Super built-up  Area,Ready To Move,Electronic City,2 BHK,1494.0,3,0,84.23
Super built-up  Area,Ready To Move,Bellandur,3 BHK,2200.0,4,2,175.84
Super built-up  Area,Under Construction,Hebbal,2 BHK,1186.0,2,0,96.98
Super built-up  Area,Ready To Move,Electronic City,3 BHK,1614.0,3,2,84.16
Carpet  Area,Ready To Move,Bellandur,2 BHK,1269.0,2,0,125.43
Carpet  Area,Under Construction,Indiranagar,4 BHK,2233.0,4,3,422.25
Built-up  Area,Ready To Move,Jayanagar,2 BHK,1093.0,2,2,157.83
Super built-up  Area,Under Construction,Whitefield,3 BHK,1855.0,4,3,120.78
Super built-up  Area,Ready To Move,Yelahanka,3 BHK,1460.0,3,3,97.42
Super built-up  Area,Ready To Move,Bellandur,4 BHK,1899.0,4,1,136.06
Carpet  Area,Ready To Move,Whitefield,3 BHK,1996.0,3,0,156.03
Built-up  Area,Ready To Move,Bellandur,3 BHK,1493.0,3,2,134.06
Super built-up  Area,Ready To Move,Hebbal,2 BHK,1183.0,2,2,98.5
Super built-up  Area,Ready To Move,Marathahalli,2 BHK,1270.0,3,2,88.22
Super built-up  Area,Under Construction,Whitefield,2 BHK,1318.0,2,2,83.13
Carpet  Area,Ready To Move,Koramangala,1 BHK,591.0,1,2,104.33
Super built-up  Area,Ready To Move,Sarjapur Road,3 BHK,2369.0,4,2,167.54
Super built-up  Area,Ready To Move,Marathahalli,2 BHK,974.0,2,2,65.3
Super built-up  Area,Ready To Move,Sarjapur Road,2 BHK,1254.0,2,2,95.16
Super built-up  Area,Under Construction,Marathahalli,2 BHK,1294.0,3,2,85.7
Plot  Area,Ready To Move,Rajaji Nagar,2 BHK,994.0,2,2,137.24
Carpet  Area,Ready To Move,Electronic City,1 BHK,524.0,1,0,33.67
Plot  Area,Ready To Move,Yelahanka,2 BHK,974.0,3,2,70.33
Built-up  Area,Under Construction,Other,1 BHK,583.0,1,2,29.55
Super built-up  Area,Ready To Move,Electronic City,2 BHK,1264.0,2,2,76.22
Super built-up  Area,Under Construction,Hebbal,1 BHK,739.0,1,0,62.67
Super built-up  Area,Ready To Move,HSR Layout,4 BHK,2903.0,4,1,244.1
Built-up  Area,Under Construction,Sarjapur Road,4 BHK,2234.0,4,2,147.8
Super built-up  Area,Ready To Move,Whitefield,2 BHK,1255.0,2,3,84.14
Built-up  Area,Ready To Move,Electronic City,2 BHK,730.0,2,1,44.91
Super built-up  Area,Ready To Move,Electronic City,1 BHK,574.0,1,1,27.35
Super built-up  Area,Ready To Move,Hebbal,3 BHK,2214.0,4,2,214.54
Built-up  Area,Ready To Move,Electronic City,2 BHK,952.0,2,1,49.78
Plot  Area,Ready To Move,Jayanagar,3 BHK,1398.0,3,0,200.57
Super built-up  Area,Ready To Move,Bellandur,3 BHK,1899.0,3,1,166.37
Super built-up  Area,Ready To Move,Whitefield,3 BHK,1289.0,4,2,84.35
Plot  Area,Ready To Move,Bellandur,3 BHK,1944.0,4,1,163.56
Built-up  Area,Ready To Move,Bellandur,3 BHK,1618.0,3,2,108.71
Super built-up  Area,Ready To Move,Marathahalli,3 BHK,1948.0,4,2,148.2
Super built-up  Area,Ready To Move,Whitefield,3 BHK,1611.0,4,1,107.34
Super built-up  Area,Ready To Move,Electronic City,2 BHK,1273.0,3,1,67.73
Super built-up  Area,Ready To Move,Marathahalli,4 BHK,2118.0,5,2,136.45
Plot  Area,Ready To Move,Marathahalli,3 BHK,1998.0,3,1,136.38
Super built-up  Area,Ready To Move,Thanisandra,2 BHK,1311.0,2,2,95.8
Super built-up  Area,Under Construction,Thanisandra,2 BHK,1397.0,2,2,84.21
Super built-up  Area,Ready To Move,Whitefield,3 BHK,2109.0,3,2,161.36
Super built-up  Area,Ready To Move,HSR Layout,2 BHK,1474.0,3,2,170.57
Super built-up  Area,Ready To Move,Electronic City,3 BHK,1835.0,3,1,97.21
Super built-up  Area,Ready To Move,Electronic City,2 BHK,865.0,2,2,44.03
Super built-up  Area,Under Construction,Yelahanka,3 BHK,1691.0,3,3,97.91
Super built-up  Area,Under Construction,Whitefield,2 BHK,1281.0,2,2,80.74
Super built-up  Area,Ready To Move,Hebbal,2 BHK,1388.0,3,3,128.85
Super built-up  Area,Under Construction,Marathahalli,3 BHK,2318.0,3,1,151.42
Super built-up  Area,Ready To Move,Electronic City,2 BHK,1192.0,3,2,62.43
Super built-up  Area,Ready To Move,Other,3 BHK,1442.0,3,2,83.43
Super built-up  Area,Under Construction,Other,2 BHK,1223.0,3,2,70.69
Super built-up  Area,Ready To Move,Indiranagar,4 BHK,2272.0,4,1,349.96
Carpet  Area,Ready To Move,Electronic City,2 BHK,932.0,2,0,58.94
Plot  Area,Ready To Move,Sarjapur Road,1 BHK,608.0,2,1,46.36
Super built-up  Area,Ready To Move,Hebbal,4 BHK,2538.0,4,0,189.97
Built-up  Area,Under Construction,Sarjapur Road,2 BHK,1012.0,3,2,79.58
Super built-up  Area,Ready To Move,Electronic City,4 BHK,2598.0,5,3,148.59
Super built-up  Area,Ready To Move,Other,3 BHK,1881.0,3,2,108.43
Super built-up  Area,Ready To Move,Electronic City,1 BHK,594.0,1,1,32.02
Super built-up  Area,Ready To Move,Thanisandra,2 BHK,1073.0,2,1,68.07
Super built-up  Area,Under Construction,Whitefield,1 BHK,516.0,1,2,37.7
Built-up  Area,Ready To Move,Indiranagar,2 BHK,1148.0,2,3,200.67
Built-up  Area,Ready To Move,Rajaji Nagar,2 BHK,1450.0,2,1,175.13
Super built-up  Area,Ready To Move,Electronic City,2 BHK,1031.0,3,2,48.92
Super built-up  Area,Ready To Move,Electronic City,4 BHK,2314.0,5,2,107.82
Super built-up  Area,Under Construction,Bellandur,2 BHK,1406.0,2,2,114.7
Super built-up  Area,Ready To Move,Thanisandra,2 BHK,1175.0,3,2,80.06
Carpet  Area,Ready To Move,Bellandur,2 BHK,1199.0,3,2,111.02
Built-up  Area,Ready To Move,Sarjapur Road,2 BHK,1448.0,3,2,106.86
Carpet  Area,Under Construction,Electronic City,3 BHK,1866.0,3,1,96.94
Built-up  Area,Ready To Move,Marathahalli,2 BHK,1061.0,2,2,70.29
Super built-up  Area,Ready To Move,Marathahalli,4 BHK,2229.0,4,2,153.78
Super built-up  Area,Ready To Move,Hebbal,3 BHK,2346.0,4,3,226.71
Super built-up  Area,Ready To Move,Jayanagar,2 BHK,1006.0,2,1,150.02
Super built-up  Area,Under Construction,Hebbal,3 BHK,2197.0,3,1,188.45
Built-up  Area,Ready To Move,Hebbal,3 BHK,1609.0,4,2,158.34
Super built-up  Area,Under Construction,Electronic City,3 BHK,1452.0,4,1,69.02
Super built-up  Area,Ready To Move,Hebbal,2 BHK,961.0,2,3,94.31
Built-up  Area,Ready To Move,HSR Layout,2 BHK,1292.0,2,2,142.33
Plot  Area,Under Construction,Whitefield,2 BHK,1025.0,3,1,76.75
Super built-up  Area,Ready To Move,Hebbal,2 BHK,1222.0,2,2,120.78
Built-up  Area,Ready To Move,Yelahanka,2 BHK,1065.0,3,0,81.74
Super built-up  Area,Ready To Move,Bellandur,3 BHK,2011.0,4,1,170.63
Super built-up  Area,Under Construction,Koramangala,1 BHK,815.0,1,3,116.4
Super built-up  Area,Ready To Move,Rajaji Nagar,2 BHK,1133.0,2,1,135.9
Super built-up  Area,Ready To Move,Whitefield,2 BHK,1303.0,2,2,82.32
Super built-up  Area,Ready To Move,Indiranagar,2 BHK,1323.0,3,2,204.05
Super built-up  Area,Ready To Move,Yelahanka,2 BHK,1059.0,2,1,69.26
Built-up  Area,Ready To Move,HSR Layout,3 BHK,2066.0,4,1,196.09
Plot  Area,Ready To Move,Sarjapur Road,4 BHK,2144.0,4,0,183.98
Super built-up  Area,Under Construction,Whitefield,2 BHK,1003.0,2,1,72.96
Built-up  Area,Ready To Move,Rajaji Nagar,2 BHK,1080.0,2,2,170.42
Super built-up  Area,Ready To Move,Hebbal,3 BHK,2066.0,3,1,209.63
Super built-up  Area,Under Construction,Jayanagar,1 BHK,496.0,1,2,62.97
Built-up  Area,Ready To Move,Indiranagar,1 BHK,511.0,1,2,79.67
Super built-up  Area,Ready To Move,Bellandur,2 BHK,1096.0,3,2,87.07
Super built-up  Area,Ready To Move,Yelahanka,2 BHK,886.0,2,1,49.66
Plot  Area,Under Construction,Bellandur,3 BHK,1446.0,3,1,132.62
Super built-up  Area,Ready To Move,Sarjapur Road,4 BHK,2180.0,4,2,146.93
Carpet  Area,Ready To Move,HSR Layout,2 BHK,1067.0,2,2,135.69
Super built-up  Area,Ready To Move,Yelahanka,2 BHK,984.0,2,1,51.47
Super built-up  Area,Under Construction,Sarjapur Road,2 BHK,1236.0,2,2,80.92
Super built-up  Area,Ready To Move,Sarjapur Road,2 BHK,1027.0,2,3,73.16
Super built-up  Area,Under Construction,Whitefield,4 BHK,2204.0,5,2,149.2
Super built-up  Area,Ready To Move,Rajaji Nagar,2 BHK,914.0,3,0,107.37
Built-up  Area,Ready To Move,Whitefield,2 BHK,1566.0,2,3,107.5
Super built-up  Area,Ready To Move,Koramangala,2 BHK,899.0,2,1,107.21
Super built-up  Area,Ready To Move,Hebbal,2 BHK,1311.0,2,1,128.71
Super built-up  Area,Ready To Move,Hebbal,2 BHK,1021.0,2,0,88.77
Super built-up  Area,Ready To Move,Bellandur,2 BHK,1168.0,3,1,96.93
Built-up  Area,Ready To Move,Whitefield,3 BHK,1245.0,3,2,84.55
Built-up  Area,Ready To Move,Indiranagar,2 BHK,820.0,2,2,131.32
Carpet  Area,Ready To Move,Thanisandra,3 BHK,1389.0,3,1,112.15
Super built-up  Area,Ready To Move,Yelahanka,3 BHK,1831.0,4,2,119.14
Super built-up  Area,Under Construction,Electronic City,3 BHK,1386.0,3,2,69.49
Super built-up  Area,Under Construction,Rajaji Nagar,2 BHK,1039.0,2,2,124.96
Plot  Area,Ready To Move,Bellandur,3 BHK,1420.0,3,1,121.21
Super built-up  Area,Ready To Move,Rajaji Nagar,3 BHK,2149.0,3,2,289.5
Super built-up  Area,Ready To Move,HSR Layout,2 BHK,894.0,2,2,88.73
Super built-up  Area,Ready To Move,HSR Layout,3 BHK,2200.0,3,0,199.72
Built-up  Area,Ready To Move,Rajaji Nagar,2 BHK,867.0,3,3,111.24
Built-up  Area,Ready To Move,Rajaji Nagar,3 BHK,1965.0,3,2,249.8
Plot  Area,Under Construction,Hebbal,2 BHK,1009.0,2,1,100.74
Super built-up  Area,Ready To Move,Electronic City,3 BHK,1624.0,3,1,90.48
Carpet  Area,Ready To Move,Sarjapur Road,2 BHK,1198.0,2,1,106.97
Super built-up  Area,Under Construction,Sarjapur Road,2 BHK,1031.0,3,1,84.45
Carpet  Area,Ready To Move,Electronic City,2 BHK,1217.0,3,2,79.15
Plot  Area,Ready To Move,Electronic City,2 BHK,1140.0,2,1,66.99
Built-up  Area,Ready To Move,Jayanagar,5 BHK,3684.0,5,2,465.02
Built-up  Area,Under Construction,Whitefield,1 BHK,352.0,1,3,27.02
Super built-up  Area,Ready To Move,Bellandur,2 BHK,837.0,2,2,68.61
Super built-up  Area,Ready To Move,Electronic City,3 BHK,1770.0,3,1,93.78
Super built-up  Area,Under Construction,Sarjapur Road,1 BHK,394.0,1,2,28.66
Super built-up  Area,Ready To Move,Whitefield,1 BHK,604.0,1,2,40.31
Super built-up  Area,Under Construction,Electronic City,2 BHK,1102.0,2,3,60.79
Super built-up  Area,Ready To Move,Thanisandra,3 BHK,1229.0,3,2,88.97
Plot  Area,Under Construction,Rajaji Nagar,3 BHK,1377.0,3,0,183.14
Super built-up  Area,Under Construction,Electronic City,3 BHK,2244.0,3,2,103.08
Built-up  Area,Ready To Move,Hebbal,5 BHK,3027.0,5,3,306.39
Built-up  Area,Ready To Move,Hebbal,2 BHK,1168.0,3,2,108.21
Super built-up  Area,Under Construction,Jayanagar,4 BHK,2507.0,5,2,322.16
Super built-up  Area,Ready To Move,Thanisandra,2 BHK,1243.0,3,3,79.67
Super built-up  Area,Ready To Move,HSR Layout,2 BHK,1014.0,2,1,87.38
Built-up  Area,Under Construction,Bellandur,2 BHK,1114.0,2,1,88.06
Super built-up  Area,Ready To Move,Jayanagar,1 BHK,654.0,1,2,87.63
Super built-up  Area,Ready To Move,Whitefield,3 BHK,1903.0,3,1,120.66
Built-up  Area,Ready To Move,Hebbal,1 BHK,672.0,1,2,66.46
Super built-up  Area,Ready To Move,Rajaji Nagar,3 BHK,1550.0,3,1,206.52
Built-up  Area,Ready To Move,Thanisandra,2 BHK,1172.0,2,1,88.24
Super built-up  Area,Ready To Move,HSR Layout,1 BHK,619.0,1,2,65.31
Built-up  Area,Under Construction,HSR Layout,2 BHK,1350.0,2,3,129.45
Plot  Area,Ready To Move,Sarjapur Road,2 BHK,1029.0,2,2,79.96
Built-up  Area,Ready To Move,HSR Layout,4 BHK,2908.0,5,3,211.49
Super built-up  Area,Under Construction,Bellandur,3 BHK,2209.0,4,1,154.21
Super built-up  Area,Ready To Move,Hebbal,2 BHK,1279.0,3,0,93.34
Built-up  Area,Ready To Move,Thanisandra,2 BHK,1423.0,2,0,98.48
Super built-up  Area,Under Construction,Jayanagar,2 BHK,1350.0,3,1,183.42
Super built-up  Area,Ready To Move,Electronic City,1 BHK,626.0,2,1,33.78
Built-up  Area,Ready To Move,Hebbal,3 BHK,1996.0,4,1,213.71
Super built-up  Area,Ready To Move,Hebbal,2 BHK,1099.0,2,1,90.78
Super built-up  Area,Ready To Move,Bellandur,2 BHK,1337.0,3,1,115.9
Plot  Area,Under Construction,Electronic City,3 BHK,1408.0,3,1,75.97
Super built-up  Area,Ready To Move,Koramangala,2 BHK,1395.0,2,1,204.73
Super built-up  Area,Ready To Move,Jayanagar,3 BHK,1474.0,4,2,182.04
Built-up  Area,Under Construction,Hebbal,3 BHK,1702.0,3,2,159.13
Plot  Area,Ready To Move,Rajaji Nagar,2 BHK,1278.0,2,2,182.45
Super built-up  Area,Ready To Move,Other,3 BHK,1513.0,3,1,85.9
Built-up  Area,Ready To Move,Whitefield,3 BHK,1811.0,3,2,137.18
Built-up  Area,Ready To Move,Electronic City,2 BHK,1410.0,2,2,90.47
Super built-up  Area,Ready To Move,Marathahalli,2 BHK,1112.0,3,2,70.93
Super built-up  Area,Ready To Move,Marathahalli,2 BHK,1094.0,2,0,63.46
Super built-up  Area,Ready To Move,Whitefield,4 BHK,2327.0,4,1,167.82
Built-up  Area,Ready To Move,Whitefield,2 BHK,1278.0,3,1,88.62
Built-up  Area,Ready To Move,Electronic City,1 BHK,738.0,1,2,43.6
Super built-up  Area,Under Construction,Other,1 BHK,430.0,2,3,26.73
Built-up  Area,Ready To Move,Electronic City,2 BHK,1444.0,3,0,74.86
Built-up  Area,Ready To Move,HSR Layout,2 BHK,1503.0,2,0,161.69
Super built-up  Area,Ready To Move,Jayanagar,2 BHK,1155.0,3,1,162.02
Built-up  Area,Ready To Move,Whitefield,2 BHK,1488.0,3,2,106.82
Super built-up  Area,Ready To Move,Koramangala,3 BHK,1514.0,3,2,212.71
Plot  Area,Under Construction,Electronic City,3 BHK,1903.0,3,1,90.52
Super built-up  Area,Under Construction,Jayanagar,2 BHK,1443.0,2,2,190.12
Super built-up  Area,Ready To Move,Electronic City,3 BHK,1982.0,3,2,103.07
Built-up  Area,Ready To Move,Bellandur,2 BHK,1337.0,3,2,114.31
Super built-up  Area,Ready To Move,Bellandur,3 BHK,1529.0,4,1,122.25
Plot  Area,Ready To Move,Electronic City,2 BHK,932.0,2,2,57.95
Super built-up  Area,Ready To Move,Whitefield,1 BHK,655.0,2,2,47.3
Plot  Area,Ready To Move,Hebbal,2 BHK,1473.0,2,2,154.42
Super built-up  Area,Ready To Move,Electronic City,2 BHK,1331.0,2,2,65.64
Super built-up  Area,Ready To Move,Yelahanka,3 BHK,1950.0,3,1,123.71
Plot  Area,Ready To Move,Yelahanka,2 BHK,957.0,2,1,60.26
Built-up  Area,Under Construction,Hebbal,2 BHK,1227.0,2,1,120.94
Built-up  Area,Under Construction,Koramangala,4 BHK,1805.0,5,2,220.78
Carpet  Area,Ready To Move,Koramangala,3 BHK,2143.0,4,1,409.7
Super built-up  Area,Ready To Move,Yelahanka,2 BHK,989.0,2,1,71.55
Super built-up  Area,Ready To Move,Hebbal,1 BHK,767.0,1,1,74.98
Super built-up  Area,Under Construction,Electronic City,3 BHK,1716.0,3,2,78.25
Super built-up  Area,Under Construction,Electronic City,1 BHK,735.0,1,2,33.3
Built-up  Area,Under Construction,HSR Layout,3 BHK,1645.0,4,2,180.04
Carpet  Area,Ready To Move,Hebbal,3 BHK,1934.0,3,1,215.05
Super built-up  Area,Ready To Move,Hebbal,2 BHK,1262.0,3,0,127.19
Built-up  Area,Ready To Move,Whitefield,3 BHK,1815.0,3,1,155.22
Plot  Area,Ready To Move,Thanisandra,1 BHK,730.0,1,1,54.19
Built-up  Area,Ready To Move,Electronic City,3 BHK,2023.0,3,1,115.41
Super built-up  Area,Ready To Move,Electronic City,2 BHK,1581.0,2,2,97.98
Super built-up  Area,Ready To Move,Hebbal,3 BHK,1422.0,3,2,136.58
Carpet  Area,Ready To Move,Electronic City,5 BHK,3188.0,5,1,182.27
Carpet  Area,Ready To Move,Indiranagar,2 BHK,982.0,2,2,156.62
Super built-up  Area,Under Construction,Sarjapur Road,3 BHK,1321.0,3,2,85.11
Plot  Area,Ready To Move,Hebbal,2 BHK,1095.0,2,1,122.75
Super built-up  Area,Under Construction,HSR Layout,3 BHK,2192.0,4,2,216.74
Super built-up  Area,Under Construction,Electronic City,3 BHK,1714.0,4,2,91.89
Carpet  Area,Ready To Move,Electronic City,4 BHK,2348.0,4,2,148.01
Super built-up  Area,Ready To Move,Rajaji Nagar,4 BHK,2439.0,4,2,276.16
Super built-up  Area,Ready To Move,Hebbal,2 BHK,985.0,2,3,100.74
Super built-up  Area,Under Construction,Hebbal,2 BHK,1314.0,2,2,107.25
Super built-up  Area,Ready To Move,Whitefield,3 BHK,1505.0,3,3,94.68
Super built-up  Area,Under Construction,HSR Layout,3 BHK,2073.0,3,0,158.36
Super built-up  Area,Ready To Move,Indiranagar,2 BHK,1518.0,2,2,225.23
Plot  Area,Ready To Move,Indiranagar,1 BHK,555.0,1,2,98.79
Plot  Area,Under Construction,Bellandur,2 BHK,1170.0,2,1,105.98
Super built-up  Area,Ready To Move,Electronic City,3 BHK,1387.0,3,1,72.25
Super built-up  Area,Ready To Move,Electronic City,3 BHK,1695.0,3,2,83.24
Built-up  Area,Ready To Move,Yelahanka,2 BHK,1266.0,2,1,84.86
Built-up  Area,Ready To Move,Marathahalli,1 BHK,759.0,1,1,49.91
Super built-up  Area,Ready To Move,Whitefield,3 BHK,1689.0,4,3,118.91
Super built-up  Area,Ready To Move,HSR Layout,4 BHK,2202.0,4,1,197.21
Super built-up  Area,Ready To Move,Electronic City,2 BHK,1335.0,2,0,65.32
Super built-up  Area,Under Construction,Whitefield,4 BHK,2595.0,4,2,163.05
Super built-up  Area,Ready To Move,Sarjapur Road,2 BHK,1021.0,2,3,69.26
Built-up  Area,Ready To Move,Whitefield,3 BHK,1673.0,3,0,131.61
Built-up  Area,Ready To Move,Bellandur,3 BHK,2172.0,3,2,197.54
Built-up  Area,Ready To Move,HSR Layout,4 BHK,2530.0,4,0,275.17
Super built-up  Area,Ready To Move,Whitefield,3 BHK,1372.0,4,1,95.99
Built-up  Area,Ready To Move,Whitefield,2 BHK,986.0,2,0,75.43
Super built-up  Area,Ready To Move,Yelahanka,3 BHK,1729.0,3,1,112.43
Super built-up  Area,Ready To Move,Electronic City,3 BHK,1608.0,3,1,100.66
Built-up  Area,Under Construction,Koramangala,2 BHK,1167.0,3,2,167.68
Super built-up  Area,Ready To Move,Sarjapur Road,1 BHK,662.0,2,2,48.38
Super built-up  Area,Ready To Move,Indiranagar,2 BHK,1164.0,2,2,171.58
Super built-up  Area,Ready To Move,Sarjapur Road,3 BHK,2071.0,3,2,140.07
Plot  Area,Under Construction,Whitefield,3 BHK,1759.0,4,2,118.45
Super built-up  Area,Ready To Move,Electronic City,2 BHK,1043.0,2,1,54.46
Built-up  Area,Under Construction,Electronic City,1 BHK,553.0,2,0,30.03
Carpet  Area,Ready To Move,Hebbal,2 BHK,1011.0,2,2,128.27
Built-up  Area,Ready To Move,Bellandur,2 BHK,1098.0,3,0,96.43
Super built-up  Area,Ready To Move,Electronic City,2 BHK,1429.0,3,1,77.82
Super built-up  Area,Under Construction,Whitefield,5 BHK,2820.0,6,2,182.7
Super built-up  Area,Ready To Move,HSR Layout,3 BHK,1449.0,3,0,130.35
Super built-up  Area,Ready To Move,Koramangala,2 BHK,1576.0,2,2,233.04
Built-up  Area,Ready To Move,Marathahalli,2 BHK,1036.0,2,3,85.13
Super built-up  Area,Ready To Move,Indiranagar,2 BHK,1302.0,2,3,208.38
Carpet  Area,Ready To Move,Hebbal,2 BHK,1404.0,2,1,163.71
Super built-up  Area,Ready To Move,Indiranagar,5 BHK,3052.0,5,0,482.08
Built-up  Area,Ready To Move,Marathahalli,2 BHK,951.0,3,2,77.0
Super built-up  Area,Under Construction,Yelahanka,2 BHK,1416.0,3,2,75.53
Super built-up  Area,Ready To Move,Sarjapur Road,3 BHK,1883.0,4,2,133.99
Built-up  Area,Ready To Move,Electronic City,2 BHK,1298.0,2,2,73.01
Super built-up  Area,Ready To Move,Electronic City,2 BHK,1514.0,2,2,74.74
Super built-up  Area,Under Construction,HSR Layout,2 BHK,954.0,2,1,94.09
Super built-up  Area,Ready To Move,Thanisandra,2 BHK,1212.0,2,1,66.3
Super built-up  Area,Ready To Move,HSR Layout,2 BHK,1542.0,2,3,145.18
Built-up  Area,Ready To Move,Whitefield,4 BHK,2955.0,5,2,235.47
Carpet  Area,Ready To Move,Thanisandra,3 BHK,2069.0,3,1,162.15
Super built-up  Area,Ready To Move,Yelahanka,3 BHK,2080.0,3,2,135.77
Super built-up  Area,Ready To Move,Electronic City,3 BHK,1627.0,4,1,88.88
Built-up  Area,Ready To Move,Bellandur,3 BHK,2352.0,3,2,193.65
Carpet  Area,Under Construction,Hebbal,2 BHK,1091.0,3,1,114.45
Plot  Area,Under Construction,Rajaji Nagar,3 BHK,1792.0,4,1,239.91
Built-up  Area,Ready To Move,Jayanagar,2 BHK,1374.0,2,2,235.0
Super built-up  Area,Ready To Move,HSR Layout,2 BHK,954.0,2,2,98.5
Super built-up  Area,Under Construction,Bellandur,3 BHK,1634.0,3,1,120.58
Super built-up  Area,Under Construction,Rajaji Nagar,3 BHK,1908.0,3,3,202.03
Super built-up  Area,Ready To Move,HSR Layout,2 BHK,1409.0,3,0,134.34
Built-up  Area,Ready To Move,Sarjapur Road,2 BHK,1019.0,3,1,75.72
Super built-up  Area,Under Construction,Thanisandra,1 BHK,655.0,1,2,41.33
Built-up  Area,Ready To Move,Electronic City,3 BHK,2069.0,3,3,109.89
Super built-up  Area,Under Construction,Sarjapur Road,5 BHK,3215.0,6,2,219.67
Built-up  Area,Ready To Move,Jayanagar,3 BHK,1981.0,4,2,294.45
Super built-up  Area,Ready To Move,Thanisandra,3 BHK,1803.0,4,0,126.11
Super built-up  Area,Ready To Move,Hebbal,2 BHK,1574.0,2,1,127.86
Super built-up  Area,Ready To Move,Electronic City,1 BHK,693.0,1,2,37.78
Plot  Area,Ready To Move,Sarjapur Road,3 BHK,1841.0,3,2,150.2
Super built-up  Area,Under Construction,Electronic City,2 BHK,911.0,3,1,51.69
Built-up  Area,Ready To Move,Electronic City,2 BHK,1403.0,2,1,71.48
Super built-up  Area,Ready To Move,Thanisandra,3 BHK,1749.0,4,1,122.11
Super built-up  Area,Ready To Move,Electronic City,3 BHK,1580.0,3,2,83.55
Plot  Area,Ready To Move,Hebbal,2 BHK,1309.0,2,2,146.07
Super built-up  Area,Ready To Move,Sarjapur Road,4 BHK,1988.0,4,1,138.25
Super built-up  Area,Under Construction,Other,2 BHK,1435.0,2,3,73.59
Super built-up  Area,Ready To Move,Sarjapur Road,2 BHK,1316.0,2,1,104.07
Plot  Area,Ready To Move,Whitefield,2 BHK,1281.0,3,1,88.9
Super built-up  Area,Under Construction,Whitefield,3 BHK,1595.0,3,1,94.48
Super built-up  Area,Ready To Move,Indiranagar,2 BHK,1139.0,3,1,177.97
Super built-up  Area,Under Construction,Indiranagar,3 BHK,2083.0,3,2,280.36
Super built-up  Area,Under Construction,Hebbal,2 BHK,951.0,2,1,95.76
Super built-up  Area,Ready To Move,Hebbal,2 BHK,952.0,3,1,81.87
Built-up  Area,Ready To Move,Whitefield,2 BHK,813.0,2,1,62.82
Built-up  Area,Under Construction,HSR Layout,2 BHK,960.0,2,2,83.95
Super built-up  Area,Ready To Move,HSR Layout,2 BHK,1333.0,3,1,133.37
Built-up  Area,Ready To Move,Whitefield,2 BHK,1537.0,3,2,114.3
Plot  Area,Ready To Move,Whitefield,3 BHK,1847.0,3,1,137.19
Plot  Area,Ready To Move,Whitefield,3 BHK,2065.0,3,2,150.62
Super built-up  Area,Under Construction,Whitefield,2 BHK,1009.0,3,3,67.54
Super built-up  Area,Under Construction,Koramangala,2 BHK,1107.0,2,3,133.16
Plot  Area,Under Construction,Electronic City,2 BHK,1295.0,3,3,67.79
Super built-up  Area,Under Construction,Electronic City,2 BHK,999.0,2,1,42.62
Super built-up  Area,Ready To Move,Electronic City,3 BHK,1423.0,3,2,76.06
Plot  Area,Ready To Move,Marathahalli,2 BHK,1396.0,3,0,97.76
Super built-up  Area,Ready To Move,Jayanagar,3 BHK,1434.0,4,2,185.18
Super built-up  Area,Ready To Move,Electronic City,4 BHK,3112.0,5,2,130.53
Super built-up  Area,Under Construction,Sarjapur Road,1 BHK,666.0,1,2,41.74
Built-up  Area,Ready To Move,Electronic City,3 BHK,1422.0,3,1,85.67
Super built-up  Area,Under Construction,HSR Layout,1 BHK,753.0,1,1,53.77
Plot  Area,Ready To Move,Whitefield,1 BHK,530.0,2,3,45.51
Super built-up  Area,Under Construction,Bellandur,4 BHK,2190.0,4,3,185.77
Super built-up  Area,Ready To Move,HSR Layout,3 BHK,1710.0,4,1,158.42
Super built-up  Area,Ready To Move,Rajaji Nagar,2 BHK,941.0,2,1,121.02
Super built-up  Area,Ready To Move,Electronic City,3 BHK,1433.0,4,1,80.2
Super built-up  Area,Ready To Move,Yelahanka,3 BHK,1748.0,3,1,109.99
Super built-up  Area,Ready To Move,Yelahanka,3 BHK,1553.0,4,2,97.85
Plot  Area,Under Construction,Whitefield,1 BHK,615.0,2,2,52.22
Super built-up  Area,Ready To Move,Sarjapur Road,3 BHK,1242.0,4,1,89.69
Super built-up  Area,Ready To Move,Electronic City,3 BHK,1960.0,4,2,91.86
Super built-up  Area,Ready To Move,Electronic City,2 BHK,1298.0,2,2,55.94
Built-up  Area,Ready To Move,Electronic City,2 BHK,1278.0,2,2,75.13
Super built-up  Area,Ready To Move,Indiranagar,1 BHK,549.0,2,2,89.85
Super built-up  Area,Ready To Move,Hebbal,2 BHK,1182.0,2,2,100.04
Plot  Area,Ready To Move,Marathahalli,2 BHK,989.0,2,2,57.11
Super built-up  Area,Under Construction,Whitefield,3 BHK,2171.0,3,0,136.99
Super built-up  Area,Ready To Move,Other,3 BHK,1783.0,3,2,89.12
Super built-up  Area,Ready To Move,Electronic City,2 BHK,1146.0,2,2,61.44
Built-up  Area,Ready To Move,Thanisandra,3 BHK,2089.0,3,2,152.68
Super built-up  Area,Ready To Move,Sarjapur Road,3 BHK,1911.0,3,2,124.1
Super built-up  Area,Under Construction,Whitefield,2 BHK,899.0,2,2,60.26
Built-up  Area,Ready To Move,Jayanagar,2 BHK,1534.0,3,1,229.8
Super built-up  Area,Ready To Move,Sarjapur Road,2 BHK,924.0,2,2,66.06
Built-up  Area,Ready To Move,Bellandur,2 BHK,1362.0,2,0,112.75
Super built-up  Area,Under Construction,Indiranagar,1 BHK,763.0,1,1,94.94
Super built-up  Area,Ready To Move,Hebbal,1 BHK,350.0,2,1,33.19
Super built-up  Area,Ready To Move,HSR Layout,3 BHK,1591.0,3,1,155.38
Super built-up  Area,Ready To Move,Thanisandra,1 BHK,690.0,1,2,44.19
Built-up  Area,Ready To Move,Whitefield,2 BHK,1082.0,2,1,76.13
Super built-up  Area,Ready To Move,Bellandur,5 BHK,3249.0,5,2,264.5
Super built-up  Area,Under Construction,Rajaji Nagar,3 BHK,1606.0,3,2,174.36
Plot  Area,Ready To Move,Whitefield,3 BHK,1585.0,4,1,125.39
Super built-up  Area,Under Construction,Whitefield,2 BHK,1260.0,3,2,69.48
Built-up  Area,Ready To Move,Thanisandra,3 BHK,1952.0,3,1,116.62
Plot  Area,Ready To Move,Hebbal,2 BHK,1320.0,2,2,151.08
Carpet  Area,Under Construction,Hebbal,3 BHK,1740.0,3,2,172.32
Plot  Area,Ready To Move,Whitefield,2 BHK,1425.0,2,1,120.25
Super built-up  Area,Ready To Move,HSR Layout,2 BHK,1139.0,2,2,101.54
Carpet  Area,Under Construction,Whitefield,5 BHK,3575.0,6,2,286.29
Built-up  Area,Under Construction,Hebbal,2 BHK,1057.0,2,0,94.25
Built-up  Area,Under Construction,Thanisandra,2 BHK,936.0,2,1,60.21
Super built-up  Area,Under Construction,Electronic City,2 BHK,987.0,2,2,46.06
Carpet  Area,Ready To Move,HSR Layout,2 BHK,1162.0,3,1,149.05
Built-up  Area,Ready To Move,Other,1 BHK,585.0,2,1,36.49
Built-up  Area,Ready To Move,Bellandur,3 BHK,1880.0,4,1,153.82
Super built-up  Area,Under Construction,Jayanagar,2 BHK,1102.0,2,1,131.64
Super built-up  Area,Ready To Move,Hebbal,2 BHK,1166.0,2,2,106.38
Carpet  Area,Ready To Move,Thanisandra,3 BHK,1695.0,3,1,136.96
Super built-up  Area,Ready To Move,Whitefield,3 BHK,1804.0,3,2,84.49
Super built-up  Area,Ready To Move,Whitefield,5 BHK,3232.0,6,2,232.49
Built-up  Area,Ready To Move,Electronic City,2 BHK,922.0,2,2,51.33
Super built-up  Area,Ready To Move,Hebbal,2 BHK,947.0,3,2,89.66
Super built-up  Area,Ready To Move,Jayanagar,2 BHK,1192.0,2,1,190.28
Super built-up  Area,Ready To Move,Sarjapur Road,3 BHK,1880.0,3,1,137.4
Super built-up  Area,Ready To Move,Bellandur,2 BHK,945.0,2,1,69.45
Super built-up  Area,Ready To Move,Bellandur,3 BHK,2013.0,3,1,155.15
Super built-up  Area,Ready To Move,Indiranagar,5 BHK,2926.0,5,2,440.05
Super built-up  Area,Ready To Move,Sarjapur Road,2 BHK,1005.0,3,2,80.76
Super built-up  Area,Ready To Move,Indiranagar,1 BHK,622.0,1,2,106.6
Plot  Area,Ready To Move,Sarjapur Road,2 BHK,1217.0,3,1,111.24
Super built-up  Area,Ready To Move,Whitefield,1 BHK,542.0,1,0,37.97
Super built-up  Area,Ready To Move,Other,3 BHK,1989.0,4,1,110.95
Super built-up  Area,Under Construction,Whitefield,1 BHK,741.0,2,3,49.77
Built-up  Area,Under Construction,Whitefield,2 BHK,1554.0,2,3,115.01
Carpet  Area,Under Construction,Jayanagar,1 BHK,445.0,1,0,71.12
Super built-up  Area,Ready To Move,Sarjapur Road,1 BHK,480.0,2,3,34.66
Super built-up  Area,Ready To Move,Bellandur,2 BHK,1328.0,2,2,104.83
Super built-up  Area,Ready To Move,Sarjapur Road,2 BHK,1333.0,3,1,95.76
Built-up  Area,Ready To Move,Sarjapur Road,1 BHK,648.0,2,1,58.06
Super built-up  Area,Ready To Move,Electronic City,3 BHK,1600.0,4,2,84.27
Super built-up  Area,Ready To Move,Sarjapur Road,3 BHK,1691.0,3,3,130.39
Built-up  Area,Ready To Move,Hebbal,4 BHK,2088.0,4,0,173.19
Carpet  Area,Ready To Move,Thanisandra,3 BHK,2202.0,4,1,181.49
Super built-up  Area,Ready To Move,HSR Layout,2 BHK,1041.0,2,2,91.71
Carpet  Area,Under Construction,Marathahalli,3 BHK,1675.0,4,2,123.6
Super built-up  Area,Ready To Move,Whitefield,2 BHK,1004.0,2,2,65.04
Built-up  Area,Ready To Move,HSR Layout,2 BHK,961.0,3,3,95.06
Super built-up  Area,Under Construction,Indiranagar,2 BHK,1350.0,3,0,168.46
Super built-up  Area,Ready To Move,Marathahalli,2 BHK,1326.0,2,0,80.31
Built-up  Area,Ready To Move,Whitefield,3 BHK,1573.0,3,1,116.4
Super built-up  Area,Ready To Move,Indiranagar,2 BHK,1023.0,2,1,136.92
Super built-up  Area,Ready To Move,Jayanagar,2 BHK,1024.0,3,2,142.96
Super built-up  Area,Ready To Move,Electronic City,2 BHK,1426.0,2,1,73.57
Super built-up  Area,Under Construction,Jayanagar,3 BHK,1401.0,4,2,180.37
Super built-up  Area,Ready To Move,Whitefield,2 BHK,1220.0,2,2,83.58
Plot  Area,Under Construction,Thanisandra,2 BHK,816.0,2,2,51.19
Super built-up  Area,Ready To Move,Marathahalli,3 BHK,1900.0,4,1,131.64
Super built-up  Area,Ready To Move,Bellandur,1 BHK,514.0,2,2,47.97
Super built-up  Area,Under Construction,Hebbal,4 BHK,2388.0,5,1,225.19
Super built-up  Area,Ready To Move,Whitefield,3 BHK,1804.0,3,2,125.55
Super built-up  Area,Under Construction,Marathahalli,2 BHK,1279.0,2,1,72.79
Super built-up  Area,Ready To Move,Hebbal,3 BHK,2216.0,3,2,206.59
Super built-up  Area,Ready To Move,Whitefield,5 BHK,2461.0,5,2,160.87
Super built-up  Area,Ready To Move,Bellandur,2 BHK,1448.0,3,1,116.34
Built-up  Area,Ready To Move,HSR Layout,1 BHK,433.0,2,3,50.38
Super built-up  Area,Under Construction,Whitefield,3 BHK,1456.0,3,1,90.72
Super built-up  Area,Ready To Move,Electronic City,2 BHK,817.0,3,0,45.63
Super built-up  Area,Ready To Move,Whitefield,2 BHK,1282.0,3,1,96.32
Plot  Area,Ready To Move,Indiranagar,3 BHK,2080.0,3,1,367.62
Super built-up  Area,Ready To Move,Koramangala,2 BHK,1099.0,3,1,131.24
Plot  Area,Ready To Move,HSR Layout,3 BHK,2019.0,3,2,207.47
Super built-up  Area,Ready To Move,Yelahanka,2 BHK,910.0,2,2,55.37
Super built-up  Area,Under Construction,Jayanagar,3 BHK,1758.0,3,2,179.91
Built-up  Area,Ready To Move,Koramangala,2 BHK,1088.0,2,1,159.36
Plot  Area,Ready To Move,Whitefield,2 BHK,1318.0,2,1,104.53
Super built-up  Area,Ready To Move,Bellandur,2 BHK,1259.0,2,3,113.04
Super built-up  Area,Under Construction,Hebbal,2 BHK,1483.0,3,1,133.89
Super built-up  Area,Ready To Move,Indiranagar,2 BHK,1320.0,3,2,174.25
Plot  Area,Ready To Move,Koramangala,2 BHK,1481.0,2,3,241.5
Built-up  Area,Ready To Move,Sarjapur Road,4 BHK,2610.0,5,1,186.19
Super built-up  Area,Ready To Move,Rajaji Nagar,2 BHK,1356.0,3,1,144.75
Super built-up  Area,Ready To Move,Whitefield,2 BHK,1040.0,2,1,70.22
Super built-up  Area,Ready To Move,Bellandur,2 BHK,1015.0,2,2,80.41
Super built-up  Area,Ready To Move,Whitefield,5 BHK,3330.0,5,1,258.4
Super built-up  Area,Ready To Move,Marathahalli,3 BHK,1725.0,4,0,110.32
Built-up  Area,Under Construction,Whitefield,3 BHK,2293.0,3,3,174.11
Super built-up  Area,Ready To Move,Whitefield,2 BHK,1463.0,2,2,93.13
Super built-up  Area,Under Construction,Sarjapur Road,2 BHK,1578.0,3,1,98.68
Super built-up  Area,Ready To Move,Sarjapur Road,2 BHK,1339.0,2,2,91.6
Super built-up  Area,Under Construction,Electronic City,3 BHK,2142.0,4,2,111.38
Super built-up  Area,Ready To Move,Indiranagar,2 BHK,1191.0,3,3,206.97
Super built-up  Area,Ready To Move,Hebbal,3 BHK,2041.0,3,2,200.39
Super built-up  Area,Under Construction,Whitefield,2 BHK,1181.0,2,3,74.22
Built-up  Area,Ready To Move,Sarjapur Road,2 BHK,1371.0,2,1,106.2
Built-up  Area,Ready To Move,Yelahanka,2 BHK,1305.0,3,1,85.26
Super built-up  Area,Ready To Move,Bellandur,2 BHK,1335.0,2,1,124.12
Super built-up  Area,Under Construction,Thanisandra,1 BHK,663.0,1,2,51.86
Super built-up  Area,Ready To Move,Bellandur,2 BHK,1006.0,3,2,89.19
Super built-up  Area,Ready To Move,Sarjapur Road,2 BHK,1185.0,3,0,78.93
Super built-up  Area,Ready To Move,Whitefield,3 BHK,1345.0,4,1,97.92
Super built-up  Area,Under Construction,Electronic City,2 BHK,1061.0,3,1,59.16
Super built-up  Area,Ready To Move,Yelahanka,2 BHK,1155.0,2,2,74.56
Super built-up  Area,Under Construction,Other,2 BHK,956.0,2,2,48.14
Built-up  Area,Ready To Move,HSR Layout,2 BHK,1277.0,3,1,147.57
Plot  Area,Ready To Move,Whitefield,1 BHK,568.0,2,0,44.02
Plot  Area,Ready To Move,Whitefield,2 BHK,1123.0,2,3,91.58
Super built-up  Area,Ready To Move,Sarjapur Road,2 BHK,1327.0,2,1,95.34
Built-up  Area,Ready To Move,Indiranagar,2 BHK,1209.0,3,3,198.17
Built-up  Area,Ready To Move,Whitefield,3 BHK,2106.0,3,1,147.97
Plot  Area,Ready To Move,Marathahalli,2 BHK,1302.0,2,2,88.6
Super built-up  Area,Ready To Move,Sarjapur Road,2 BHK,1022.0,3,1,68.85
Built-up  Area,Ready To Move,Rajaji Nagar,2 BHK,1511.0,2,2,156.92
Super built-up  Area,Ready To Move,Yelahanka,1 BHK,691.0,1,0,48.04
Super built-up  Area,Under Construction,Thanisandra,2 BHK,1217.0,2,1,75.83
Super built-up  Area,Ready To Move,Koramangala,2 BHK,1185.0,3,2,184.26
Built-up  Area,Ready To Move,Koramangala,2 BHK,1405.0,2,1,241.95
Plot  Area,Under Construction,Koramangala,3 BHK,1707.0,4,0,250.35
Super built-up  Area,Ready To Move,Koramangala,2 BHK,1380.0,3,2,186.81
Super built-up  Area,Under Construction,Indiranagar,3 BHK,1499.0,3,2,213.37
Super built-up  Area,Ready To Move,Other,3 BHK,2185.0,4,2,109.69
Super built-up  Area,Ready To Move,Thanisandra,3 BHK,1704.0,4,2,99.28
Super built-up  Area,Ready To Move,Thanisandra,3 BHK,1918.0,3,2,138.71
Super built-up  Area,Ready To Move,Jayanagar,1 BHK,553.0,1,1,66.17
Plot  Area,Ready To Move,Electronic City,1 BHK,588.0,1,2,36.15
Super built-up  Area,Ready To Move,Whitefield,3 BHK,1426.0,4,1,87.15
Super built-up  Area,Under Construction,HSR Layout,2 BHK,1047.0,2,0,100.03
Plot  Area,Ready To Move,HSR Layout,5 BHK,2927.0,6,0,319.16
Plot  Area,Ready To Move,Yelahanka,2 BHK,1449.0,3,2,97.63
Built-up  Area,Ready To Move,Hebbal,2 BHK,1159.0,2,1,108.63
Super built-up  Area,Under Construction,Indiranagar,2 BHK,1344.0,2,2,181.0
Built-up  Area,Ready To Move,HSR Layout,2 BHK,1426.0,2,3,141.1
Super built-up  Area,Ready To Move,Whitefield,2 BHK,1088.0,2,1,70.81
Plot  Area,Under Construction,Koramangala,4 BHK,2494.0,4,2,356.36
Built-up  Area,Under Construction,Yelahanka,1 BHK,627.0,1,1,44.12
Built-up  Area,Ready To Move,Electronic City,2 BHK,1211.0,2,1,66.19
Super built-up  Area,Under Construction,Indiranagar,2 BHK,1187.0,2,1,183.96
Super built-up  Area,Ready To Move,Indiranagar,2 BHK,1440.0,2,2,206.07
Built-up  Area,Under Construction,Electronic City,2 BHK,1075.0,2,3,55.0
Plot  Area,Ready To Move,Whitefield,2 BHK,1437.0,2,1,103.44
Super built-up  Area,Under Construction,Other,1 BHK,492.0,1,2,31.65
Plot  Area,Under Construction,Sarjapur Road,5 BHK,3577.0,5,1,225.89
Super built-up  Area,Ready To Move,Electronic City,3 BHK,1959.0,4,1,87.24
Super built-up  Area,Ready To Move,Electronic City,3 BHK,2021.0,4,1,112.92
Built-up  Area,Ready To Move,Bellandur,1 BHK,482.0,1,2,47.57
Super built-up  Area,Ready To Move,Koramangala,1 BHK,511.0,2,3,71.82
Super built-up  Area,Ready To Move,Koramangala,3 BHK,1550.0,3,1,198.17
Built-up  Area,Under Construction,Whitefield,3 BHK,1746.0,3,2,110.44
Super built-up  Area,Ready To Move,Rajaji Nagar,2 BHK,863.0,2,1,95.47
Super built-up  Area,Ready To Move,Sarjapur Road,2 BHK,1115.0,2,1,85.0
Built-up  Area,Ready To Move,Sarjapur Road,2 BHK,1515.0,2,1,117.81
Built-up  Area,Ready To Move,Hebbal,2 BHK,858.0,2,1,75.01
Super built-up  Area,Ready To Move,Sarjapur Road,3 BHK,2273.0,4,2,162.72
Super built-up  Area,Ready To Move,Jayanagar,2 BHK,1185.0,2,2,151.66
Super built-up  Area,Under Construction,Marathahalli,2 BHK,1400.0,3,2,80.0
Built-up  Area,Under Construction,Sarjapur Road,3 BHK,1525.0,3,2,105.14
Super built-up  Area,Under Construction,Jayanagar,1 BHK,591.0,1,1,67.7
Built-up  Area,Under Construction,Yelahanka,3 BHK,2314.0,3,2,125.46
Built-up  Area,Ready To Move,Marathahalli,3 BHK,1543.0,4,2,94.29
Super built-up  Area,Ready To Move,Electronic City,1 BHK,726.0,1,2,41.24
Super built-up  Area,Ready To Move,Indiranagar,2 BHK,1284.0,3,1,189.45
Plot  Area,Ready To Move,Electronic City,2 BHK,922.0,3,3,65.62
Super built-up  Area,Ready To Move,Yelahanka,1 BHK,354.0,2,2,25.53
Super built-up  Area,Ready To Move,Whitefield,3 BHK,1626.0,3,2,96.62
Plot  Area,Ready To Move,Indiranagar,3 BHK,1637.0,3,1,310.75
Plot  Area,Ready To Move,Sarjapur Road,3 BHK,2122.0,3,2,176.31
Super built-up  Area,Ready To Move,Sarjapur Road,3 BHK,1904.0,3,2,112.53
Super built-up  Area,Ready To Move,Koramangala,2 BHK,1478.0,3,2,212.87
Carpet  Area,Ready To Move,Jayanagar,3 BHK,1427.0,3,2,262.63
Built-up  Area,Ready To Move,Koramangala,3 BHK,2116.0,3,2,334.43
Super built-up  Area,Under Construction,Jayanagar,2 BHK,1410.0,2,2,189.4
Super built-up  Area,Ready To Move,Electronic City,4 BHK,1957.0,4,2,116.51
Super built-up  Area,Ready To Move,HSR Layout,2 BHK,1112.0,2,0,108.34
Plot  Area,Ready To Move,Hebbal,3 BHK,1934.0,4,1,254.78
Super built-up  Area,Under Construction,Whitefield,3 BHK,1773.0,4,3,116.28
Built-up  Area,Ready To Move,Indiranagar,2 BHK,1201.0,2,2,218.73
Built-up  Area,Ready To Move,Bellandur,2 BHK,949.0,3,1,85.35
Built-up  Area,Ready To Move,Indiranagar,2 BHK,1270.0,2,2,208.73
Built-up  Area,Ready To Move,Thanisandra,2 BHK,1424.0,2,2,101.66
Plot  Area,Ready To Move,Indiranagar,2 BHK,882.0,2,2,151.96
Super built-up  Area,Under Construction,Whitefield,2 BHK,1319.0,2,1,90.3
Super built-up  Area,Ready To Move,Whitefield,2 BHK,1118.0,2,2,78.75
Built-up  Area,Ready To Move,Indiranagar,2 BHK,1052.0,3,2,168.98
Super built-up  Area,Ready To Move,Electronic City,1 BHK,631.0,1,0,32.16
Super built-up  Area,Ready To Move,Whitefield,2 BHK,1206.0,2,1,73.02
Super built-up  Area,Under Construction,Hebbal,3 BHK,2231.0,3,1,194.41
Super built-up  Area,Under Construction,Indiranagar,3 BHK,2014.0,4,1,249.84
Built-up  Area,Ready To Move,Sarjapur Road,1 BHK,711.0,2,2,52.8
Built-up  Area,Ready To Move,Thanisandra,2 BHK,1151.0,2,1,89.58
Super built-up  Area,Under Construction,Koramangala,5 BHK,2957.0,6,1,444.31
Built-up  Area,Ready To Move,Sarjapur Road,2 BHK,1464.0,3,0,115.59
Super built-up  Area,Ready To Move,Thanisandra,3 BHK,2090.0,3,3,163.41
Built-up  Area,Under Construction,Koramangala,2 BHK,1003.0,2,2,128.87
Super built-up  Area,Ready To Move,Koramangala,2 BHK,1133.0,3,2,189.76
Built-up  Area,Ready To Move,Indiranagar,3 BHK,1789.0,3,2,308.75
Super built-up  Area,Ready To Move,Whitefield,4 BHK,2580.0,4,2,152.04
Super built-up  Area,Under Construction,Bellandur,3 BHK,1679.0,4,1,136.99
Built-up  Area,Ready To Move,Sarjapur Road,3 BHK,1719.0,4,2,130.69
Super built-up  Area,Ready To Move,Marathahalli,2 BHK,970.0,3,1,53.14
Carpet  Area,Under Construction,Yelahanka,2 BHK,1281.0,2,2,96.24
Super built-up  Area,Under Construction,Indiranagar,2 BHK,1221.0,3,2,186.86
Super built-up  Area,Ready To Move,Electronic City,2 BHK,1037.0,2,1,52.5
Super built-up  Area,Ready To Move,Electronic City,4 BHK,2587.0,4,2,143.55
Super built-up  Area,Ready To Move,Sarjapur Road,2 BHK,1221.0,3,2,84.48
Super built-up  Area,Ready To Move,Hebbal,2 BHK,1288.0,3,1,111.17
Carpet  Area,Ready To Move,Sarjapur Road,2 BHK,1384.0,3,2,113.32
Super built-up  Area,Under Construction,HSR Layout,2 BHK,1479.0,2,0,148.26
Built-up  Area,Ready To Move,Electronic City,1 BHK,696.0,1,2,42.43
Super built-up  Area,Ready To Move,Other,2 BHK,1478.0,3,1,80.94
Built-up  Area,Ready To Move,Whitefield,2 BHK,929.0,2,2,64.21
Super built-up  Area,Ready To Move,Marathahalli,3 BHK,1890.0,4,2,120.75
Super built-up  Area,Ready To Move,Rajaji Nagar,2 BHK,1248.0,2,3,129.64
Carpet  Area,Under Construction,HSR Layout,2 BHK,1007.0,3,1,116.15
Super built-up  Area,Ready To Move,Thanisandra,3 BHK,1349.0,3,1,94.91
Super built-up  Area,Ready To Move,Hebbal,3 BHK,1636.0,4,1,142.91
Super built-up  Area,Ready To Move,Koramangala,2 BHK,1167.0,2,2,161.3
Super built-up  Area,Ready To Move,Sarjapur Road,1 BHK,770.0,2,2,54.04
Super built-up  Area,Ready To Move,Sarjapur Road,3 BHK,1454.0,4,2,121.6
Super built-up  Area,Ready To Move,Indiranagar,2 BHK,1256.0,2,1,170.76
Super built-up  Area,Ready To Move,HSR Layout,2 BHK,1557.0,3,2,161.99
Plot  Area,Ready To Move,Indiranagar,2 BHK,1368.0,2,2,251.27
Built-up  Area,Ready To Move,Electronic City,3 BHK,2187.0,4,0,136.14
Super built-up  Area,Ready To Move,Sarjapur Road,3 BHK,1554.0,3,0,106.8
Super built-up  Area,Ready To Move,Whitefield,4 BHK,2152.0,5,1,154.59
Built-up  Area,Ready To Move,Whitefield,2 BHK,1607.0,2,2,128.68
Carpet  Area,Ready To Move,Electronic City,1 BHK,708.0,1,3,43.59
Carpet  Area,Under Construction,Whitefield,3 BHK,1324.0,4,1,101.14
Plot  Area,Ready To Move,Whitefield,2 BHK,1323.0,2,0,98.8
Super built-up  Area,Ready To Move,Yelahanka,2 BHK,1206.0,3,2,77.41
Plot  Area,Ready To Move,Whitefield,2 BHK,1501.0,2,0,115.77
Plot  Area,Ready To Move,Bellandur,2 BHK,1011.0,2,1,85.16
Super built-up  Area,Under Construction,Electronic City,3 BHK,1695.0,4,2,77.19
Super built-up  Area,Ready To Move,Jayanagar,2 BHK,1520.0,3,2,206.11
Super built-up  Area,Ready To Move,HSR Layout,1 BHK,667.0,1,2,66.79
Built-up  Area,Ready To Move,Sarjapur Road,2 BHK,1375.0,3,3,118.34
Super built-up  Area,Ready To Move,HSR Layout,3 BHK,1686.0,4,1,154.96
Super built-up  Area,Ready To Move,Sarjapur Road,3 BHK,2063.0,4,2,142.17
Super built-up  Area,Ready To Move,Indiranagar,3 BHK,1853.0,4,2,303.65
Super built-up  Area,Ready To Move,Whitefield,1 BHK,460.0,1,2,32.15
Super built-up  Area,Under Construction,Other,3 BHK,2153.0,4,2,119.07
Built-up  Area,Ready To Move,Hebbal,1 BHK,446.0,1,3,47.95
Super built-up  Area,Ready To Move,Sarjapur Road,2 BHK,1462.0,2,3,110.33
Plot  Area,Ready To Move,Thanisandra,1 BHK,437.0,2,2,32.66
Plot  Area,Under Construction,Sarjapur Road,2 BHK,823.0,3,1,64.69
Plot  Area,Ready To Move,Yelahanka,3 BHK,1919.0,3,2,139.12
Built-up  Area,Ready To Move,Hebbal,3 BHK,2306.0,3,1,248.05
Super built-up  Area,Ready To Move,Thanisandra,3 BHK,2125.0,3,2,149.02
Super built-up  Area,Ready To Move,Whitefield,4 BHK,1888.0,4,0,136.5
Super built-up  Area,Ready To Move,Jayanagar,2 BHK,1044.0,3,3,141.18
Carpet  Area,Ready To Move,Thanisandra,1 BHK,639.0,1,1,55.69
Super built-up  Area,Ready To Move,Electronic City,3 BHK,1843.0,3,1,87.42
Super built-up  Area,Under Construction,Whitefield,3 BHK,1916.0,3,2,112.02
Built-up  Area,Ready To Move,Sarjapur Road,4 BHK,2415.0,4,1,184.38
Plot  Area,Ready To Move,Other,2 BHK,1288.0,2,2,83.48
Built-up  Area,Ready To Move,Electronic City,3 BHK,2133.0,4,0,136.53
Built-up  Area,Ready To Move,Hebbal,3 BHK,2045.0,3,0,180.8
Super built-up  Area,Ready To Move,Whitefield,2 BHK,1498.0,3,1,104.51
Super built-up  Area,Ready To Move,Sarjapur Road,3 BHK,2260.0,3,1,184.71
Super built-up  Area,Ready To Move,Indiranagar,2 BHK,1271.0,2,0,172.97
Plot  Area,Ready To Move,Marathahalli,2 BHK,887.0,2,1,78.32
Super built-up  Area,Ready To Move,HSR Layout,3 BHK,2118.0,3,2,178.55
Super built-up  Area,Ready To Move,Yelahanka,3 BHK,1646.0,3,2,89.48
Plot  Area,Ready To Move,HSR Layout,2 BHK,878.0,3,2,105.47
Super built-up  Area,Ready To Move,Whitefield,3 BHK,1526.0,4,0,112.05
Plot  Area,Ready To Move,Sarjapur Road,2 BHK,1534.0,2,0,128.56
Plot  Area,Ready To Move,Indiranagar,2 BHK,1094.0,2,2,172.87
Built-up  Area,Ready To Move,Marathahalli,2 BHK,1341.0,2,2,96.81
Super built-up  Area,Ready To Move,Jayanagar,3 BHK,1656.0,3,1,230.34
Super built-up  Area,Under Construction,Electronic City,3 BHK,1832.0,3,2,89.69
Plot  Area,Under Construction,Electronic City,2 BHK,961.0,2,1,49.62
Plot  Area,Under Construction,Electronic City,4 BHK,2839.0,4,2,169.6
Super built-up  Area,Ready To Move,Marathahalli,3 BHK,1402.0,4,2,96.92
Super built-up  Area,Ready To Move,Jayanagar,2 BHK,1117.0,3,1,162.38
Super built-up  Area,Ready To Move,Thanisandra,3 BHK,1646.0,3,2,99.21
Carpet  Area,Ready To Move,Sarjapur Road,3 BHK,1895.0,3,0,152.19
Super built-up  Area,Ready To Move,HSR Layout,1 BHK,497.0,2,0,47.74
Super built-up  Area,Ready To Move,Hebbal,2 BHK,1292.0,3,3,147.32
Built-up  Area,Ready To Move,Electronic City,2 BHK,1244.0,2,0,71.44
Super built-up  Area,Ready To Move,HSR Layout,3 BHK,1891.0,3,1,195.27
Plot  Area,Under Construction,Whitefield,4 BHK,2212.0,5,2,156.95
Super built-up  Area,Ready To Move,Whitefield,2 BHK,1313.0,3,1,91.78
Super built-up  Area,Ready To Move,Rajaji Nagar,4 BHK,2944.0,4,2,338.19
Super built-up  Area,Ready To Move,Thanisandra,2 BHK,1508.0,3,1,101.65
Super built-up  Area,Under Construction,Hebbal,2 BHK,1370.0,2,3,115.72
Super built-up  Area,Ready To Move,HSR Layout,3 BHK,1523.0,3,0,149.26
Super built-up  Area,Ready To Move,Sarjapur Road,2 BHK,1324.0,2,3,92.25
Super built-up  Area,Ready To Move,Thanisandra,2 BHK,950.0,2,2,68.02
Plot  Area,Ready To Move,Yelahanka,1 BHK,723.0,2,1,62.67
Super built-up  Area,Ready To Move,Thanisandra,1 BHK,568.0,1,2,43.27
Carpet  Area,Under Construction,Thanisandra,3 BHK,2207.0,3,1,170.93
Super built-up  Area,Ready To Move,Electronic City,1 BHK,621.0,1,1,34.21
Super built-up  Area,Ready To Move,Sarjapur Road,3 BHK,1481.0,3,1,118.75
Super built-up  Area,Under Construction,Hebbal,3 BHK,1627.0,3,2,106.5
Super built-up  Area,Ready To Move,Sarjapur Road,2 BHK,1128.0,2,2,75.42
Super built-up  Area,Ready To Move,Thanisandra,3 BHK,2163.0,3,3,184.53
Super built-up  Area,Ready To Move,Sarjapur Road,5 BHK,3050.0,5,1,189.06
Super built-up  Area,Under Construction,Whitefield,2 BHK,1424.0,2,1,92.76
Built-up  Area,Ready To Move,Sarjapur Road,2 BHK,889.0,2,2,70.47
Super built-up  Area,Ready To Move,Other,3 BHK,1487.0,3,3,84.24
Super built-up  Area,Ready To Move,Electronic City,1 BHK,589.0,1,1,27.89
Super built-up  Area,Under Construction,Koramangala,2 BHK,1109.0,2,1,136.22
Built-up  Area,Ready To Move,Hebbal,2 BHK,1085.0,3,1,101.32
Super built-up  Area,Ready To Move,Whitefield,2 BHK,1005.0,2,0,59.86
Plot  Area,Ready To Move,HSR Layout,1 BHK,624.0,1,2,71.25
Super built-up  Area,Ready To Move,Bellandur,2 BHK,1408.0,2,1,121.26
Carpet  Area,Under Construction,HSR Layout,2 BHK,1089.0,2,2,113.45
Super built-up  Area,Ready To Move,Jayanagar,2 BHK,1374.0,2,1,202.16
Carpet  Area,Under Construction,Electronic City,3 BHK,1747.0,4,1,101.17
Super built-up  Area,Ready To Move,Whitefield,3 BHK,1485.0,3,0,98.77
Super built-up  Area,Ready To Move,Marathahalli,2 BHK,1453.0,2,1,102.02
Super built-up  Area,Under Construction,Sarjapur Road,2 BHK,1242.0,2,0,78.79
Super built-up  Area,Ready To Move,Indiranagar,3 BHK,1432.0,3,2,198.78
Plot  Area,Ready To Move,Yelahanka,2 BHK,1144.0,2,1,93.53
Super built-up  Area,Under Construction,Sarjapur Road,3 BHK,2142.0,3,2,135.47
Super built-up  Area,Ready To Move,Thanisandra,2 BHK,1534.0,2,1,95.21
Super built-up  Area,Ready To Move,Whitefield,2 BHK,1208.0,2,2,84.25
Super built-up  Area,Under Construction,Sarjapur Road,2 BHK,1203.0,2,0,70.46
Super built-up  Area,Ready To Move,Whitefield,3 BHK,1473.0,4,1,93.88
Super built-up  Area,Ready To Move,Yelahanka,2 BHK,1509.0,3,1,87.77
Super built-up  Area,Ready To Move,Electronic City,3 BHK,2103.0,3,2,104.15
Super built-up  Area,Ready To Move,Thanisandra,2 BHK,1091.0,3,0,74.07
Super built-up  Area,Ready To Move,Marathahalli,1 BHK,710.0,1,2,50.79
Super built-up  Area,Ready To Move,HSR Layout,2 BHK,1222.0,2,1,111.22
Super built-up  Area,Ready To Move,HSR Layout,2 BHK,1147.0,3,2,104.45
Super built-up  Area,Under Construction,Hebbal,2 BHK,929.0,2,1,75.33
Super built-up  Area,Ready To Move,Sarjapur Road,2 BHK,1470.0,2,2,104.81
Plot  Area,Ready To Move,Hebbal,2 BHK,1049.0,2,2,96.64
Built-up  Area,Under Construction,Koramangala,2 BHK,1041.0,3,1,138.33
Carpet  Area,Ready To Move,Other,3 BHK,1973.0,3,1,126.75
Super built-up  Area,Ready To Move,Marathahalli,3 BHK,1397.0,4,1,77.74
Plot  Area,Ready To Move,Jayanagar,2 BHK,1200.0,2,2,199.48
Super built-up  Area,Ready To Move,Rajaji Nagar,2 BHK,1067.0,2,2,150.28
Super built-up  Area,Ready To Move,Hebbal,2 BHK,916.0,2,1,86.84
Super built-up  Area,Ready To Move,Bellandur,2 BHK,1230.0,3,1,99.22
Built-up  Area,Ready To Move,Rajaji Nagar,2 BHK,780.0,2,2,109.46
Plot  Area,Ready To Move,Sarjapur Road,2 BHK,1227.0,2,1,95.62
Super built-up  Area,Under Construction,Marathahalli,3 BHK,2339.0,4,1,143.33
Super built-up  Area,Under Construction,Hebbal,3 BHK,1625.0,3,2,147.94
Built-up  Area,Ready To Move,Koramangala,2 BHK,1024.0,2,3,177.05
Carpet  Area,Ready To Move,Bellandur,3 BHK,1945.0,3,1,199.71
Built-up  Area,Ready To Move,Marathahalli,2 BHK,1095.0,2,1,89.94
Super built-up  Area,Ready To Move,Electronic City,1 BHK,492.0,2,2,28.76
Super built-up  Area,Under Construction,Thanisandra,3 BHK,2094.0,4,0,153.34
Super built-up  Area,Ready To Move,HSR Layout,2 BHK,889.0,2,0,77.08
Plot  Area,Ready To Move,Electronic City,3 BHK,1544.0,3,3,100.91
Built-up  Area,Under Construction,Thanisandra,2 BHK,994.0,2,1,60.52
Super built-up  Area,Ready To Move,Indiranagar,3 BHK,1874.0,3,2,293.92
Super built-up  Area,Ready To Move,Bellandur,2 BHK,1398.0,3,1,136.11
Plot  Area,Ready To Move,Sarjapur Road,3 BHK,2401.0,3,1,169.54
Built-up  Area,Under Construction,HSR Layout,1 BHK,720.0,1,1,72.01
Carpet  Area,Ready To Move,Koramangala,1 BHK,477.0,1,2,82.66
Super built-up  Area,Ready To Move,Hebbal,3 BHK,2145.0,3,1,185.6
Built-up  Area,Ready To Move,Electronic City,3 BHK,2099.0,4,3,120.45
Built-up  Area,Under Construction,Marathahalli,3 BHK,1934.0,4,1,124.04
Super built-up  Area,Ready To Move,HSR Layout,2 BHK,938.0,2,0,90.59
Carpet  Area,Ready To Move,Thanisandra,2 BHK,1545.0,2,1,132.44
Super built-up  Area,Ready To Move,Hebbal,2 BHK,866.0,2,0,80.71
Built-up  Area,Under Construction,Sarjapur Road,2 BHK,902.0,2,1,74.15
Carpet  Area,Ready To Move,Hebbal,3 BHK,1822.0,4,1,234.92
Super built-up  Area,Ready To Move,Hebbal,3 BHK,2095.0,3,1,211.43
Super built-up  Area,Ready To Move,HSR Layout,3 BHK,1525.0,3,1,160.15
Super built-up  Area,Ready To Move,HSR Layout,2 BHK,1245.0,3,1,124.51
Built-up  Area,Ready To Move,HSR Layout,2 BHK,1175.0,2,3,130.3
Plot  Area,Ready To Move,Whitefield,3 BHK,1676.0,3,0,106.01
Super built-up  Area,Under Construction,HSR Layout,3 BHK,1700.0,3,1,145.24
Built-up  Area,Ready To Move,Electronic City,3 BHK,1665.0,3,1,99.88
Super built-up  Area,Ready To Move,Whitefield,3 BHK,1459.0,4,2,91.81
Super built-up  Area,Under Construction,Marathahalli,3 BHK,1949.0,3,1,99.8
Super built-up  Area,Under Construction,Koramangala,1 BHK,546.0,1,2,78.72
Built-up  Area,Ready To Move,Bellandur,3 BHK,1681.0,4,2,157.09
Super built-up  Area,Ready To Move,Hebbal,1 BHK,813.0,2,1,87.99
Built-up  Area,Ready To Move,Rajaji Nagar,3 BHK,1687.0,4,1,216.45
Super built-up  Area,Ready To Move,Koramangala,3 BHK,2013.0,3,1,271.64
Built-up  Area,Ready To Move,Thanisandra,1 BHK,533.0,2,2,37.17
Super built-up  Area,Ready To Move,Sarjapur Road,2 BHK,872.0,2,1,63.96
Built-up  Area,Under Construction,Marathahalli,2 BHK,1243.0,2,1,70.39
Super built-up  Area,Ready To Move,Yelahanka,2 BHK,1120.0,2,1,75.49
Plot  Area,Ready To Move,Jayanagar,2 BHK,875.0,2,2,144.16
Built-up  Area,Ready To Move,Electronic City,2 BHK,1106.0,3,2,54.69
Built-up  Area,Ready To Move,Electronic City,1 BHK,633.0,1,1,33.02
Plot  Area,Ready To Move,Electronic City,2 BHK,859.0,2,1,48.29
Built-up  Area,Ready To Move,Electronic City,2 BHK,1522.0,2,2,93.46
Super built-up  Area,Ready To Move,Jayanagar,1 BHK,774.0,1,1,94.04
Plot  Area,Ready To Move,Whitefield,2 BHK,1390.0,3,2,111.39
Built-up  Area,Under Construction,Whitefield,3 BHK,2200.0,4,0,143.99
Super built-up  Area,Ready To Move,Electronic City,3 BHK,1446.0,4,1,73.57
Built-up  Area,Under Construction,Electronic City,4 BHK,2793.0,4,2,135.81
Plot  Area,Ready To Move,Electronic City,1 BHK,637.0,1,1,40.98
Carpet  Area,Under Construction,Yelahanka,3 BHK,1910.0,4,2,142.05
Carpet  Area,Ready To Move,Indiranagar,2 BHK,1332.0,3,1,250.71
Super built-up  Area,Under Construction,Whitefield,2 BHK,1036.0,2,2,63.94
Super built-up  Area,Ready To Move,Hebbal,2 BHK,1249.0,3,2,112.49
Super built-up  Area,Ready To Move,Hebbal,2 BHK,1281.0,3,1,117.34
Super built-up  Area,Ready To Move,Whitefield,2 BHK,1362.0,2,3,89.96
Plot  Area,Ready To Move,Bellandur,3 BHK,1916.0,3,1,178.86
Super built-up  Area,Ready To Move,Bellandur,3 BHK,1778.0,4,2,141.02
Super built-up  Area,Under Construction,Thanisandra,4 BHK,2124.0,4,3,123.97
Built-up  Area,Ready To Move,Thanisandra,3 BHK,1284.0,3,0,85.18
Built-up  Area,Ready To Move,Whitefield,3 BHK,1726.0,4,2,134.48
Super built-up  Area,Ready To Move,Marathahalli,2 BHK,1124.0,2,1,69.16
Super built-up  Area,Ready To Move,Yelahanka,3 BHK,1684.0,4,1,103.85
Super built-up  Area,Ready To Move,Rajaji Nagar,3 BHK,2230.0,3,2,247.7
Super built-up  Area,Ready To Move,Whitefield,2 BHK,1324.0,2,2,91.27
Carpet  Area,Under Construction,Marathahalli,3 BHK,1685.0,3,2,110.83
Built-up  Area,Ready To Move,Yelahanka,2 BHK,1294.0,2,1,94.36
Super built-up  Area,Under Construction,Yelahanka,2 BHK,1344.0,2,2,71.85
Plot  Area,Ready To Move,Whitefield,3 BHK,1500.0,3,2,134.74
Super built-up  Area,Under Construction,Thanisandra,3 BHK,1878.0,4,2,123.31
Built-up  Area,Ready To Move,Marathahalli,4 BHK,2710.0,5,0,203.93
Super built-up  Area,Ready To Move,Bellandur,3 BHK,2099.0,3,1,190.84
Built-up  Area,Ready To Move,Indiranagar,2 BHK,1249.0,2,0,199.34
Super built-up  Area,Ready To Move,Marathahalli,1 BHK,446.0,1,2,30.04
Super built-up  Area,Ready To Move,Hebbal,2 BHK,1316.0,2,3,115.12
Super built-up  Area,Ready To Move,Indiranagar,3 BHK,1953.0,3,0,258.58
Super built-up  Area,Ready To Move,Hebbal,2 BHK,1199.0,3,1,113.1
Built-up  Area,Ready To Move,Marathahalli,3 BHK,1780.0,3,1,125.09
Super built-up  Area,Ready To Move,Whitefield,2 BHK,1131.0,3,1,91.23
Built-up  Area,Ready To Move,HSR Layout,3 BHK,1851.0,3,1,201.71
Built-up  Area,Under Construction,Bellandur,2 BHK,862.0,2,3,67.88
Built-up  Area,Ready To Move,Yelahanka,2 BHK,1040.0,2,1,75.95
Built-up  Area,Ready To Move,Indiranagar,2 BHK,1110.0,3,1,172.28
Super built-up  Area,Ready To Move,Rajaji Nagar,2 BHK,1222.0,2,2,135.35
Super built-up  Area,Ready To Move,Marathahalli,2 BHK,1078.0,2,2,65.55
Plot  Area,Under Construction,Whitefield,3 BHK,1341.0,3,0,93.63
Super built-up  Area,Under Construction,Hebbal,2 BHK,1013.0,2,2,76.53
Super built-up  Area,Under Construction,Whitefield,3 BHK,1495.0,4,3,106.23
Built-up  Area,Under Construction,Sarjapur Road,4 BHK,1976.0,4,2,157.32
Super built-up  Area,Under Construction,HSR Layout,3 BHK,1656.0,3,2,161.88
Built-up  Area,Ready To Move,Rajaji Nagar,2 BHK,1154.0,3,3,159.32
Plot  Area,Under Construction,Jayanagar,3 BHK,1581.0,4,1,245.34
Super built-up  Area,Under Construction,Whitefield,1 BHK,449.0,1,2,30.75
Plot  Area,Ready To Move,Whitefield,2 BHK,1139.0,2,2,89.91
Super built-up  Area,Ready To Move,Indiranagar,2 BHK,1224.0,2,2,183.1
Super built-up  Area,Ready To Move,HSR Layout,2 BHK,1316.0,2,1,100.38
Plot  Area,Under Construction,Electronic City,3 BHK,1373.0,3,2,78.16
Built-up  Area,Ready To Move,Rajaji Nagar,2 BHK,1019.0,3,0,146.19
Plot  Area,Ready To Move,Marathahalli,2 BHK,1133.0,2,3,72.18
Plot  Area,Ready To Move,Hebbal,2 BHK,1191.0,3,2,139.65
Super built-up  Area,Ready To Move,Rajaji Nagar,2 BHK,1077.0,2,1,150.74
Built-up  Area,Under Construction,Sarjapur Road,2 BHK,1403.0,2,1,106.32
Super built-up  Area,Under Construction,Thanisandra,2 BHK,866.0,2,0,49.45
Super built-up  Area,Under Construction,Hebbal,2 BHK,1351.0,2,3,115.55
Super built-up  Area,Ready To Move,Whitefield,3 BHK,2125.0,3,1,137.22
Built-up  Area,Under Construction,Marathahalli,3 BHK,1504.0,3,2,103.83
Super built-up  Area,Ready To Move,Hebbal,2 BHK,1302.0,2,1,126.37
Built-up  Area,Ready To Move,Thanisandra,4 BHK,2094.0,4,0,146.38
Built-up  Area,Ready To Move,Sarjapur Road,2 BHK,1273.0,2,3,99.13
Super built-up  Area,Ready To Move,Whitefield,3 BHK,1790.0,3,2,127.45
Super built-up  Area,Under Construction,Whitefield,1 BHK,797.0,2,2,53.44
Super built-up  Area,Ready To Move,HSR Layout,3 BHK,1521.0,3,0,167.62
Super built-up  Area,Under Construction,Bellandur,2 BHK,1084.0,2,0,75.24
Built-up  Area,Ready To Move,Sarjapur Road,2 BHK,965.0,3,1,68.75
Super built-up  Area,Ready To Move,Bellandur,2 BHK,1143.0,2,1,98.76
Plot  Area,Ready To Move,Bellandur,2 BHK,1041.0,2,2,101.61
Built-up  Area,Ready To Move,Bellandur,3 BHK,2032.0,3,2,183.24
Super built-up  Area,Under Construction,HSR Layout,3 BHK,1624.0,4,2,160.29
Built-up  Area,Ready To Move,Rajaji Nagar,2 BHK,1385.0,2,1,187.03
Super built-up  Area,Ready To Move,HSR Layout,2 BHK,1419.0,3,2,146.16
Super built-up  Area,Under Construction,Hebbal,1 BHK,853.0,1,2,71.31
Super built-up  Area,Ready To Move,Electronic City,1 BHK,515.0,2,3,29.12
Super built-up  Area,Ready To Move,Sarjapur Road,2 BHK,1077.0,3,1,74.68
Super built-up  Area,Ready To Move,Whitefield,2 BHK,1383.0,2,1,103.24
Carpet  Area,Ready To Move,Koramangala,3 BHK,1791.0,4,2,294.58
Super built-up  Area,Under Construction,Electronic City,2 BHK,992.0,2,2,48.36
Built-up  Area,Ready To Move,Sarjapur Road,3 BHK,1477.0,3,2,126.08
Super built-up  Area,Ready To Move,Thanisandra,3 BHK,1546.0,3,2,108.64
Super built-up  Area,Ready To Move,Sarjapur Road,2 BHK,1382.0,2,1,103.46
Super built-up  Area,Ready To Move,Electronic City,2 BHK,1195.0,2,2,67.25
Built-up  Area,Ready To Move,Electronic City,4 BHK,2849.0,4,3,154.88
Super built-up  Area,Ready To Move,Thanisandra,2 BHK,1090.0,3,0,74.9
Super built-up  Area,Ready To Move,Whitefield,2 BHK,1530.0,2,1,99.13
Super built-up  Area,Ready To Move,Hebbal,3 BHK,2036.0,3,2,180.35
Built-up  Area,Ready To Move,HSR Layout,1 BHK,857.0,1,1,85.18
Super built-up  Area,Ready To Move,Bellandur,3 BHK,1789.0,4,2,150.18
Built-up  Area,Ready To Move,Koramangala,1 BHK,434.0,1,1,69.45
Super built-up  Area,Under Construction,Yelahanka,3 BHK,1381.0,3,2,79.2
Built-up  Area,Ready To Move,Whitefield,3 BHK,1547.0,3,2,108.02
Super built-up  Area,Ready To Move,Sarjapur Road,2 BHK,981.0,2,1,74.18
Super built-up  Area,Ready To Move,Electronic City,3 BHK,2026.0,3,2,111.48
Super built-up  Area,Under Construction,Whitefield,3 BHK,1658.0,3,1,86.7
Carpet  Area,Under Construction,Electronic City,2 BHK,997.0,2,1,55.27
Super built-up  Area,Ready To Move,Sarjapur Road,3 BHK,1576.0,3,1,115.99
Carpet  Area,Ready To Move,HSR Layout,2 BHK,854.0,2,1,106.63
Super built-up  Area,Ready To Move,Bellandur,3 BHK,1311.0,3,1,100.96
Super built-up  Area,Under Construction,Sarjapur Road,2 BHK,1240.0,2,2,85.65
Super built-up  Area,Ready To Move,Thanisandra,2 BHK,869.0,3,2,62.8
Super built-up  Area,Ready To Move,Sarjapur Road,1 BHK,683.0,1,2,57.57
Plot  Area,Ready To Move,Sarjapur Road,2 BHK,1019.0,2,2,83.56
Built-up  Area,Ready To Move,HSR Layout,3 BHK,1418.0,4,1,156.18
Built-up  Area,Ready To Move,Whitefield,2 BHK,1256.0,2,0,91.08
Super built-up  Area,Ready To Move,Whitefield,2 BHK,1053.0,2,1,75.9
Super built-up  Area,Ready To Move,Hebbal,2 BHK,973.0,2,1,91.03
Carpet  Area,Ready To Move,Marathahalli,2 BHK,1316.0,3,1,96.88
Super built-up  Area,Ready To Move,Thanisandra,2 BHK,1298.0,3,1,90.86
Built-up  Area,Ready To Move,Whitefield,2 BHK,879.0,2,3,58.51
Super built-up  Area,Ready To Move,Jayanagar,3 BHK,2158.0,4,1,273.91
Carpet  Area,Under Construction,Thanisandra,2 BHK,1400.0,2,2,101.49
Built-up  Area,Ready To Move,Koramangala,3 BHK,1671.0,3,2,262.34
Carpet  Area,Ready To Move,Yelahanka,3 BHK,1739.0,3,1,126.79
Super built-up  Area,Under Construction,Hebbal,2 BHK,1504.0,3,2,116.45
Super built-up  Area,Ready To Move,Electronic City,3 BHK,2009.0,3,1,89.98
Super built-up  Area,Ready To Move,HSR Layout,1 BHK,654.0,2,1,72.18
Built-up  Area,Ready To Move,HSR Layout,2 BHK,1107.0,3,1,116.71
Built-up  Area,Ready To Move,HSR Layout,2 BHK,1408.0,3,2,159.71
Super built-up  Area,Ready To Move,Indiranagar,2 BHK,1441.0,2,1,203.85
Super built-up  Area,Ready To Move,Marathahalli,2 BHK,1462.0,2,1,91.21
Super built-up  Area,Under Construction,Rajaji Nagar,3 BHK,1360.0,4,3,175.59
Plot  Area,Ready To Move,Jayanagar,4 BHK,1925.0,5,1,327.15
Super built-up  Area,Ready To Move,Yelahanka,3 BHK,1820.0,4,2,114.58
Built-up  Area,Under Construction,Marathahalli,2 BHK,1395.0,2,0,84.15
Super built-up  Area,Ready To Move,Whitefield,3 BHK,2142.0,4,2,139.87
Super built-up  Area,Ready To Move,Electronic City,3 BHK,2107.0,4,2,108.72
Plot  Area,Ready To Move,HSR Layout,2 BHK,1107.0,3,3,123.3
Super built-up  Area,Ready To Move,Jayanagar,1 BHK,781.0,1,2,93.09
Super built-up  Area,Ready To Move,HSR Layout,2 BHK,1045.0,3,1,99.34
Super built-up  Area,Ready To Move,Thanisandra,2 BHK,1096.0,2,2,74.38
Super built-up  Area,Ready To Move,Whitefield,3 BHK,1461.0,3,3,105.62
Super built-up  Area,Ready To Move,Electronic City,3 BHK,1880.0,3,0,98.02
Super built-up  Area,Ready To Move,Thanisandra,2 BHK,1262.0,3,3,83.81
Built-up  Area,Ready To Move,Electronic City,3 BHK,2132.0,3,2,132.15
Super built-up  Area,Ready To Move,Sarjapur Road,3 BHK,1956.0,3,1,131.57
Plot  Area,Ready To Move,Electronic City,3 BHK,2103.0,3,1,126.13
Built-up  Area,Ready To Move,Sarjapur Road,2 BHK,1171.0,3,1,101.76
Carpet  Area,Under Construction,Bellandur,2 BHK,1403.0,3,1,143.52
Plot  Area,Under Construction,Sarjapur Road,2 BHK,1413.0,3,1,110.52
Super built-up  Area,Under Construction,Indiranagar,3 BHK,1548.0,3,2,237.57
Super built-up  Area,Ready To Move,Whitefield,3 BHK,1824.0,3,3,120.12
Built-up  Area,Ready To Move,Yelahanka,2 BHK,1194.0,2,1,86.56
Super built-up  Area,Ready To Move,Sarjapur Road,1 BHK,605.0,2,2,47.05
Super built-up  Area,Under Construction,Koramangala,3 BHK,2094.0,3,1,277.13
Super built-up  Area,Ready To Move,Thanisandra,2 BHK,1363.0,3,2,92.13
Super built-up  Area,Ready To Move,Electronic City,2 BHK,863.0,2,1,47.69
Super built-up  Area,Ready To Move,Rajaji Nagar,1 BHK,632.0,1,1,82.19
Super built-up  Area,Ready To Move,Koramangala,1 BHK,761.0,2,2,107.15
Super built-up  Area,Ready To Move,Hebbal,2 BHK,1387.0,3,2,140.23
Built-up  Area,Ready To Move,Electronic City,2 BHK,1301.0,2,3,81.79
Super built-up  Area,Ready To Move,Marathahalli,3 BHK,1342.0,3,0,72.5
Carpet  Area,Under Construction,Thanisandra,4 BHK,2772.0,4,1,201.03
Super built-up  Area,Under Construction,Electronic City,2 BHK,1126.0,3,1,57.34
Built-up  Area,Under Construction,Sarjapur Road,2 BHK,1064.0,2,2,79.51
Super built-up  Area,Under Construction,Yelahanka,2 BHK,1339.0,3,2,80.7
Super built-up  Area,Ready To Move,Bellandur,2 BHK,1477.0,3,2,115.38
Super built-up  Area,Under Construction,Thanisandra,3 BHK,2058.0,3,1,118.97
Super built-up  Area,Ready To Move,Hebbal,2 BHK,1431.0,2,1,129.45
Plot  Area,Under Construction,Thanisandra,1 BHK,631.0,2,1,44.52
Built-up  Area,Ready To Move,Sarjapur Road,3 BHK,1804.0,4,1,118.85
Super built-up  Area,Ready To Move,Electronic City,3 BHK,1409.0,3,3,74.98
Super built-up  Area,Ready To Move,Koramangala,2 BHK,1347.0,2,1,180.07
Super built-up  Area,Ready To Move,Other,2 BHK,1048.0,3,1,62.76
Super built-up  Area,Under Construction,Sarjapur Road,2 BHK,1561.0,2,3,107.19
Super built-up  Area,Under Construction,Hebbal,2 BHK,1293.0,2,1,107.36
Carpet  Area,Ready To Move,Bellandur,2 BHK,1378.0,2,1,147.86
Super built-up  Area,Ready To Move,HSR Layout,3 BHK,2343.0,4,2,226.07
Built-up  Area,Ready To Move,Jayanagar,2 BHK,1232.0,2,3,199.83
Built-up  Area,Ready To Move,Thanisandra,3 BHK,2058.0,3,1,146.75
Built-up  Area,Under Construction,Whitefield,3 BHK,1812.0,3,2,121.11
Super built-up  Area,Ready To Move,Other,2 BHK,1169.0,3,2,68.99
Built-up  Area,Ready To Move,Thanisandra,2 BHK,1349.0,2,2,111.68
Plot  Area,Under Construction,Jayanagar,3 BHK,2107.0,3,2,321.7
Super built-up  Area,Ready To Move,Bellandur,2 BHK,1567.0,3,2,125.79
Super built-up  Area,Ready To Move,Jayanagar,2 BHK,1557.0,3,2,195.2
Carpet  Area,Under Construction,Whitefield,2 BHK,1494.0,2,1,115.56
Built-up  Area,Under Construction,Sarjapur Road,3 BHK,1925.0,4,0,123.4
Super built-up  Area,Under Construction,Jayanagar,2 BHK,1575.0,2,1,189.21
Super built-up  Area,Ready To Move,Electronic City,1 BHK,591.0,1,0,28.46
Super built-up  Area,Ready To Move,Whitefield,4 BHK,2520.0,4,0,164.39
Super built-up  Area,Ready To Move,Yelahanka,3 BHK,2024.0,4,1,146.65
Super built-up  Area,Ready To Move,Yelahanka,3 BHK,1537.0,3,1,98.58
Super built-up  Area,Ready To Move,Electronic City,3 BHK,1956.0,4,2,100.55
Built-up  Area,Ready To Move,Jayanagar,2 BHK,1517.0,2,1,234.14
Built-up  Area,Ready To Move,Bellandur,5 BHK,2737.0,5,1,211.38
Plot  Area,Under Construction,HSR Layout,2 BHK,996.0,2,1,102.39
Super built-up  Area,Under Construction,Yelahanka,3 BHK,1525.0,3,2,91.96
Built-up  Area,Ready To Move,Hebbal,2 BHK,1104.0,2,1,110.54
Super built-up  Area,Ready To Move,Electronic City,3 BHK,2063.0,4,1,108.74
Super built-up  Area,Under Construction,Electronic City,3 BHK,1534.0,3,2,74.38
Plot  Area,Ready To Move,HSR Layout,2 BHK,914.0,3,2,89.48
Super built-up  Area,Under Construction,HSR Layout,4 BHK,1986.0,5,3,163.4
Super built-up  Area,Under Construction,Yelahanka,3 BHK,1727.0,3,1,104.92
Super built-up  Area,Ready To Move,Yelahanka,1 BHK,403.0,1,2,26.45
Super built-up  Area,Ready To Move,Indiranagar,2 BHK,1134.0,3,3,171.2
Built-up  Area,Ready To Move,Yelahanka,3 BHK,1636.0,4,2,106.08
Carpet  Area,Ready To Move,Electronic City,4 BHK,2245.0,4,2,151.8
Built-up  Area,Ready To Move,Whitefield,2 BHK,1528.0,3,2,116.92
Plot  Area,Under Construction,Jayanagar,1 BHK,363.0,1,1,46.84
Built-up  Area,Under Construction,Whitefield,3 BHK,1860.0,3,2,123.32
Plot  Area,Ready To Move,Electronic City,2 BHK,1176.0,2,2,70.0
Super built-up  Area,Under Construction,Bellandur,2 BHK,1114.0,3,1,87.75
Plot  Area,Ready To Move,Hebbal,2 BHK,1163.0,2,2,130.14
Super built-up  Area,Under Construction,Jayanagar,2 BHK,1137.0,2,2,137.09
Plot  Area,Ready To Move,Sarjapur Road,4 BHK,1952.0,4,3,140.76
Super built-up  Area,Ready To Move,Whitefield,2 BHK,946.0,2,1,66.21
Built-up  Area,Ready To Move,Sarjapur Road,1 BHK,465.0,2,3,45.77
Built-up  Area,Ready To Move,Indiranagar,2 BHK,1346.0,2,0,235.06
Carpet  Area,Ready To Move,Sarjapur Road,2 BHK,1216.0,2,1,107.87
Built-up  Area,Under Construction,HSR Layout,3 BHK,2002.0,3,2,185.66
Super built-up  Area,Ready To Move,Jayanagar,2 BHK,1024.0,3,1,141.35
Super built-up  Area,Under Construction,Rajaji Nagar,3 BHK,1574.0,3,2,182.95
Super built-up  Area,Ready To Move,Electronic City,3 BHK,1722.0,3,2,93.03
Super built-up  Area,Ready To Move,Hebbal,2 BHK,1346.0,3,2,130.49
Super built-up  Area,Ready To Move,HSR Layout,5 BHK,3109.0,6,2,277.05
Super built-up  Area,Under Construction,Marathahalli,2 BHK,956.0,2,0,56.34
Super built-up  Area,Ready To Move,Other,3 BHK,1443.0,3,1,78.96
Plot  Area,Ready To Move,Electronic City,1 BHK,472.0,2,1,31.17
Plot  Area,Under Construction,Thanisandra,2 BHK,1301.0,2,1,100.73
Super built-up  Area,Ready To Move,Sarjapur Road,3 BHK,1758.0,3,1,114.6
Super built-up  Area,Ready To Move,Whitefield,1 BHK,654.0,1,2,55.13
Super built-up  Area,Ready To Move,Whitefield,1 BHK,493.0,2,2,38.11
Super built-up  Area,Ready To Move,Hebbal,2 BHK,1411.0,3,2,138.45
Super built-up  Area,Ready To Move,HSR Layout,2 BHK,1583.0,2,2,156.23
Super built-up  Area,Under Construction,Whitefield,1 BHK,618.0,2,2,42.95
Super built-up  Area,Under Construction,Bellandur,2 BHK,1437.0,3,2,118.15
Super built-up  Area,Ready To Move,Sarjapur Road,3 BHK,1292.0,3,1,87.55
Super built-up  Area,Ready To Move,Indiranagar,2 BHK,1332.0,2,2,196.35
Super built-up  Area,Ready To Move,Sarjapur Road,1 BHK,490.0,2,2,44.67
Built-up  Area,Ready To Move,Electronic City,3 BHK,2048.0,3,3,105.4
Built-up  Area,Ready To Move,Hebbal,3 BHK,1515.0,3,1,149.49
Super built-up  Area,Ready To Move,Electronic City,2 BHK,1139.0,2,2,62.43
Super built-up  Area,Ready To Move,HSR Layout,3 BHK,1843.0,4,2,186.28
Super built-up  Area,Ready To Move,Electronic City,2 BHK,1121.0,2,0,52.62
Super built-up  Area,Ready To Move,HSR Layout,3 BHK,1503.0,3,1,142.65
Super built-up  Area,Under Construction,Electronic City,2 BHK,1221.0,3,0,58.17
Super built-up  Area,Ready To Move,Bellandur,2 BHK,1419.0,2,2,117.47
Super built-up  Area,Ready To Move,Thanisandra,1 BHK,708.0,1,3,48.79
Super built-up  Area,Ready To Move,Whitefield,3 BHK,1391.0,3,1,91.46
Built-up  Area,Ready To Move,Hebbal,2 BHK,1274.0,3,2,138.42
Super built-up  Area,Ready To Move,Whitefield,4 BHK,2759.0,5,1,187.93
Super built-up  Area,Ready To Move,Indiranagar,4 BHK,2903.0,5,1,414.73
Super built-up  Area,Ready To Move,Electronic City,5 BHK,2747.0,5,2,118.77
Super built-up  Area,Ready To Move,HSR Layout,1 BHK,449.0,2,2,43.38
Plot  Area,Under Construction,HSR Layout,3 BHK,1489.0,3,1,136.92
Built-up  Area,Ready To Move,Marathahalli,2 BHK,1149.0,2,2,68.55
Super built-up  Area,Ready To Move,HSR Layout,2 BHK,1029.0,3,2,104.9
Built-up  Area,Under Construction,Indiranagar,2 BHK,1092.0,2,2,159.18
Super built-up  Area,Ready To Move,Hebbal,1 BHK,721.0,2,2,76.47
Super built-up  Area,Ready To Move,Marathahalli,3 BHK,1683.0,4,1,98.72
Super built-up  Area,Under Construction,Thanisandra,4 BHK,2788.0,4,1,133.65
Plot  Area,Ready To Move,Electronic City,2 BHK,1051.0,2,2,65.87
Super built-up  Area,Ready To Move,Jayanagar,2 BHK,1278.0,2,2,160.93
Super built-up  Area,Ready To Move,Hebbal,4 BHK,2477.0,4,2,250.48
Super built-up  Area,Ready To Move,Yelahanka,2 BHK,1384.0,3,1,93.13
Built-up  Area,Ready To Move,Yelahanka,3 BHK,1432.0,4,1,80.71
Plot  Area,Ready To Move,Electronic City,3 BHK,1634.0,3,2,89.44
Built-up  Area,Ready To Move,Bellandur,2 BHK,1139.0,2,1,103.63
Built-up  Area,Ready To Move,Sarjapur Road,3 BHK,2194.0,3,3,174.72
Carpet  Area,Ready To Move,Sarjapur Road,3 BHK,1886.0,3,2,160.8
Built-up  Area,Ready To Move,Sarjapur Road,3 BHK,1438.0,3,1,104.21
Built-up  Area,Ready To Move,Thanisandra,2 BHK,962.0,3,2,64.98
Carpet  Area,Ready To Move,Electronic City,3 BHK,1456.0,3,3,93.25
Super built-up  Area,Ready To Move,Whitefield,1 BHK,511.0,2,1,38.95
Super built-up  Area,Ready To Move,Thanisandra,3 BHK,1856.0,3,1,134.89
Built-up  Area,Under Construction,Electronic City,2 BHK,1103.0,3,3,59.78
Plot  Area,Ready To Move,Whitefield,2 BHK,1266.0,2,3,105.59
Plot  Area,Ready To Move,Electronic City,3 BHK,2227.0,3,2,138.38
Built-up  Area,Ready To Move,Sarjapur Road,2 BHK,1270.0,2,2,100.62
Plot  Area,Ready To Move,Hebbal,2 BHK,1024.0,2,3,112.58
Super built-up  Area,Ready To Move,Whitefield,1 BHK,804.0,2,1,50.51
Super built-up  Area,Ready To Move,Other,2 BHK,1167.0,2,1,57.65
Super built-up  Area,Ready To Move,Thanisandra,2 BHK,1366.0,2,1,92.85
Super built-up  Area,Ready To Move,Sarjapur Road,2 BHK,1440.0,3,1,98.38
Super built-up  Area,Under Construction,Sarjapur Road,2 BHK,1218.0,2,1,77.88
Super built-up  Area,Ready To Move,Hebbal,1 BHK,538.0,2,1,50.14
Super built-up  Area,Under Construction,Koramangala,2 BHK,1282.0,2,1,185.85
Plot  Area,Ready To Move,Whitefield,2 BHK,1323.0,3,2,116.94
Super built-up  Area,Ready To Move,Electronic City,2 BHK,1178.0,2,1,65.29
Plot  Area,Ready To Move,Jayanagar,2 BHK,803.0,2,1,120.42
Plot  Area,Under Construction,Electronic City,3 BHK,1793.0,3,0,106.1
Super built-up  Area,Ready To Move,Sarjapur Road,1 BHK,883.0,2,3,61.92
Super built-up  Area,Ready To Move,Jayanagar,3 BHK,1724.0,4,2,226.54
Built-up  Area,Ready To Move,Bellandur,3 BHK,1619.0,4,3,133.78
Built-up  Area,Ready To Move,Sarjapur Road,1 BHK,520.0,2,2,36.63
Super built-up  Area,Ready To Move,Bellandur,2 BHK,1534.0,3,2,123.35
Super built-up  Area,Ready To Move,Whitefield,2 BHK,1031.0,2,2,74.63
Super built-up  Area,Under Construction,Thanisandra,2 BHK,1506.0,2,2,104.89
Super built-up  Area,Ready To Move,HSR Layout,2 BHK,1138.0,2,3,117.49
Super built-up  Area,Ready To Move,Yelahanka,3 BHK,1554.0,3,2,88.94
Super built-up  Area,Ready To Move,Marathahalli,2 BHK,967.0,2,3,61.39
Super built-up  Area,Under Construction,Marathahalli,2 BHK,1158.0,2,2,61.7
Carpet  Area,Ready To Move,Rajaji Nagar,3 BHK,2010.0,3,1,285.39
Built-up  Area,Ready To Move,HSR Layout,3 BHK,1480.0,3,2,153.38
Plot  Area,Under Construction,Sarjapur Road,2 BHK,1328.0,3,2,105.35
Built-up  Area,Ready To Move,Hebbal,2 BHK,1266.0,2,1,136.1
Built-up  Area,Under Construction,Bellandur,3 BHK,1661.0,4,1,124.41
Super built-up  Area,Ready To Move,Rajaji Nagar,2 BHK,1365.0,2,2,147.63
Super built-up  Area,Ready To Move,Electronic City,3 BHK,1844.0,3,0,79.92
Built-up  Area,Ready To Move,Rajaji Nagar,2 BHK,1242.0,3,1,163.62
Plot  Area,Ready To Move,Yelahanka,2 BHK,1051.0,2,1,81.72
Super built-up  Area,Ready To Move,Other,2 BHK,1084.0,3,2,67.19
Super built-up  Area,Ready To Move,Rajaji Nagar,4 BHK,2719.0,5,2,292.23
Built-up  Area,Ready To Move,Electronic City,3 BHK,1491.0,4,1,82.65
Super built-up  Area,Under Construction,Whitefield,2 BHK,1453.0,2,1,94.47
Super built-up  Area,Ready To Move,Whitefield,2 BHK,1223.0,2,1,92.07
Built-up  Area,Ready To Move,Sarjapur Road,1 BHK,518.0,1,1,42.93
Super built-up  Area,Under Construction,Koramangala,3 BHK,1683.0,3,1,245.7
Built-up  Area,Ready To Move,Yelahanka,2 BHK,1242.0,2,1,81.75
Plot  Area,Ready To Move,Rajaji Nagar,3 BHK,1911.0,3,1,291.13
Super built-up  Area,Under Construction,Koramangala,3 BHK,1823.0,3,1,232.2
Super built-up  Area,Ready To Move,Whitefield,1 BHK,841.0,1,2,63.89
Super built-up  Area,Ready To Move,Electronic City,3 BHK,2084.0,3,2,119.39
Super built-up  Area,Ready To Move,Whitefield,2 BHK,1270.0,2,1,76.08
Built-up  Area,Ready To Move,Sarjapur Road,2 BHK,910.0,2,2,70.06
Super built-up  Area,Under Construction,HSR Layout,3 BHK,1940.0,3,3,191.45
Super built-up  Area,Under Construction,Whitefield,2 BHK,1264.0,3,2,83.26
Super built-up  Area,Ready To Move,Sarjapur Road,3 BHK,1675.0,4,2,111.14
Super built-up  Area,Under Construction,Electronic City,1 BHK,777.0,1,2,40.34
Super built-up  Area,Ready To Move,Koramangala,2 BHK,1424.0,2,2,195.02
Built-up  Area,Ready To Move,Hebbal,5 BHK,3582.0,5,1,372.01
Super built-up  Area,Under Construction,HSR Layout,3 BHK,1413.0,3,2,130.69
Super built-up  Area,Under Construction,Hebbal,3 BHK,1953.0,4,1,197.52
Super built-up  Area,Ready To Move,Marathahalli,2 BHK,1217.0,2,1,70.13
Plot  Area,Ready To Move,Electronic City,1 BHK,550.0,1,0,32.15
Super built-up  Area,Ready To Move,HSR Layout,4 BHK,2293.0,5,1,205.91
Built-up  Area,Ready To Move,Thanisandra,1 BHK,732.0,2,1,55.78
Super built-up  Area,Ready To Move,Indiranagar,5 BHK,3573.0,5,2,586.15
Built-up  Area,Ready To Move,Marathahalli,2 BHK,873.0,3,2,66.67
Super built-up  Area,Ready To Move,Sarjapur Road,2 BHK,1224.0,2,1,74.78
Plot  Area,Under Construction,Hebbal,2 BHK,1370.0,2,1,105.2
Super built-up  Area,Ready To Move,Whitefield,2 BHK,1200.0,2,1,81.7
Built-up  Area,Ready To Move,Koramangala,3 BHK,1809.0,3,1,284.21
Super built-up  Area,Under Construction,Electronic City,4 BHK,2674.0,4,1,131.41
Built-up  Area,Ready To Move,Electronic City,2 BHK,1412.0,3,1,75.56
Built-up  Area,Under Construction,HSR Layout,1 BHK,655.0,1,2,72.18
Super built-up  Area,Ready To Move,HSR Layout,3 BHK,1560.0,4,2,151.79
Super built-up  Area,Ready To Move,Whitefield,3 BHK,2291.0,3,0,144.82
Built-up  Area,Ready To Move,Bellandur,2 BHK,893.0,2,1,80.88
Super built-up  Area,Ready To Move,Koramangala,2 BHK,991.0,2,1,145.18
Built-up  Area,Ready To Move,Electronic City,2 BHK,1526.0,3,1,86.96
Super built-up  Area,Ready To Move,Hebbal,3 BHK,1496.0,3,2,131.92
Super built-up  Area,Ready To Move,Thanisandra,2 BHK,1193.0,2,1,74.23
Built-up  Area,Ready To Move,HSR Layout,3 BHK,2029.0,3,2,212.03
Super built-up  Area,Ready To Move,Sarjapur Road,2 BHK,1377.0,2,1,89.37
Carpet  Area,Under Construction,Sarjapur Road,3 BHK,1587.0,3,1,137.06
Plot  Area,Under Construction,Koramangala,2 BHK,1079.0,2,2,152.27
Super built-up  Area,Under Construction,Marathahalli,2 BHK,1103.0,2,0,78.0
Built-up  Area,Ready To Move,Bellandur,2 BHK,1411.0,2,2,128.57
Plot  Area,Ready To Move,Whitefield,3 BHK,1328.0,4,0,98.69
Super built-up  Area,Ready To Move,Hebbal,2 BHK,1493.0,2,1,123.96
Built-up  Area,Under Construction,Rajaji Nagar,4 BHK,2539.0,4,3,257.63
Super built-up  Area,Ready To Move,Whitefield,3 BHK,2079.0,3,1,132.89
Super built-up  Area,Ready To Move,Other,2 BHK,1212.0,2,1,66.69
Super built-up  Area,Ready To Move,Marathahalli,3 BHK,1327.0,3,1,88.99
Built-up  Area,Ready To Move,Whitefield,3 BHK,2257.0,3,0,164.59
Super built-up  Area,Ready To Move,Marathahalli,3 BHK,1571.0,3,2,100.2
Super built-up  Area,Under Construction,Sarjapur Road,3 BHK,1906.0,3,1,116.68
Super built-up  Area,Ready To Move,Jayanagar,3 BHK,2209.0,3,2,364.59
Super built-up  Area,Ready To Move,Hebbal,2 BHK,1241.0,2,2,129.84
Built-up  Area,Ready To Move,Hebbal,3 BHK,1406.0,3,1,142.72
Built-up  Area,Ready To Move,Koramangala,3 BHK,1859.0,3,1,312.8
Super built-up  Area,Ready To Move,Thanisandra,2 BHK,1046.0,2,1,73.45
Super built-up  Area,Under Construction,Whitefield,2 BHK,1301.0,2,2,84.56
Super built-up  Area,Ready To Move,Indiranagar,4 BHK,1663.0,4,3,263.36
Super built-up  Area,Ready To Move,Electronic City,2 BHK,974.0,2,2,49.53
Super built-up  Area,Ready To Move,Sarjapur Road,3 BHK,1547.0,3,1,110.99
Super built-up  Area,Ready To Move,Sarjapur Road,2 BHK,1229.0,3,0,89.7
Super built-up  Area,Ready To Move,Hebbal,3 BHK,1641.0,3,2,149.57
Super built-up  Area,Under Construction,Sarjapur Road,2 BHK,1348.0,2,0,77.66
Super built-up  Area,Ready To Move,Whitefield,3 BHK,2145.0,4,2,157.29
Built-up  Area,Under Construction,Whitefield,1 BHK,559.0,1,2,45.24
Super built-up  Area,Under Construction,Whitefield,3 BHK,2127.0,3,2,140.66
Built-up  Area,Under Construction,Hebbal,2 BHK,1430.0,2,2,134.65
Super built-up  Area,Under Construction,Marathahalli,3 BHK,2182.0,4,1,141.9
Super built-up  Area,Ready To Move,Whitefield,2 BHK,1173.0,2,2,84.81
Super built-up  Area,Ready To Move,Marathahalli,2 BHK,1247.0,2,2,84.22
Built-up  Area,Ready To Move,Thanisandra,2 BHK,1028.0,2,1,73.77
Built-up  Area,Ready To Move,Koramangala,4 BHK,1864.0,5,0,254.06
Built-up  Area,Under Construction,Koramangala,3 BHK,1360.0,3,2,157.6
Built-up  Area,Ready To Move,Yelahanka,2 BHK,1334.0,2,0,81.62
Super built-up  Area,Ready To Move,Whitefield,4 BHK,2971.0,5,1,211.73
Built-up  Area,Under Construction,HSR Layout,3 BHK,2082.0,3,1,176.31
Built-up  Area,Ready To Move,Bellandur,2 BHK,1411.0,3,1,125.26
Carpet  Area,Ready To Move,Indiranagar,3 BHK,1825.0,3,1,337.31
Built-up  Area,Ready To Move,Yelahanka,2 BHK,1179.0,2,3,95.68
Built-up  Area,Under Construction,Whitefield,1 BHK,556.0,1,3,38.74
Super built-up  Area,Ready To Move,Bellandur,3 BHK,1838.0,3,1,165.17
Plot  Area,Under Construction,HSR Layout,2 BHK,948.0,2,3,98.68
Carpet  Area,Ready To Move,Sarjapur Road,2 BHK,1105.0,2,1,105.29
Built-up  Area,Under Construction,Sarjapur Road,3 BHK,1908.0,3,1,120.31
Super built-up  Area,Ready To Move,Koramangala,4 BHK,2253.0,5,1,282.18
Super built-up  Area,Ready To Move,Rajaji Nagar,1 BHK,530.0,1,2,68.48
Built-up  Area,Ready To Move,HSR Layout,2 BHK,1197.0,2,1,114.04
Built-up  Area,Ready To Move,Yelahanka,3 BHK,1909.0,3,3,134.61
Built-up  Area,Ready To Move,Hebbal,3 BHK,2109.0,3,2,172.15
Super built-up  Area,Ready To Move,Whitefield,4 BHK,2037.0,5,2,148.25
Built-up  Area,Ready To Move,Whitefield,1 BHK,529.0,1,1,38.08
Super built-up  Area,Under Construction,Whitefield,3 BHK,2240.0,3,1,136.69
Built-up  Area,Ready To Move,Sarjapur Road,1 BHK,555.0,2,1,40.37
Super built-up  Area,Under Construction,Sarjapur Road,3 BHK,1618.0,3,2,103.93
Built-up  Area,Under Construction,Thanisandra,2 BHK,1575.0,3,2,105.32
Super built-up  Area,Ready To Move,Thanisandra,3 BHK,2001.0,4,1,140.49
Super built-up  Area,Ready To Move,Whitefield,2 BHK,1160.0,3,1,81.97
Super built-up  Area,Ready To Move,Electronic City,3 BHK,1923.0,3,3,106.31
Super built-up  Area,Under Construction,Electronic City,2 BHK,1290.0,3,2,53.56
Built-up  Area,Under Construction,HSR Layout,2 BHK,1385.0,2,1,122.06
Plot  Area,Ready To Move,Whitefield,3 BHK,2051.0,4,3,164.65
Carpet  Area,Ready To Move,Whitefield,2 BHK,980.0,3,1,84.83
Super built-up  Area,Ready To Move,Marathahalli,2 BHK,901.0,3,1,56.42
Built-up  Area,Under Construction,Yelahanka,1 BHK,709.0,2,0,44.74
Super built-up  Area,Ready To Move,Electronic City,1 BHK,542.0,1,1,27.97
Plot  Area,Under Construction,Hebbal,2 BHK,819.0,2,2,89.5
Built-up  Area,Ready To Move,Sarjapur Road,2 BHK,1497.0,3,1,106.53
Super built-up  Area,Ready To Move,Yelahanka,3 BHK,1784.0,3,1,104.5
Super built-up  Area,Under Construction,HSR Layout,3 BHK,1623.0,4,0,133.85
Super built-up  Area,Under Construction,Whitefield,1 BHK,372.0,1,1,24.61
Built-up  Area,Ready To Move,Thanisandra,2 BHK,1196.0,2,1,83.18
Super built-up  Area,Ready To Move,Sarjapur Road,3 BHK,2058.0,3,1,137.19
Built-up  Area,Ready To Move,Electronic City,2 BHK,1384.0,3,2,94.04
Super built-up  Area,Under Construction,Sarjapur Road,2 BHK,1048.0,2,2,68.0
Carpet  Area,Ready To Move,HSR Layout,2 BHK,1174.0,3,1,145.43
Plot  Area,Ready To Move,Sarjapur Road,2 BHK,1329.0,2,1,105.48
Super built-up  Area,Ready To Move,Electronic City,1 BHK,542.0,1,2,28.2
Built-up  Area,Ready To Move,Sarjapur Road,3 BHK,1661.0,4,2,126.68
Built-up  Area,Ready To Move,Whitefield,2 BHK,1114.0,3,1,94.37
Plot  Area,Ready To Move,Thanisandra,4 BHK,1968.0,5,1,160.7
Super built-up  Area,Under Construction,Electronic City,3 BHK,1997.0,3,1,93.45
Super built-up  Area,Ready To Move,Whitefield,3 BHK,1747.0,4,3,124.51
Super built-up  Area,Ready To Move,Bellandur,2 BHK,1321.0,2,1,102.8
Super built-up  Area,Ready To Move,Thanisandra,2 BHK,1057.0,3,1,70.31
Super built-up  Area,Ready To Move,Yelahanka,2 BHK,1124.0,2,1,72.73
Super built-up  Area,Ready To Move,HSR Layout,2 BHK,1011.0,2,1,89.31
Built-up  Area,Ready To Move,Electronic City,3 BHK,1886.0,3,2,111.95
Super built-up  Area,Ready To Move,Thanisandra,2 BHK,1159.0,2,1,75.3
Built-up  Area,Under Construction,Bellandur,3 BHK,1387.0,4,3,113.62
Super built-up  Area,Under Construction,Electronic City,3 BHK,2282.0,4,1,116.56
Plot  Area,Ready To Move,Rajaji Nagar,3 BHK,1865.0,4,2,261.42
Plot  Area,Under Construction,Whitefield,2 BHK,1039.0,3,1,63.16
Super built-up  Area,Under Construction,Other,3 BHK,1818.0,3,1,96.44
Plot  Area,Under Construction,Jayanagar,4 BHK,1960.0,4,2,277.8
Super built-up  Area,Ready To Move,Bellandur,1 BHK,412.0,1,2,32.84
Built-up  Area,Ready To Move,Marathahalli,1 BHK,741.0,2,1,53.21
Super built-up  Area,Ready To Move,Thanisandra,2 BHK,1058.0,2,3,81.16
Super built-up  Area,Ready To Move,Electronic City,2 BHK,1375.0,2,2,65.09
Super built-up  Area,Ready To Move,Hebbal,2 BHK,1327.0,2,2,117.3
Super built-up  Area,Ready To Move,Whitefield,1 BHK,589.0,2,1,36.03
Super built-up  Area,Ready To Move,Sarjapur Road,1 BHK,689.0,1,1,52.12
Super built-up  Area,Under Construction,Thanisandra,3 BHK,1678.0,4,3,114.22
Super built-up  Area,Under Construction,Sarjapur Road,2 BHK,1131.0,2,0,78.25
Plot  Area,Ready To Move,Sarjapur Road,3 BHK,1938.0,3,2,155.44
Super built-up  Area,Ready To Move,Indiranagar,2 BHK,895.0,2,1,151.45
Super built-up  Area,Ready To Move,Jayanagar,3 BHK,1886.0,3,2,229.18
Super built-up  Area,Ready To Move,Whitefield,2 BHK,925.0,2,0,62.67
Built-up  Area,Ready To Move,Sarjapur Road,3 BHK,2007.0,3,1,168.79
Super built-up  Area,Under Construction,Electronic City,2 BHK,1117.0,2,0,52.13
Super built-up  Area,Under Construction,Bellandur,1 BHK,438.0,1,1,34.94
Super built-up  Area,Ready To Move,Whitefield,4 BHK,2775.0,4,1,181.86
Super built-up  Area,Ready To Move,Bellandur,3 BHK,1494.0,3,2,113.83
Super built-up  Area,Under Construction,Electronic City,2 BHK,1095.0,3,2,64.53
Super built-up  Area,Under Construction,Electronic City,4 BHK,2917.0,5,2,136.08
Super built-up  Area,Ready To Move,Marathahalli,2 BHK,1021.0,2,2,69.32
Super built-up  Area,Ready To Move,Whitefield,2 BHK,990.0,2,2,78.24
Super built-up  Area,Ready To Move,Hebbal,3 BHK,1935.0,4,1,168.42
Super built-up  Area,Under Construction,Whitefield,2 BHK,1165.0,2,3,83.51
Super built-up  Area,Ready To Move,HSR Layout,2 BHK,980.0,3,1,103.49
Carpet  Area,Ready To Move,HSR Layout,2 BHK,1247.0,3,2,154.7
Super built-up  Area,Ready To Move,Sarjapur Road,2 BHK,1331.0,2,1,95.16
Built-up  Area,Ready To Move,Whitefield,2 BHK,1172.0,2,2,83.65
Super built-up  Area,Ready To Move,Sarjapur Road,1 BHK,572.0,2,0,43.43
Super built-up  Area,Ready To Move,Bellandur,3 BHK,1825.0,3,3,150.8
Built-up  Area,Ready To Move,Yelahanka,2 BHK,1032.0,3,2,68.48
Super built-up  Area,Ready To Move,HSR Layout,1 BHK,643.0,1,1,73.52
Super built-up  Area,Ready To Move,Indiranagar,3 BHK,1835.0,3,0,263.07
Super built-up  Area,Under Construction,Electronic City,2 BHK,1255.0,2,0,61.96
Super built-up  Area,Ready To Move,Electronic City,2 BHK,917.0,2,1,48.3
Built-up  Area,Under Construction,Electronic City,4 BHK,2175.0,5,0,106.58
Super built-up  Area,Ready To Move,Electronic City,4 BHK,1831.0,4,1,85.1
Super built-up  Area,Ready To Move,Electronic City,1 BHK,709.0,1,2,33.07
Built-up  Area,Ready To Move,HSR Layout,3 BHK,2138.0,3,1,215.13
Carpet  Area,Under Construction,Indiranagar,3 BHK,2124.0,3,0,421.26
Built-up  Area,Ready To Move,Marathahalli,3 BHK,1681.0,3,2,120.76
Super built-up  Area,Ready To Move,Electronic City,2 BHK,1190.0,2,1,60.62
Built-up  Area,Ready To Move,Koramangala,2 BHK,1123.0,2,0,181.42
Built-up  Area,Ready To Move,Yelahanka,2 BHK,1205.0,2,2,82.79
Built-up  Area,Ready To Move,Indiranagar,3 BHK,1426.0,3,2,214.77
Built-up  Area,Under Construction,Electronic City,3 BHK,2012.0,3,1,116.81
Plot  Area,Ready To Move,Electronic City,3 BHK,1564.0,3,2,98.05
Super built-up  Area,Ready To Move,Whitefield,2 BHK,1110.0,2,2,72.39
Super built-up  Area,Under Construction,Sarjapur Road,2 BHK,1216.0,2,0,82.1
Built-up  Area,Ready To Move,Thanisandra,2 BHK,1352.0,2,1,96.43
Super built-up  Area,Ready To Move,Whitefield,3 BHK,1801.0,4,1,118.33
Super built-up  Area,Ready To Move,Electronic City,1 BHK,500.0,2,1,30.31
Super built-up  Area,Ready To Move,Bellandur,3 BHK,2249.0,4,1,205.8
Built-up  Area,Ready To Move,Yelahanka,3 BHK,1924.0,3,2,138.22
Super built-up  Area,Ready To Move,Hebbal,2 BHK,1541.0,2,2,138.5
Built-up  Area,Ready To Move,Bellandur,2 BHK,1035.0,2,2,94.78
Super built-up  Area,Ready To Move,Sarjapur Road,2 BHK,1349.0,2,1,91.83
Super built-up  Area,Under Construction,Electronic City,4 BHK,2816.0,4,2,164.27
Super built-up  Area,Ready To Move,Sarjapur Road,2 BHK,1019.0,2,2,61.99
Super built-up  Area,Ready To Move,Indiranagar,2 BHK,1021.0,2,2,169.47
Built-up  Area,Ready To Move,Marathahalli,3 BHK,2244.0,4,2,178.88
Plot  Area,Ready To Move,Whitefield,2 BHK,902.0,2,2,78.9
Built-up  Area,Ready To Move,HSR Layout,1 BHK,754.0,1,1,71.96
Super built-up  Area,Ready To Move,Sarjapur Road,3 BHK,2124.0,3,2,142.98
Super built-up  Area,Under Construction,HSR Layout,3 BHK,1675.0,4,0,150.88
Super built-up  Area,Under Construction,Whitefield,2 BHK,1329.0,3,1,67.3
Super built-up  Area,Ready To Move,Sarjapur Road,1 BHK,519.0,1,2,40.61
Super built-up  Area,Under Construction,Yelahanka,3 BHK,1759.0,3,1,87.41
Built-up  Area,Under Construction,Indiranagar,3 BHK,1637.0,3,1,252.09
Super built-up  Area,Ready To Move,Hebbal,1 BHK,640.0,2,2,63.64
Super built-up  Area,Ready To Move,Electronic City,3 BHK,1980.0,4,3,104.3
Plot  Area,Under Construction,Sarjapur Road,4 BHK,2781.0,4,1,216.46
Super built-up  Area,Ready To Move,Sarjapur Road,2 BHK,1493.0,2,1,85.03
Plot  Area,Under Construction,Yelahanka,2 BHK,656.0,3,1,37.17
Carpet  Area,Ready To Move,Marathahalli,3 BHK,1720.0,3,2,126.78
Super built-up  Area,Ready To Move,Hebbal,2 BHK,1557.0,2,1,138.05
Super built-up  Area,Ready To Move,Sarjapur Road,3 BHK,1958.0,3,3,135.39
Built-up  Area,Under Construction,Jayanagar,3 BHK,1841.0,3,3,253.79
Super built-up  Area,Ready To Move,Hebbal,3 BHK,2039.0,3,1,201.54
Super built-up  Area,Ready To Move,Indiranagar,2 BHK,1045.0,2,1,151.96
Built-up  Area,Ready To Move,Electronic City,3 BHK,1906.0,3,3,113.9
Super built-up  Area,Ready To Move,Thanisandra,2 BHK,961.0,2,2,49.41
Super built-up  Area,Ready To Move,HSR Layout,2 BHK,1461.0,3,3,121.53
Built-up  Area,Ready To Move,Yelahanka,2 BHK,1027.0,3,1,75.01
Built-up  Area,Ready To Move,Yelahanka,3 BHK,1657.0,3,2,98.95
Super built-up  Area,Ready To Move,Electronic City,2 BHK,1564.0,2,1,84.06
Super built-up  Area,Ready To Move,Thanisandra,3 BHK,1484.0,3,1,105.81
Super built-up  Area,Ready To Move,Yelahanka,2 BHK,1252.0,3,1,80.57
Super built-up  Area,Ready To Move,Sarjapur Road,3 BHK,1834.0,3,2,102.13
Built-up  Area,Ready To Move,Electronic City,1 BHK,588.0,1,1,31.45
Built-up  Area,Ready To Move,Whitefield,1 BHK,542.0,1,1,43.17
Built-up  Area,Ready To Move,Hebbal,5 BHK,2856.0,6,1,270.66
Super built-up  Area,Ready To Move,Sarjapur Road,1 BHK,622.0,2,1,52.46
Super built-up  Area,Ready To Move,Indiranagar,2 BHK,960.0,2,0,142.54
Super built-up  Area,Ready To Move,Electronic City,3 BHK,2218.0,3,1,103.74
Super built-up  Area,Ready To Move,Jayanagar,3 BHK,1956.0,3,1,228.91
Super built-up  Area,Ready To Move,Electronic City,2 BHK,991.0,2,2,52.4
Super built-up  Area,Ready To Move,Electronic City,3 BHK,1766.0,3,1,78.64
Super built-up  Area,Ready To Move,HSR Layout,3 BHK,1750.0,4,3,168.19
Built-up  Area,Ready To Move,HSR Layout,1 BHK,417.0,1,2,46.28
Built-up  Area,Ready To Move,Electronic City,2 BHK,1093.0,2,2,70.69
Super built-up  Area,Under Construction,Electronic City,2 BHK,998.0,2,2,52.45
Super built-up  Area,Ready To Move,Electronic City,2 BHK,990.0,2,0,47.56
Plot  Area,Ready To Move,Thanisandra,2 BHK,990.0,2,2,81.1
Carpet  Area,Ready To Move,Thanisandra,2 BHK,1098.0,2,0,96.34
Super built-up  Area,Ready To Move,Hebbal,2 BHK,1371.0,3,2,118.6
Built-up  Area,Ready To Move,Thanisandra,2 BHK,957.0,3,1,74.33
Built-up  Area,Ready To Move,Thanisandra,2 BHK,1398.0,3,2,113.57
Super built-up  Area,Ready To Move,Whitefield,2 BHK,1153.0,2,1,73.49
Super built-up  Area,Under Construction,Marathahalli,3 BHK,1593.0,3,0,90.95
Super built-up  Area,Ready To Move,Yelahanka,3 BHK,1484.0,4,1,86.44
Super built-up  Area,Ready To Move,Electronic City,2 BHK,1009.0,3,2,53.99
Super built-up  Area,Ready To Move,Electronic City,2 BHK,833.0,2,2,43.67
Plot  Area,Ready To Move,Whitefield,3 BHK,1271.0,4,0,89.85
Built-up  Area,Ready To Move,Whitefield,4 BHK,2635.0,4,3,204.96
Super built-up  Area,Ready To Move,Thanisandra,1 BHK,565.0,2,2,39.13
Super built-up  Area,Under Construction,Hebbal,1 BHK,612.0,1,2,61.37
Built-up  Area,Under Construction,Yelahanka,2 BHK,1204.0,2,1,82.48
Super built-up  Area,Ready To Move,Thanisandra,3 BHK,1648.0,3,2,115.11
Super built-up  Area,Under Construction,Koramangala,4 BHK,2897.0,5,1,363.27
Plot  Area,Ready To Move,Bellandur,3 BHK,1747.0,4,1,139.49
Super built-up  Area,Ready To Move,Whitefield,2 BHK,1448.0,2,1,108.83
Super built-up  Area,Ready To Move,Sarjapur Road,3 BHK,1808.0,4,1,122.58
Super built-up  Area,Ready To Move,Koramangala,2 BHK,1201.0,2,1,179.02
Super built-up  Area,Ready To Move,Whitefield,3 BHK,1888.0,3,2,133.13
Super built-up  Area,Ready To Move,Whitefield,2 BHK,1209.0,2,2,77.21
Super built-up  Area,Under Construction,Jayanagar,2 BHK,856.0,2,2,114.12
Super built-up  Area,Ready To Move,Bellandur,2 BHK,1527.0,2,2,130.72
Super built-up  Area,Ready To Move,Electronic City,3 BHK,2146.0,3,1,107.57
Super built-up  Area,Ready To Move,Bellandur,3 BHK,1702.0,3,2,149.36
Super built-up  Area,Ready To Move,Yelahanka,2 BHK,1076.0,3,2,70.32
Super built-up  Area,Ready To Move,Sarjapur Road,1 BHK,877.0,1,2,70.11
Plot  Area,Ready To Move,Whitefield,1 BHK,713.0,1,0,49.65
Super built-up  Area,Ready To Move,Marathahalli,2 BHK,1212.0,2,1,79.52
Built-up  Area,Ready To Move,Sarjapur Road,2 BHK,1155.0,3,1,81.95
Super built-up  Area,Ready To Move,Whitefield,2 BHK,1510.0,2,2,100.96
Super built-up  Area,Under Construction,HSR Layout,1 BHK,725.0,1,3,66.3
Built-up  Area,Ready To Move,Thanisandra,3 BHK,1350.0,3,1,105.07
Super built-up  Area,Ready To Move,Electronic City,3 BHK,2295.0,3,2,124.46
Built-up  Area,Ready To Move,Electronic City,2 BHK,1243.0,2,1,71.35
Super built-up  Area,Ready To Move,Electronic City,2 BHK,1265.0,2,2,70.22
Super built-up  Area,Ready To Move,Other,1 BHK,792.0,1,2,45.78
Built-up  Area,Ready To Move,Electronic City,2 BHK,846.0,3,2,49.33
Super built-up  Area,Ready To Move,Indiranagar,3 BHK,1827.0,3,1,301.63
Super built-up  Area,Ready To Move,Marathahalli,3 BHK,1818.0,4,2,130.64
Built-up  Area,Ready To Move,Whitefield,1 BHK,499.0,1,2,40.23
Plot  Area,Ready To Move,Other,3 BHK,2093.0,3,2,138.94
Super built-up  Area,Ready To Move,Marathahalli,3 BHK,1481.0,3,1,112.65
Super built-up  Area,Ready To Move,Rajaji Nagar,2 BHK,1411.0,3,1,152.54
Super built-up  Area,Under Construction,Electronic City,3 BHK,1509.0,4,2,67.44
Super built-up  Area,Ready To Move,Koramangala,2 BHK,1186.0,2,0,172.68
Super built-up  Area,Ready To Move,Thanisandra,2 BHK,1023.0,2,1,67.21
Built-up  Area,Ready To Move,Other,3 BHK,1521.0,4,1,79.68
Super built-up  Area,Under Construction,Electronic City,4 BHK,2738.0,4,1,134.44
Built-up  Area,Ready To Move,Thanisandra,1 BHK,624.0,1,2,45.71
Super built-up  Area,Ready To Move,Sarjapur Road,2 BHK,897.0,2,1,67.59
Super built-up  Area,Ready To Move,Electronic City,4 BHK,2721.0,5,2,134.79
Plot  Area,Ready To Move,Hebbal,2 BHK,1161.0,2,3,126.79
Super built-up  Area,Ready To Move,Yelahanka,3 BHK,2057.0,3,1,125.78
Super built-up  Area,Ready To Move,Hebbal,1 BHK,744.0,2,1,69.59
Super built-up  Area,Ready To Move,HSR Layout,1 BHK,626.0,1,2,57.89
Built-up  Area,Under Construction,Other,2 BHK,818.0,3,1,53.7
Super built-up  Area,Ready To Move,Sarjapur Road,3 BHK,2126.0,4,3,138.68
Super built-up  Area,Ready To Move,Koramangala,1 BHK,610.0,1,2,80.87
Built-up  Area,Under Construction,Sarjapur Road,2 BHK,1551.0,3,1,122.86
Super built-up  Area,Ready To Move,Sarjapur Road,2 BHK,932.0,2,2,65.14
Built-up  Area,Ready To Move,Bellandur,2 BHK,802.0,2,1,70.85
Super built-up  Area,Ready To Move,Marathahalli,2 BHK,1506.0,3,2,106.82
Super built-up  Area,Under Construction,HSR Layout,2 BHK,1153.0,2,2,103.38
Built-up  Area,Ready To Move,Thanisandra,2 BHK,1115.0,3,2,85.26
Built-up  Area,Ready To Move,Whitefield,2 BHK,1426.0,2,2,85.04
Built-up  Area,Under Construction,Electronic City,3 BHK,1512.0,3,2,82.39
Built-up  Area,Ready To Move,HSR Layout,1 BHK,449.0,1,1,47.08
Super built-up  Area,Ready To Move,Whitefield,2 BHK,1175.0,3,1,85.62
Super built-up  Area,Under Construction,Electronic City,2 BHK,1210.0,3,1,56.8
Super built-up  Area,Ready To Move,HSR Layout,2 BHK,1121.0,3,1,121.17
Plot  Area,Ready To Move,Whitefield,3 BHK,1380.0,3,3,98.82
Plot  Area,Under Construction,Electronic City,4 BHK,2518.0,4,3,136.57
Carpet  Area,Ready To Move,HSR Layout,2 BHK,1508.0,2,1,180.61
Super built-up  Area,Ready To Move,Indiranagar,3 BHK,1769.0,4,0,262.73
Super built-up  Area,Ready To Move,Marathahalli,3 BHK,2008.0,4,0,145.52
Super built-up  Area,Ready To Move,Koramangala,3 BHK,1704.0,3,1,209.08
Built-up  Area,Ready To Move,Hebbal,3 BHK,1965.0,4,2,188.72
Super built-up  Area,Ready To Move,Marathahalli,2 BHK,1132.0,2,1,69.66
Built-up  Area,Ready To Move,Yelahanka,5 BHK,2318.0,6,1,141.47
Super built-up  Area,Ready To Move,Electronic City,4 BHK,2690.0,4,2,137.78
Super built-up  Area,Ready To Move,Whitefield,2 BHK,1189.0,2,2,80.01
Super built-up  Area,Ready To Move,Bellandur,2 BHK,1323.0,2,1,109.53
Super built-up  Area,Under Construction,Indiranagar,3 BHK,2126.0,3,2,250.26
Super built-up  Area,Under Construction,Yelahanka,2 BHK,1175.0,2,0,73.68
Super built-up  Area,Ready To Move,Thanisandra,3 BHK,1936.0,4,2,138.12
Super built-up  Area,Ready To Move,Koramangala,2 BHK,1045.0,3,1,120.27
Super built-up  Area,Ready To Move,Other,1 BHK,400.0,1,2,24.2
Plot  Area,Ready To Move,HSR Layout,3 BHK,1866.0,3,1,227.37
Built-up  Area,Ready To Move,Whitefield,4 BHK,2666.0,4,2,202.15
Super built-up  Area,Under Construction,Yelahanka,1 BHK,668.0,1,2,36.35
Super built-up  Area,Ready To Move,Electronic City,3 BHK,1983.0,3,2,87.99
Super built-up  Area,Ready To Move,Thanisandra,2 BHK,1262.0,2,1,84.68
Carpet  Area,Ready To Move,Marathahalli,2 BHK,1140.0,2,1,82.91
Super built-up  Area,Ready To Move,Bellandur,2 BHK,1121.0,2,1,89.33
Super built-up  Area,Ready To Move,Indiranagar,2 BHK,1252.0,2,2,222.2
Built-up  Area,Ready To Move,Hebbal,2 BHK,1115.0,3,2,99.98
Super built-up  Area,Ready To Move,Sarjapur Road,3 BHK,2058.0,3,2,133.05
Plot  Area,Ready To Move,Sarjapur Road,3 BHK,1618.0,3,1,134.05
Super built-up  Area,Ready To Move,Koramangala,2 BHK,924.0,2,0,131.39
Super built-up  Area,Ready To Move,Thanisandra,3 BHK,2070.0,4,2,149.98
Super built-up  Area,Ready To Move,Bellandur,4 BHK,2724.0,4,3,221.03
Plot  Area,Ready To Move,Electronic City,1 BHK,595.0,1,1,35.65
Plot  Area,Ready To Move,HSR Layout,2 BHK,1523.0,2,1,169.66
Super built-up  Area,Ready To Move,Yelahanka,3 BHK,2130.0,4,3,143.44
Super built-up  Area,Ready To Move,Hebbal,3 BHK,1838.0,4,2,148.57
Super built-up  Area,Ready To Move,HSR Layout,4 BHK,1863.0,4,2,183.1
Carpet  Area,Ready To Move,Thanisandra,1 BHK,430.0,2,1,38.68
Super built-up  Area,Under Construction,Bellandur,3 BHK,1928.0,4,0,135.68
Built-up  Area,Ready To Move,Hebbal,3 BHK,2387.0,3,3,237.03
Super built-up  Area,Ready To Move,Rajaji Nagar,3 BHK,1938.0,4,2,260.83
Super built-up  Area,Under Construction,Electronic City,2 BHK,1026.0,2,2,39.98
Super built-up  Area,Ready To Move,Other,1 BHK,611.0,2,2,38.27
Built-up  Area,Ready To Move,Whitefield,2 BHK,1178.0,2,0,96.36
Plot  Area,Ready To Move,Whitefield,2 BHK,917.0,2,1,61.82
Super built-up  Area,Ready To Move,Rajaji Nagar,2 BHK,1345.0,2,1,178.47
Super built-up  Area,Ready To Move,Electronic City,3 BHK,1579.0,3,0,80.55
Super built-up  Area,Under Construction,Thanisandra,2 BHK,1060.0,3,3,76.5
Super built-up  Area,Ready To Move,Yelahanka,2 BHK,1026.0,2,2,53.86
Plot  Area,Under Construction,Jayanagar,2 BHK,1293.0,3,1,199.74
Super built-up  Area,Ready To Move,Other,1 BHK,856.0,2,1,52.52
Built-up  Area,Ready To Move,Sarjapur Road,1 BHK,580.0,1,0,41.96
Built-up  Area,Ready To Move,Thanisandra,2 BHK,815.0,2,2,59.64
Built-up  Area,Under Construction,Whitefield,3 BHK,2016.0,3,2,137.13
Plot  Area,Ready To Move,Hebbal,3 BHK,1757.0,3,3,201.94
Super built-up  Area,Ready To Move,Jayanagar,2 BHK,1358.0,3,2,179.46
Plot  Area,Under Construction,Sarjapur Road,3 BHK,2125.0,3,1,149.98
Super built-up  Area,Ready To Move,Indiranagar,2 BHK,1009.0,3,0,157.8
Super built-up  Area,Ready To Move,HSR Layout,4 BHK,3010.0,4,2,287.64
Built-up  Area,Ready To Move,Koramangala,4 BHK,2177.0,5,2,312.49
Super built-up  Area,Ready To Move,Other,2 BHK,1348.0,2,2,73.58
Built-up  Area,Under Construction,Whitefield,1 BHK,568.0,2,1,44.54
Built-up  Area,Ready To Move,Indiranagar,2 BHK,1388.0,2,0,245.62
Built-up  Area,Ready To Move,Jayanagar,2 BHK,1134.0,3,2,175.03
Super built-up  Area,Ready To Move,HSR Layout,3 BHK,1554.0,4,1,136.5
Built-up  Area,Ready To Move,Whitefield,2 BHK,1209.0,3,1,92.09
Super built-up  Area,Ready To Move,Indiranagar,2 BHK,913.0,2,2,132.14
Built-up  Area,Ready To Move,Sarjapur Road,2 BHK,1041.0,2,0,83.27
Super built-up  Area,Under Construction,Electronic City,2 BHK,1359.0,3,1,68.44
Super built-up  Area,Under Construction,Jayanagar,2 BHK,1364.0,2,2,156.47
Super built-up  Area,Ready To Move,HSR Layout,1 BHK,386.0,1,2,40.49
Super built-up  Area,Ready To Move,Marathahalli,3 BHK,1611.0,4,2,90.77
Super built-up  Area,Ready To Move,Yelahanka,2 BHK,1083.0,2,1,67.57
Super built-up  Area,Ready To Move,Bellandur,3 BHK,1596.0,3,1,123.73
Super built-up  Area,Ready To Move,Whitefield,3 BHK,1929.0,3,2,121.38
Built-up  Area,Ready To Move,Hebbal,1 BHK,662.0,1,2,73.41
Super built-up  Area,Ready To Move,Electronic City,2 BHK,1364.0,3,1,67.08
Super built-up  Area,Ready To Move,Rajaji Nagar,2 BHK,1131.0,3,1,149.13
Super built-up  Area,Under Construction,Electronic City,3 BHK,1637.0,3,1,70.11
Built-up  Area,Ready To Move,Electronic City,2 BHK,706.0,2,1,36.52
Super built-up  Area,Ready To Move,HSR Layout,2 BHK,1399.0,2,0,149.41
Super built-up  Area,Ready To Move,Electronic City,3 BHK,1515.0,4,1,72.92
Super built-up  Area,Ready To Move,Electronic City,3 BHK,2155.0,3,1,111.48
Super built-up  Area,Under Construction,Indiranagar,4 BHK,2518.0,5,3,386.24
Super built-up  Area,Ready To Move,Whitefield,2 BHK,1305.0,3,2,89.47
Super built-up  Area,Under Construction,Whitefield,2 BHK,836.0,2,2,49.05
Built-up  Area,Ready To Move,Sarjapur Road,3 BHK,2130.0,3,2,156.12
Super built-up  Area,Ready To Move,Thanisandra,2 BHK,1058.0,2,3,76.42
Super built-up  Area,Ready To Move,Indiranagar,2 BHK,1221.0,2,3,194.24
Super built-up  Area,Under Construction,Hebbal,3 BHK,1606.0,3,2,131.41
Super built-up  Area,Ready To Move,Indiranagar,3 BHK,1733.0,4,3,249.52
Plot  Area,Under Construction,Sarjapur Road,3 BHK,2002.0,3,2,155.86
Super built-up  Area,Ready To Move,Marathahalli,2 BHK,1427.0,2,2,91.43
Built-up  Area,Ready To Move,Whitefield,5 BHK,3532.0,6,0,264.21
Built-up  Area,Ready To Move,Bellandur,2 BHK,1310.0,2,3,109.56
Super built-up  Area,Ready To Move,Rajaji Nagar,1 BHK,700.0,2,2,88.54
Plot  Area,Ready To Move,Yelahanka,3 BHK,2146.0,3,1,162.74
Super built-up  Area,Under Construction,Electronic City,3 BHK,1888.0,4,2,95.48
Built-up  Area,Ready To Move,Sarjapur Road,2 BHK,843.0,2,2,63.51
Super built-up  Area,Ready To Move,Thanisandra,2 BHK,1444.0,3,2,98.8
Super built-up  Area,Ready To Move,Whitefield,2 BHK,1504.0,3,3,99.66
Super built-up  Area,Ready To Move,Yelahanka,1 BHK,746.0,1,1,48.09
Super built-up  Area,Ready To Move,Thanisandra,3 BHK,1699.0,3,2,135.73
Super built-up  Area,Ready To Move,Thanisandra,2 BHK,1121.0,3,2,76.53
Super built-up  Area,Under Construction,Whitefield,4 BHK,2413.0,4,1,151.42
Super built-up  Area,Ready To Move,Thanisandra,2 BHK,1344.0,2,2,95.6
Super built-up  Area,Under Construction,Bellandur,2 BHK,1346.0,3,2,108.98
Super built-up  Area,Ready To Move,Yelahanka,2 BHK,1095.0,3,0,70.55
Super built-up  Area,Ready To Move,Whitefield,2 BHK,1285.0,2,1,75.06
Super built-up  Area,Ready To Move,Whitefield,2 BHK,1044.0,2,3,62.22
Super built-up  Area,Under Construction,Sarjapur Road,2 BHK,1201.0,3,3,81.95
Super built-up  Area,Under Construction,Whitefield,2 BHK,1015.0,2,1,61.46
Super built-up  Area,Ready To Move,Indiranagar,3 BHK,1893.0,4,2,259.44
Super built-up  Area,Ready To Move,Rajaji Nagar,2 BHK,1315.0,2,2,173.86
Plot  Area,Ready To Move,Sarjapur Road,2 BHK,1367.0,2,1,115.42
Super built-up  Area,Under Construction,Jayanagar,2 BHK,1045.0,2,2,139.26
Super built-up  Area,Under Construction,Whitefield,2 BHK,996.0,2,2,64.09
Super built-up  Area,Ready To Move,Electronic City,3 BHK,2106.0,4,1,110.73
Super built-up  Area,Ready To Move,Whitefield,3 BHK,1840.0,3,2,122.93
Super built-up  Area,Under Construction,Sarjapur Road,2 BHK,1021.0,2,2,73.41
Super built-up  Area,Ready To Move,Rajaji Nagar,2 BHK,1290.0,3,3,193.11
Super built-up  Area,Ready To Move,Whitefield,2 BHK,1566.0,2,0,100.33
Super built-up  Area,Ready To Move,Koramangala,2 BHK,937.0,2,1,146.28
Built-up  Area,Ready To Move,Hebbal,2 BHK,1203.0,3,1,128.29
Super built-up  Area,Under Construction,Marathahalli,1 BHK,754.0,1,2,46.16
Super built-up  Area,Under Construction,Whitefield,3 BHK,1333.0,3,2,103.0
Built-up  Area,Ready To Move,Electronic City,2 BHK,1063.0,2,1,64.38
Super built-up  Area,Ready To Move,Whitefield,4 BHK,2025.0,4,0,133.77
Built-up  Area,Ready To Move,Hebbal,2 BHK,998.0,3,1,94.38
Built-up  Area,Ready To Move,Electronic City,5 BHK,3734.0,5,0,185.56
Super built-up  Area,Ready To Move,Jayanagar,2 BHK,1307.0,2,0,176.97
Super built-up  Area,Ready To Move,Koramangala,1 BHK,602.0,1,3,87.03
Carpet  Area,Ready To Move,Koramangala,1 BHK,586.0,2,2,95.83
Built-up  Area,Ready To Move,HSR Layout,1 BHK,698.0,1,1,83.78
Plot  Area,Ready To Move,Whitefield,1 BHK,570.0,2,2,48.12
Super built-up  Area,Ready To Move,Hebbal,2 BHK,1375.0,2,2,110.28
Super built-up  Area,Under Construction,Other,2 BHK,1324.0,2,2,63.16
Plot  Area,Under Construction,Yelahanka,1 BHK,649.0,1,0,41.91
Super built-up  Area,Ready To Move,Rajaji Nagar,2 BHK,1082.0,3,2,132.01
Carpet  Area,Ready To Move,Yelahanka,2 BHK,1284.0,2,3,87.79
Super built-up  Area,Ready To Move,Whitefield,3 BHK,1640.0,3,1,116.89
Plot  Area,Ready To Move,Electronic City,2 BHK,1273.0,3,1,66.04
Super built-up  Area,Under Construction,Whitefield,3 BHK,1845.0,3,2,137.03
Super built-up  Area,Ready To Move,Sarjapur Road,2 BHK,867.0,2,2,57.67
Plot  Area,Ready To Move,Whitefield,3 BHK,1808.0,3,0,159.82
Super built-up  Area,Ready To Move,Hebbal,1 BHK,647.0,2,0,58.05
Super built-up  Area,Ready To Move,Bellandur,2 BHK,1295.0,2,1,105.22
Super built-up  Area,Ready To Move,Jayanagar,2 BHK,920.0,2,2,137.7
Built-up  Area,Under Construction,Thanisandra,4 BHK,2716.0,4,1,186.8
Carpet  Area,Ready To Move,Marathahalli,3 BHK,2133.0,3,1,186.41
Super built-up  Area,Ready To Move,Whitefield,3 BHK,1734.0,3,1,121.38
Super built-up  Area,Under Construction,Whitefield,3 BHK,2077.0,4,1,141.58
Super built-up  Area,Ready To Move,Bellandur,3 BHK,1790.0,3,1,161.36
Built-up  Area,Under Construction,Electronic City,1 BHK,528.0,2,1,32.16
Super built-up  Area,Ready To Move,Electronic City,3 BHK,1849.0,3,1,78.81
Super built-up  Area,Under Construction,Sarjapur Road,2 BHK,1155.0,2,1,73.63
Super built-up  Area,Ready To Move,Electronic City,3 BHK,1633.0,4,2,87.5
Super built-up  Area,Under Construction,HSR Layout,1 BHK,634.0,1,1,64.69
Plot  Area,Ready To Move,Hebbal,2 BHK,1139.0,3,2,113.94
Super built-up  Area,Ready To Move,HSR Layout,2 BHK,1041.0,3,2,96.03
Super built-up  Area,Ready To Move,Bellandur,2 BHK,1326.0,2,2,94.1
Super built-up  Area,Ready To Move,Sarjapur Road,3 BHK,1424.0,3,0,95.38
Built-up  Area,Ready To Move,Electronic City,2 BHK,1194.0,2,2,71.69
Super built-up  Area,Under Construction,Electronic City,4 BHK,2099.0,5,2,94.54
Super built-up  Area,Ready To Move,Sarjapur Road,2 BHK,1265.0,2,1,94.95
Super built-up  Area,Ready To Move,Thanisandra,3 BHK,2250.0,3,1,140.67
Built-up  Area,Ready To Move,Thanisandra,3 BHK,1626.0,3,1,120.77
Super built-up  Area,Under Construction,Bellandur,2 BHK,1018.0,3,2,66.53
Super built-up  Area,Ready To Move,Electronic City,3 BHK,1537.0,3,2,79.32
Super built-up  Area,Under Construction,Indiranagar,2 BHK,1421.0,2,1,203.32
Super built-up  Area,Ready To Move,Indiranagar,2 BHK,1023.0,2,2,151.25
Carpet  Area,Ready To Move,HSR Layout,1 BHK,618.0,1,2,72.51
Super built-up  Area,Ready To Move,HSR Layout,3 BHK,2266.0,3,2,212.46
Plot  Area,Ready To Move,HSR Layout,2 BHK,1228.0,2,1,149.13
Super built-up  Area,Ready To Move,Indiranagar,1 BHK,689.0,1,0,100.82
Super built-up  Area,Under Construction,Thanisandra,2 BHK,960.0,2,1,56.38
Super built-up  Area,Ready To Move,Whitefield,2 BHK,1107.0,2,3,80.66
Plot  Area,Ready To Move,Thanisandra,3 BHK,1906.0,3,2,157.64
Super built-up  Area,Under Construction,Whitefield,1 BHK,740.0,1,2,52.43
Plot  Area,Ready To Move,Whitefield,2 BHK,1309.0,3,2,103.21
Super built-up  Area,Ready To Move,Other,2 BHK,1318.0,2,2,73.23
Super built-up  Area,Ready To Move,Marathahalli,2 BHK,1211.0,2,2,79.8
Built-up  Area,Ready To Move,Whitefield,3 BHK,1894.0,3,2,133.52
Plot  Area,Ready To Move,Hebbal,2 BHK,1010.0,3,2,97.26
Super built-up  Area,Ready To Move,Electronic City,3 BHK,1985.0,4,3,120.12
Super built-up  Area,Under Construction,HSR Layout,2 BHK,987.0,3,2,71.93
Super built-up  Area,Under Construction,Yelahanka,2 BHK,1024.0,3,2,68.38
Super built-up  Area,Ready To Move,Marathahalli,3 BHK,1785.0,3,2,102.91
Super built-up  Area,Ready To Move,Koramangala,3 BHK,1837.0,4,2,223.84
Super built-up  Area,Ready To Move,Sarjapur Road,5 BHK,3602.0,6,2,262.68
Super built-up  Area,Under Construction,Koramangala,2 BHK,1278.0,2,1,151.33
Super built-up  Area,Ready To Move,Sarjapur Road,2 BHK,1114.0,2,2,78.4
Carpet  Area,Under Construction,Rajaji Nagar,3 BHK,2124.0,3,2,277.19
Built-up  Area,Ready To Move,Jayanagar,2 BHK,1104.0,2,2,166.12
Super built-up  Area,Ready To Move,Indiranagar,1 BHK,631.0,1,1,98.57
Carpet  Area,Ready To Move,Sarjapur Road,2 BHK,1444.0,2,1,132.83
Super built-up  Area,Ready To Move,Sarjapur Road,2 BHK,1230.0,3,2,102.5
Super built-up  Area,Under Construction,Whitefield,2 BHK,863.0,2,1,51.56
Super built-up  Area,Ready To Move,Yelahanka,5 BHK,3032.0,6,2,196.86
Super built-up  Area,Ready To Move,Hebbal,2 BHK,1507.0,2,1,136.21
Built-up  Area,Ready To Move,Sarjapur Road,3 BHK,1710.0,3,1,124.61
Super built-up  Area,Under Construction,Hebbal,2 BHK,1409.0,3,2,109.37
Super built-up  Area,Ready To Move,Yelahanka,2 BHK,1232.0,2,3,76.86
Super built-up  Area,Ready To Move,Whitefield,2 BHK,1314.0,2,1,90.09
Plot  Area,Ready To Move,Jayanagar,2 BHK,1341.0,2,0,195.79
Built-up  Area,Under Construction,Rajaji Nagar,2 BHK,1242.0,3,1,155.3
Built-up  Area,Ready To Move,Marathahalli,3 BHK,2070.0,3,2,129.88
Super built-up  Area,Under Construction,Sarjapur Road,3 BHK,2211.0,4,2,133.99
Super built-up  Area,Under Construction,Electronic City,2 BHK,927.0,2,2,48.35
Super built-up  Area,Under Construction,Sarjapur Road,1 BHK,699.0,2,0,47.46
Super built-up  Area,Under Construction,Sarjapur Road,1 BHK,647.0,1,2,41.12
Super built-up  Area,Ready To Move,Electronic City,2 BHK,1010.0,2,2,58.22
Built-up  Area,Ready To Move,Koramangala,3 BHK,1834.0,3,1,298.35
Super built-up  Area,Ready To Move,Hebbal,2 BHK,1260.0,2,3,121.18
Super built-up  Area,Ready To Move,Jayanagar,2 BHK,1050.0,2,0,133.46
Built-up  Area,Ready To Move,Whitefield,3 BHK,2131.0,3,2,156.72
Built-up  Area,Ready To Move,Koramangala,2 BHK,1141.0,3,2,198.59
Super built-up  Area,Ready To Move,Thanisandra,2 BHK,939.0,3,2,59.68
Super built-up  Area,Ready To Move,Thanisandra,2 BHK,1132.0,2,3,77.86
Super built-up  Area,Ready To Move,Rajaji Nagar,2 BHK,1515.0,2,1,191.66
Built-up  Area,Under Construction,Thanisandra,5 BHK,2485.0,6,1,162.82
Built-up  Area,Ready To Move,Marathahalli,2 BHK,1523.0,2,1,107.7
Super built-up  Area,Under Construction,Sarjapur Road,1 BHK,603.0,2,2,41.39
Carpet  Area,Ready To Move,HSR Layout,2 BHK,1468.0,3,0,201.04
Carpet  Area,Ready To Move,Whitefield,2 BHK,953.0,2,0,94.0
Super built-up  Area,Ready To Move,Whitefield,2 BHK,1484.0,3,2,115.25
Built-up  Area,Ready To Move,Electronic City,5 BHK,2629.0,6,3,157.13
Super built-up  Area,Ready To Move,Whitefield,2 BHK,920.0,3,0,63.57
Super built-up  Area,Ready To Move,Electronic City,3 BHK,1299.0,3,2,75.74
Super built-up  Area,Ready To Move,Electronic City,2 BHK,1311.0,2,2,64.36
Super built-up  Area,Ready To Move,Whitefield,1 BHK,428.0,1,2,32.52
Plot  Area,Under Construction,Rajaji Nagar,3 BHK,1589.0,3,0,223.18
Built-up  Area,Ready To Move,Whitefield,3 BHK,1613.0,3,1,130.28
Built-up  Area,Ready To Move,Thanisandra,2 BHK,1012.0,2,2,74.68
Super built-up  Area,Ready To Move,Electronic City,2 BHK,924.0,2,2,48.8
Super built-up  Area,Ready To Move,Rajaji Nagar,2 BHK,931.0,2,1,127.39
Super built-up  Area,Under Construction,Rajaji Nagar,2 BHK,880.0,2,2,94.79
Super built-up  Area,Under Construction,Bellandur,2 BHK,1467.0,2,1,105.12
Super built-up  Area,Ready To Move,Bellandur,3 BHK,1696.0,3,2,143.43
Super built-up  Area,Ready To Move,Whitefield,2 BHK,1161.0,2,1,90.62
Super built-up  Area,Ready To Move,Other,2 BHK,825.0,2,1,41.89
Super built-up  Area,Ready To Move,Jayanagar,2 BHK,1395.0,2,1,185.86
Super built-up  Area,Under Construction,Rajaji Nagar,2 BHK,1143.0,2,0,143.59
Super built-up  Area,Under Construction,Bellandur,2 BHK,1220.0,2,0,93.33
Plot  Area,Ready To Move,Sarjapur Road,3 BHK,1940.0,3,1,161.43
Super built-up  Area,Ready To Move,Rajaji Nagar,2 BHK,1185.0,3,2,149.19
Super built-up  Area,Under Construction,Sarjapur Road,3 BHK,1583.0,3,2,107.56
Built-up  Area,Ready To Move,Indiranagar,2 BHK,1221.0,3,2,210.65
Carpet  Area,Ready To Move,Whitefield,3 BHK,1889.0,3,1,165.43
Built-up  Area,Ready To Move,Marathahalli,3 BHK,1836.0,4,0,124.41
Super built-up  Area,Ready To Move,Whitefield,2 BHK,1171.0,2,1,79.09
Super built-up  Area,Ready To Move,Electronic City,2 BHK,1291.0,2,3,69.37
Carpet  Area,Ready To Move,Indiranagar,3 BHK,1374.0,4,1,276.95
Built-up  Area,Ready To Move,Thanisandra,2 BHK,1149.0,2,1,91.53
Super built-up  Area,Ready To Move,Koramangala,2 BHK,1041.0,2,1,123.05
Super built-up  Area,Ready To Move,Electronic City,1 BHK,402.0,1,1,22.98
Super built-up  Area,Ready To Move,Whitefield,3 BHK,1432.0,4,1,99.37
Super built-up  Area,Ready To Move,Thanisandra,2 BHK,1325.0,2,1,84.28
Super built-up  Area,Ready To Move,Other,2 BHK,1055.0,2,1,58.42
Super built-up  Area,Ready To Move,Yelahanka,4 BHK,2010.0,4,3,123.88
Carpet  Area,Ready To Move,Hebbal,2 BHK,1447.0,2,2,168.74
Super built-up  Area,Ready To Move,Rajaji Nagar,3 BHK,1542.0,4,2,184.42
Built-up  Area,Ready To Move,Hebbal,3 BHK,1468.0,3,2,173.46
Super built-up  Area,Ready To Move,HSR Layout,1 BHK,552.0,1,1,53.86
Super built-up  Area,Ready To Move,Hebbal,3 BHK,1440.0,3,2,134.98
Super built-up  Area,Ready To Move,Hebbal,2 BHK,1134.0,2,2,119.77
Built-up  Area,Under Construction,Thanisandra,3 BHK,1709.0,3,0,124.49
Super built-up  Area,Ready To Move,HSR Layout,3 BHK,1839.0,4,1,171.7
Super built-up  Area,Ready To Move,Sarjapur Road,2 BHK,1249.0,3,1,78.69
Built-up  Area,Ready To Move,Electronic City,2 BHK,1232.0,2,1,69.01
Super built-up  Area,Ready To Move,Whitefield,3 BHK,2126.0,3,0,144.6
Plot  Area,Under Construction,Indiranagar,2 BHK,1095.0,3,1,186.19
Plot  Area,Ready To Move,Electronic City,3 BHK,1337.0,4,1,85.75
Plot  Area,Ready To Move,Whitefield,2 BHK,1078.0,2,1,74.43
Super built-up  Area,Ready To Move,Bellandur,3 BHK,2108.0,4,1,191.05
Super built-up  Area,Ready To Move,Bellandur,2 BHK,1101.0,3,3,93.96
Carpet  Area,Ready To Move,Thanisandra,3 BHK,1651.0,3,2,140.6
Super built-up  Area,Ready To Move,HSR Layout,1 BHK,612.0,2,2,60.46
Super built-up  Area,Ready To Move,Rajaji Nagar,2 BHK,1302.0,3,0,154.7
Built-up  Area,Under Construction,Marathahalli,3 BHK,1833.0,3,3,104.43
Super built-up  Area,Ready To Move,Yelahanka,2 BHK,1010.0,2,2,62.58
Built-up  Area,Ready To Move,Koramangala,3 BHK,2139.0,4,2,279.78
Built-up  Area,Ready To Move,Sarjapur Road,3 BHK,1955.0,3,2,158.26
Built-up  Area,Ready To Move,Other,3 BHK,2030.0,4,2,145.88
Super built-up  Area,Ready To Move,Electronic City,2 BHK,1340.0,2,1,58.38
Super built-up  Area,Under Construction,Electronic City,1 BHK,533.0,2,0,26.84
Super built-up  Area,Under Construction,Hebbal,2 BHK,1258.0,2,1,116.02
Super built-up  Area,Ready To Move,Whitefield,2 BHK,1082.0,3,2,80.87
Super built-up  Area,Ready To Move,Other,2 BHK,1007.0,2,2,56.2
Super built-up  Area,Ready To Move,Indiranagar,3 BHK,1502.0,3,2,227.8
Super built-up  Area,Ready To Move,Indiranagar,3 BHK,1505.0,4,2,194.27
Super built-up  Area,Ready To Move,Bellandur,1 BHK,485.0,2,2,46.41
Built-up  Area,Ready To Move,HSR Layout,3 BHK,1800.0,3,1,169.21
Super built-up  Area,Ready To Move,Whitefield,2 BHK,1051.0,3,2,67.26
Super built-up  Area,Ready To Move,Koramangala,2 BHK,955.0,2,2,132.43
Built-up  Area,Ready To Move,Thanisandra,2 BHK,1160.0,3,3,94.72
Built-up  Area,Ready To Move,Hebbal,2 BHK,1468.0,2,1,148.93
Super built-up  Area,Under Construction,Thanisandra,3 BHK,2181.0,4,2,165.55
Super built-up  Area,Under Construction,Electronic City,3 BHK,1680.0,4,1,78.09
Super built-up  Area,Under Construction,Electronic City,2 BHK,1182.0,3,1,62.48
Super built-up  Area,Ready To Move,Electronic City,3 BHK,1935.0,3,1,100.87
Plot  Area,Ready To Move,Sarjapur Road,2 BHK,1471.0,2,3,125.47
Plot  Area,Ready To Move,Jayanagar,3 BHK,1634.0,3,2,260.77
Super built-up  Area,Under Construction,Yelahanka,3 BHK,2148.0,4,2,109.42
Built-up  Area,Ready To Move,Sarjapur Road,3 BHK,1642.0,3,1,123.61
Plot  Area,Ready To Move,Indiranagar,2 BHK,1395.0,3,1,266.23
Carpet  Area,Ready To Move,Thanisandra,2 BHK,873.0,2,2,74.37
Super built-up  Area,Under Construction,Electronic City,2 BHK,875.0,2,2,49.21
Super built-up  Area,Under Construction,Electronic City,2 BHK,1045.0,3,2,46.78
Super built-up  Area,Ready To Move,Other,2 BHK,1004.0,3,3,62.88
Super built-up  Area,Under Construction,Koramangala,2 BHK,1232.0,3,1,163.38
Super built-up  Area,Ready To Move,Other,3 BHK,1443.0,3,0,75.49
Built-up  Area,Ready To Move,Sarjapur Road,1 BHK,610.0,1,2,47.62
Built-up  Area,Ready To Move,Bellandur,3 BHK,2261.0,4,1,177.79
Plot  Area,Ready To Move,Electronic City,2 BHK,1010.0,2,2,51.56
Super built-up  Area,Ready To Move,Electronic City,4 BHK,2345.0,5,2,121.65
Super built-up  Area,Under Construction,HSR Layout,5 BHK,2431.0,5,1,203.44
Super built-up  Area,Ready To Move,Sarjapur Road,2 BHK,1131.0,2,1,90.83
Super built-up  Area,Under Construction,Electronic City,5 BHK,3433.0,6,1,146.67
Plot  Area,Ready To Move,Electronic City,3 BHK,2031.0,3,1,123.96
Super built-up  Area,Ready To Move,Whitefield,1 BHK,509.0,2,2,40.25
Built-up  Area,Ready To Move,Bellandur,4 BHK,2449.0,4,0,192.08
Super built-up  Area,Under Construction,HSR Layout,1 BHK,750.0,2,1,70.2
Super built-up  Area,Ready To Move,Whitefield,2 BHK,1252.0,3,2,93.46
Built-up  Area,Ready To Move,Electronic City,2 BHK,1210.0,2,1,66.67
Super built-up  Area,Ready To Move,Whitefield,1 BHK,596.0,1,0,41.74
Super built-up  Area,Under Construction,Koramangala,2 BHK,1336.0,3,3,164.41
Super built-up  Area,Ready To Move,Whitefield,4 BHK,1987.0,4,1,150.21
Built-up  Area,Ready To Move,Thanisandra,5 BHK,2826.0,6,3,178.44
Carpet  Area,Ready To Move,Whitefield,3 BHK,1875.0,4,3,176.76
Built-up  Area,Ready To Move,Electronic City,2 BHK,1247.0,2,1,64.4
Carpet  Area,Ready To Move,Rajaji Nagar,3 BHK,2172.0,3,2,272.49
Built-up  Area,Ready To Move,Thanisandra,1 BHK,709.0,2,1,55.77
Plot  Area,Under Construction,Whitefield,4 BHK,1893.0,4,1,118.21
Super built-up  Area,Ready To Move,Yelahanka,2 BHK,1187.0,3,3,78.24
Super built-up  Area,Ready To Move,HSR Layout,3 BHK,1951.0,4,2,200.2
Super built-up  Area,Ready To Move,Jayanagar,3 BHK,1423.0,3,2,196.65
Built-up  Area,Under Construction,Koramangala,4 BHK,2246.0,4,1,308.08
Super built-up  Area,Ready To Move,Bellandur,3 BHK,1981.0,3,0,145.62
Super built-up  Area,Under Construction,Other,3 BHK,1428.0,3,2,70.76
Plot  Area,Under Construction,Electronic City,3 BHK,1328.0,3,2,67.56
Super built-up  Area,Ready To Move,Koramangala,3 BHK,2205.0,4,1,271.71
Carpet  Area,Ready To Move,Hebbal,3 BHK,1720.0,4,0,177.8
Built-up  Area,Ready To Move,Whitefield,2 BHK,846.0,2,1,65.49
Super built-up  Area,Ready To Move,Whitefield,3 BHK,1844.0,4,1,125.79
Built-up  Area,Under Construction,Whitefield,2 BHK,1282.0,3,1,81.82
Built-up  Area,Under Construction,Koramangala,3 BHK,2016.0,3,1,273.45
Super built-up  Area,Ready To Move,Indiranagar,1 BHK,546.0,1,2,83.57
Built-up  Area,Ready To Move,Indiranagar,5 BHK,3247.0,5,3,572.41
Built-up  Area,Ready To Move,Whitefield,2 BHK,905.0,2,1,66.97
Super built-up  Area,Ready To Move,Hebbal,2 BHK,1255.0,2,1,114.45
Super built-up  Area,Ready To Move,Marathahalli,4 BHK,2316.0,4,1,147.19
Super built-up  Area,Ready To Move,Sarjapur Road,1 BHK,713.0,1,1,50.11
Super built-up  Area,Ready To Move,Koramangala,2 BHK,1436.0,2,1,180.88
Super built-up  Area,Ready To Move,Thanisandra,3 BHK,1313.0,3,3,96.71
Built-up  Area,Ready To Move,Yelahanka,2 BHK,1462.0,2,3,96.54
Super built-up  Area,Under Construction,HSR Layout,2 BHK,950.0,2,1,95.4
Plot  Area,Ready To Move,Jayanagar,3 BHK,1907.0,3,1,269.35
Super built-up  Area,Ready To Move,Sarjapur Road,4 BHK,2785.0,4,2,186.18
Super built-up  Area,Ready To Move,Rajaji Nagar,1 BHK,520.0,1,2,60.26
Super built-up  Area,Ready To Move,Electronic City,2 BHK,1079.0,3,2,58.76
Plot  Area,Ready To Move,Electronic City,2 BHK,1472.0,3,1,93.64
Super built-up  Area,Ready To Move,Whitefield,2 BHK,898.0,3,3,73.89
Super built-up  Area,Ready To Move,Yelahanka,2 BHK,993.0,2,2,56.71
Plot  Area,Under Construction,Hebbal,2 BHK,1327.0,3,1,124.33
Super built-up  Area,Ready To Move,Electronic City,2 BHK,1156.0,2,0,55.03
Super built-up  Area,Ready To Move,Electronic City,3 BHK,1733.0,3,2,85.28
Super built-up  Area,Ready To Move,Rajaji Nagar,2 BHK,916.0,2,0,102.92
Built-up  Area,Ready To Move,Yelahanka,2 BHK,954.0,3,1,66.21
Super built-up  Area,Ready To Move,Indiranagar,3 BHK,1669.0,4,2,236.4
Super built-up  Area,Ready To Move,Koramangala,1 BHK,695.0,1,2,98.73
Super built-up  Area,Ready To Move,Hebbal,3 BHK,1904.0,3,0,167.87
Plot  Area,Ready To Move,Sarjapur Road,2 BHK,1485.0,2,2,107.07
Super built-up  Area,Ready To Move,Rajaji Nagar,2 BHK,978.0,2,2,126.8
Super built-up  Area,Ready To Move,Whitefield,2 BHK,1308.0,3,1,91.1
Super built-up  Area,Ready To Move,Hebbal,2 BHK,1190.0,3,1,111.36
Super built-up  Area,Ready To Move,Sarjapur Road,3 BHK,1682.0,4,1,117.04
Built-up  Area,Under Construction,HSR Layout,4 BHK,2967.0,5,2,292.15
Super built-up  Area,Ready To Move,Hebbal,2 BHK,1111.0,2,3,118.61
Built-up  Area,Ready To Move,HSR Layout,2 BHK,1065.0,3,1,119.23
Built-up  Area,Ready To Move,Whitefield,1 BHK,620.0,2,2,45.66
Plot  Area,Under Construction,HSR Layout,3 BHK,1775.0,4,2,200.96
Super built-up  Area,Under Construction,Electronic City,2 BHK,1444.0,2,2,69.54
Carpet  Area,Ready To Move,Electronic City,1 BHK,790.0,2,2,53.32
Super built-up  Area,Ready To Move,Whitefield,2 BHK,1262.0,3,2,89.77
Built-up  Area,Ready To Move,Thanisandra,2 BHK,1626.0,2,3,113.07
Super built-up  Area,Ready To Move,Hebbal,2 BHK,1233.0,2,1,122.93
Built-up  Area,Ready To Move,Koramangala,3 BHK,2264.0,4,3,369.72
Super built-up  Area,Ready To Move,Thanisandra,4 BHK,2783.0,4,0,218.13
Built-up  Area,Ready To Move,Bellandur,3 BHK,1777.0,3,3,139.96
Plot  Area,Ready To Move,Hebbal,2 BHK,1279.0,3,2,125.7
Built-up  Area,Ready To Move,Sarjapur Road,2 BHK,1364.0,2,0,96.62
Built-up  Area,Ready To Move,Sarjapur Road,2 BHK,1143.0,2,2,78.07
Super built-up  Area,Ready To Move,Koramangala,3 BHK,2034.0,4,1,315.82
Super built-up  Area,Ready To Move,HSR Layout,2 BHK,1287.0,2,2,119.88
Carpet  Area,Under Construction,Jayanagar,2 BHK,1440.0,2,2,252.59
Built-up  Area,Ready To Move,Jayanagar,3 BHK,1846.0,3,2,260.41
Super built-up  Area,Ready To Move,Electronic City,2 BHK,911.0,3,1,50.02
Super built-up  Area,Ready To Move,Whitefield,1 BHK,447.0,1,1,31.25
Super built-up  Area,Ready To Move,Koramangala,1 BHK,575.0,1,1,82.82
Super built-up  Area,Ready To Move,Sarjapur Road,2 BHK,1260.0,3,2,91.24
Super built-up  Area,Ready To Move,Whitefield,2 BHK,1249.0,3,2,82.13
Super built-up  Area,Under Construction,Rajaji Nagar,2 BHK,1456.0,3,1,154.39
Super built-up  Area,Under Construction,Electronic City,1 BHK,557.0,1,2,27.58
Super built-up  Area,Under Construction,Marathahalli,2 BHK,1297.0,3,1,82.36
Super built-up  Area,Under Construction,Thanisandra,1 BHK,773.0,1,3,45.4
Super built-up  Area,Ready To Move,Thanisandra,4 BHK,2120.0,4,0,122.88
Super built-up  Area,Under Construction,Electronic City,2 BHK,969.0,2,2,46.95
Plot  Area,Ready To Move,Electronic City,1 BHK,441.0,2,1,28.7
Super built-up  Area,Under Construction,HSR Layout,3 BHK,1706.0,3,3,142.36
Plot  Area,Ready To Move,Electronic City,2 BHK,1166.0,3,1,82.52
Plot  Area,Under Construction,Sarjapur Road,2 BHK,1533.0,3,1,115.29
Super built-up  Area,Ready To Move,Sarjapur Road,2 BHK,1321.0,2,1,94.86
Super built-up  Area,Ready To Move,Electronic City,5 BHK,3324.0,6,3,161.92
Super built-up  Area,Ready To Move,Electronic City,4 BHK,2970.0,5,2,151.47
Super built-up  Area,Ready To Move,Yelahanka,3 BHK,2054.0,3,1,146.22
Super built-up  Area,Ready To Move,Electronic City,3 BHK,1889.0,3,0,91.06
Super built-up  Area,Under Construction,Whitefield,2 BHK,1449.0,2,2,93.17
Super built-up  Area,Ready To Move,Koramangala,4 BHK,3016.0,4,1,451.29
Super built-up  Area,Under Construction,Other,2 BHK,1342.0,2,2,71.87
Carpet  Area,Under Construction,Sarjapur Road,2 BHK,1415.0,2,2,103.38
Super built-up  Area,Ready To Move,Whitefield,1 BHK,551.0,1,0,37.97
Plot  Area,Ready To Move,Indiranagar,2 BHK,1099.0,2,1,157.14
Super built-up  Area,Ready To Move,Rajaji Nagar,2 BHK,1318.0,2,3,165.0
Super built-up  Area,Ready To Move,Yelahanka,2 BHK,1262.0,3,1,72.17
Super built-up  Area,Ready To Move,Koramangala,3 BHK,2174.0,4,2,260.44
Carpet  Area,Ready To Move,Sarjapur Road,2 BHK,1326.0,2,2,111.01
Super built-up  Area,Ready To Move,HSR Layout,3 BHK,1692.0,4,2,161.5
Super built-up  Area,Ready To Move,Whitefield,2 BHK,1100.0,2,2,78.14
Plot  Area,Ready To Move,Bellandur,3 BHK,1544.0,3,2,137.13
Built-up  Area,Ready To Move,Thanisandra,2 BHK,1199.0,2,1,101.53
Super built-up  Area,Under Construction,Marathahalli,3 BHK,2008.0,4,1,127.85
Carpet  Area,Ready To Move,Electronic City,1 BHK,673.0,2,2,44.03
Plot  Area,Ready To Move,Whitefield,1 BHK,722.0,1,2,67.93
Super built-up  Area,Ready To Move,HSR Layout,3 BHK,2014.0,4,0,181.17
Super built-up  Area,Under Construction,Bellandur,3 BHK,1372.0,3,0,92.52
Carpet  Area,Ready To Move,Yelahanka,2 BHK,1190.0,3,0,93.71
Carpet  Area,Ready To Move,Electronic City,2 BHK,1172.0,2,2,60.11
Super built-up  Area,Ready To Move,Electronic City,2 BHK,1125.0,3,3,65.89
Built-up  Area,Under Construction,HSR Layout,2 BHK,1236.0,3,2,138.7
Super built-up  Area,Under Construction,Sarjapur Road,3 BHK,1611.0,4,1,112.32
Super built-up  Area,Ready To Move,Jayanagar,2 BHK,879.0,2,2,116.63
Super built-up  Area,Ready To Move,Hebbal,3 BHK,1824.0,3,1,174.96
Super built-up  Area,Ready To Move,Yelahanka,3 BHK,1832.0,3,2,121.23
Built-up  Area,Ready To Move,Indiranagar,1 BHK,459.0,2,2,77.97
Super built-up  Area,Ready To Move,Thanisandra,1 BHK,645.0,1,1,43.85
Super built-up  Area,Ready To Move,Sarjapur Road,2 BHK,1160.0,2,1,75.95
Super built-up  Area,Under Construction,Yelahanka,3 BHK,1964.0,3,2,117.5
Super built-up  Area,Under Construction,Electronic City,2 BHK,1005.0,2,1,53.98
Carpet  Area,Ready To Move,HSR Layout,1 BHK,702.0,1,2,89.18
Plot  Area,Ready To Move,Electronic City,2 BHK,1084.0,3,2,63.9
Super built-up  Area,Ready To Move,Hebbal,1 BHK,664.0,1,3,68.61
Plot  Area,Ready To Move,Sarjapur Road,2 BHK,1392.0,3,2,119.74
Super built-up  Area,Under Construction,Electronic City,2 BHK,1292.0,2,2,53.64
Built-up  Area,Under Construction,Marathahalli,2 BHK,1162.0,2,1,69.09
Carpet  Area,Ready To Move,Electronic City,3 BHK,2091.0,3,3,135.15
Super built-up  Area,Ready To Move,Yelahanka,2 BHK,1426.0,2,3,83.96
Built-up  Area,Under Construction,Other,3 BHK,1569.0,3,2,86.14
Super built-up  Area,Ready To Move,Whitefield,2 BHK,1184.0,3,2,69.25
Super built-up  Area,Under Construction,Bellandur,3 BHK,2071.0,3,1,143.59
Super built-up  Area,Ready To Move,Electronic City,1 BHK,829.0,2,2,45.81
Carpet  Area,Ready To Move,Whitefield,2 BHK,922.0,2,1,86.45
Super built-up  Area,Ready To Move,Hebbal,3 BHK,1620.0,3,0,175.75
Plot  Area,Ready To Move,Marathahalli,3 BHK,1279.0,3,1,94.27
Plot  Area,Ready To Move,Whitefield,2 BHK,1160.0,3,1,89.62
Super built-up  Area,Ready To Move,Indiranagar,1 BHK,690.0,1,1,109.79
Super built-up  Area,Under Construction,HSR Layout,3 BHK,1785.0,3,2,165.2
Super built-up  Area,Ready To Move,Jayanagar,2 BHK,1105.0,2,1,179.6
Super built-up  Area,Ready To Move,Whitefield,3 BHK,2037.0,4,1,137.02
Super built-up  Area,Under Construction,Bellandur,4 BHK,2528.0,4,3,160.57
Carpet  Area,Under Construction,Bellandur,2 BHK,1087.0,2,0,85.05
Built-up  Area,Ready To Move,Bellandur,3 BHK,1610.0,3,1,120.26
Super built-up  Area,Under Construction,Marathahalli,2 BHK,1180.0,2,2,68.05
Super built-up  Area,Under Construction,Yelahanka,3 BHK,1896.0,3,2,114.48
Super built-up  Area,Ready To Move,Whitefield,2 BHK,1259.0,2,2,85.31
Super built-up  Area,Ready To Move,Hebbal,1 BHK,473.0,1,1,45.63
Plot  Area,Ready To Move,Sarjapur Road,3 BHK,1969.0,3,1,166.14
Plot  Area,Ready To Move,Sarjapur Road,2 BHK,935.0,3,2,75.69
Super built-up  Area,Ready To Move,Hebbal,4 BHK,2424.0,5,1,201.35
Super built-up  Area,Ready To Move,Sarjapur Road,2 BHK,1296.0,3,2,76.97
Built-up  Area,Under Construction,Hebbal,1 BHK,592.0,1,1,62.32
Super built-up  Area,Ready To Move,Other,2 BHK,1393.0,2,2,74.9
Super built-up  Area,Ready To Move,Whitefield,3 BHK,2108.0,4,2,139.85
Super built-up  Area,Ready To Move,Marathahalli,2 BHK,1322.0,2,1,87.62
Super built-up  Area,Ready To Move,HSR Layout,3 BHK,1540.0,3,1,142.57
Super built-up  Area,Ready To Move,Koramangala,2 BHK,1193.0,2,0,171.65
Super built-up  Area,Ready To Move,Yelahanka,2 BHK,1568.0,3,1,117.52
Super built-up  Area,Ready To Move,Sarjapur Road,3 BHK,1754.0,3,0,113.62
Super built-up  Area,Under Construction,Hebbal,1 BHK,582.0,1,2,51.61
Super built-up  Area,Ready To Move,Hebbal,2 BHK,1142.0,2,2,89.09
Super built-up  Area,Under Construction,Sarjapur Road,3 BHK,1616.0,3,2,104.0
Super built-up  Area,Ready To Move,Marathahalli,2 BHK,1532.0,2,0,92.23
Plot  Area,Ready To Move,Yelahanka,3 BHK,1787.0,4,2,125.18
Super built-up  Area,Ready To Move,Whitefield,3 BHK,1804.0,4,2,133.01
Super built-up  Area,Ready To Move,Whitefield,2 BHK,1358.0,2,2,100.05
Carpet  Area,Under Construction,Hebbal,3 BHK,1655.0,4,1,143.11
Super built-up  Area,Ready To Move,Whitefield,3 BHK,1542.0,4,2,115.96
Built-up  Area,Ready To Move,Koramangala,3 BHK,1778.0,3,2,245.69
Super built-up  Area,Ready To Move,Whitefield,2 BHK,1496.0,2,2,116.84
Super built-up  Area,Ready To Move,HSR Layout,4 BHK,2094.0,4,1,184.25
Super built-up  Area,Under Construction,Whitefield,3 BHK,1637.0,3,2,112.48
Super built-up  Area,Under Construction,Sarjapur Road,2 BHK,1231.0,2,3,78.81
Super built-up  Area,Ready To Move,Bellandur,2 BHK,952.0,2,2,70.94
Super built-up  Area,Under Construction,HSR Layout,2 BHK,1241.0,2,1,101.77
Plot  Area,Ready To Move,Other,3 BHK,1709.0,3,1,114.97
Super built-up  Area,Ready To Move,Jayanagar,5 BHK,3679.0,6,0,479.64
Super built-up  Area,Ready To Move,Sarjapur Road,1 BHK,680.0,1,2,49.66
Super built-up  Area,Ready To Move,Whitefield,4 BHK,2896.0,4,1,194.84
Built-up  Area,Ready To Move,Jayanagar,1 BHK,540.0,2,3,76.73
Built-up  Area,Ready To Move,Rajaji Nagar,2 BHK,1462.0,2,1,193.7
Built-up  Area,Under Construction,Yelahanka,2 BHK,873.0,2,2,61.12
Super built-up  Area,Ready To Move,Whitefield,2 BHK,1472.0,3,1,99.12
Super built-up  Area,Ready To Move,Other,2 BHK,1267.0,3,2,77.87
Super built-up  Area,Ready To Move,Electronic City,3 BHK,1677.0,4,2,88.79
Built-up  Area,Ready To Move,Thanisandra,2 BHK,1156.0,3,2,84.69
Built-up  Area,Ready To Move,Rajaji Nagar,1 BHK,536.0,1,2,78.85
Carpet  Area,Ready To Move,Electronic City,3 BHK,1844.0,3,2,106.8
Super built-up  Area,Ready To Move,Rajaji Nagar,3 BHK,1820.0,3,1,208.17
Super built-up  Area,Ready To Move,Sarjapur Road,4 BHK,1987.0,4,1,134.34
Super built-up  Area,Under Construction,Other,2 BHK,1201.0,2,3,69.29
Super built-up  Area,Under Construction,Electronic City,3 BHK,1919.0,3,2,86.97
Super built-up  Area,Ready To Move,Marathahalli,2 BHK,794.0,2,1,42.93
Super built-up  Area,Ready To Move,Whitefield,2 BHK,1184.0,2,1,89.74
Carpet  Area,Ready To Move,Bellandur,4 BHK,3156.0,4,2,282.4
Super built-up  Area,Under Construction,HSR Layout,2 BHK,958.0,2,2,94.49
Carpet  Area,Ready To Move,Hebbal,3 BHK,2301.0,4,1,289.11
Super built-up  Area,Ready To Move,Electronic City,3 BHK,1646.0,4,2,91.08
Super built-up  Area,Ready To Move,Bellandur,2 BHK,1320.0,3,1,111.69
Super built-up  Area,Under Construction,Electronic City,3 BHK,1801.0,4,1,80.96
Super built-up  Area,Ready To Move,Indiranagar,2 BHK,1191.0,3,1,171.11
Super built-up  Area,Ready To Move,Electronic City,2 BHK,843.0,3,1,44.39
Super built-up  Area,Ready To Move,Marathahalli,3 BHK,2228.0,3,3,141.24
Super built-up  Area,Ready To Move,Whitefield,4 BHK,1908.0,4,2,140.52
Carpet  Area,Under Construction,Electronic City,2 BHK,1295.0,2,1,81.1
Built-up  Area,Under Construction,Electronic City,5 BHK,3641.0,5,1,183.86
Built-up  Area,Ready To Move,Hebbal,2 BHK,965.0,2,2,87.97
Super built-up  Area,Ready To Move,Electronic City,2 BHK,1371.0,2,2,69.09
Super built-up  Area,Ready To Move,HSR Layout,3 BHK,1560.0,4,2,152.51
Super built-up  Area,Ready To Move,Jayanagar,2 BHK,1399.0,2,2,201.92
Plot  Area,Ready To Move,Thanisandra,3 BHK,1668.0,4,3,127.98
Super built-up  Area,Under Construction,Indiranagar,3 BHK,2216.0,3,3,293.5
Super built-up  Area,Ready To Move,Whitefield,3 BHK,1522.0,3,2,109.69
Super built-up  Area,Ready To Move,Bellandur,3 BHK,1672.0,3,2,140.61
Super built-up  Area,Under Construction,Electronic City,3 BHK,1789.0,3,1,81.21
Built-up  Area,Under Construction,Yelahanka,3 BHK,2152.0,3,1,144.84
Super built-up  Area,Ready To Move,Electronic City,2 BHK,1416.0,2,1,73.89
Super built-up  Area,Ready To Move,Hebbal,4 BHK,1905.0,5,0,164.07
Built-up  Area,Ready To Move,Sarjapur Road,2 BHK,1397.0,2,0,109.29
Super built-up  Area,Under Construction,Jayanagar,2 BHK,1490.0,2,3,178.17
Super built-up  Area,Ready To Move,Whitefield,2 BHK,1394.0,2,3,90.58
Super built-up  Area,Under Construction,Indiranagar,4 BHK,2666.0,5,0,367.01
Built-up  Area,Ready To Move,Whitefield,2 BHK,929.0,2,1,72.54
Carpet  Area,Ready To Move,Bellandur,2 BHK,1194.0,3,1,110.62
Super built-up  Area,Ready To Move,Rajaji Nagar,1 BHK,670.0,2,1,78.94
Plot  Area,Ready To Move,Hebbal,2 BHK,1079.0,2,1,128.56
Super built-up  Area,Under Construction,HSR Layout,2 BHK,1592.0,3,1,142.76
Super built-up  Area,Ready To Move,Marathahalli,3 BHK,1855.0,4,2,119.24
Super built-up  Area,Ready To Move,HSR Layout,2 BHK,1388.0,2,3,146.31
Built-up  Area,Ready To Move,HSR Layout,3 BHK,1799.0,4,2,202.84
Super built-up  Area,Ready To Move,Indiranagar,2 BHK,1408.0,3,3,203.49
Built-up  Area,Ready To Move,Bellandur,2 BHK,1050.0,3,2,103.6
Built-up  Area,Under Construction,Whitefield,3 BHK,1508.0,3,1,108.58
Carpet  Area,Ready To Move,Yelahanka,2 BHK,1295.0,3,2,122.55
Super built-up  Area,Ready To Move,Hebbal,1 BHK,544.0,1,1,50.62
Super built-up  Area,Ready To Move,Whitefield,4 BHK,1996.0,4,1,136.37
Super built-up  Area,Ready To Move,Yelahanka,2 BHK,1512.0,2,1,97.95
Super built-up  Area,Ready To Move,Sarjapur Road,2 BHK,1378.0,3,2,108.77
Plot  Area,Under Construction,Whitefield,2 BHK,984.0,2,2,63.62
Super built-up  Area,Ready To Move,Koramangala,1 BHK,764.0,2,2,120.29
Carpet  Area,Ready To Move,Rajaji Nagar,2 BHK,1268.0,2,3,209.35
Carpet  Area,Ready To Move,Rajaji Nagar,3 BHK,2013.0,4,1,265.6
Super built-up  Area,Ready To Move,Marathahalli,2 BHK,1431.0,2,1,89.07
Super built-up  Area,Ready To Move,Jayanagar,1 BHK,572.0,2,1,79.8
Super built-up  Area,Under Construction,Whitefield,3 BHK,2149.0,3,2,141.8
Super built-up  Area,Ready To Move,Sarjapur Road,2 BHK,1251.0,2,1,85.66
Super built-up  Area,Ready To Move,Yelahanka,2 BHK,1256.0,2,1,73.85
Super built-up  Area,Ready To Move,Sarjapur Road,2 BHK,1102.0,2,1,81.18
Super built-up  Area,Ready To Move,Koramangala,1 BHK,445.0,1,2,70.04
Built-up  Area,Ready To Move,Koramangala,2 BHK,1111.0,3,1,186.88
Super built-up  Area,Under Construction,Sarjapur Road,2 BHK,1452.0,2,1,94.51
Super built-up  Area,Ready To Move,Rajaji Nagar,4 BHK,2980.0,5,1,363.34
Super built-up  Area,Ready To Move,HSR Layout,2 BHK,1073.0,2,1,110.18
Carpet  Area,Ready To Move,Hebbal,3 BHK,1832.0,4,2,211.7
Built-up  Area,Ready To Move,Other,2 BHK,1298.0,2,0,77.75
Super built-up  Area,Ready To Move,HSR Layout,2 BHK,1383.0,2,3,131.62
Built-up  Area,Ready To Move,Electronic City,2 BHK,1105.0,2,2,64.62
Built-up  Area,Under Construction,HSR Layout,2 BHK,1007.0,2,2,93.45
Plot  Area,Ready To Move,Yelahanka,2 BHK,1316.0,2,1,94.26
Super built-up  Area,Ready To Move,Thanisandra,4 BHK,2606.0,4,1,159.88
Plot  Area,Under Construction,Yelahanka,3 BHK,1535.0,4,3,101.5
Super built-up  Area,Ready To Move,Bellandur,2 BHK,1027.0,3,2,82.13
Plot  Area,Ready To Move,Electronic City,2 BHK,1112.0,2,1,63.38
Super built-up  Area,Ready To Move,Jayanagar,2 BHK,1258.0,3,3,167.61
Plot  Area,Ready To Move,Rajaji Nagar,3 BHK,1357.0,4,1,168.18
Carpet  Area,Ready To Move,Electronic City,1 BHK,706.0,1,2,46.97
Super built-up  Area,Ready To Move,Whitefield,2 BHK,1106.0,2,2,77.0
Carpet  Area,Ready To Move,Other,1 BHK,605.0,2,1,48.69
Super built-up  Area,Under Construction,Jayanagar,2 BHK,1288.0,3,0,175.89
Super built-up  Area,Ready To Move,Rajaji Nagar,1 BHK,495.0,2,1,66.27
Super built-up  Area,Ready To Move,Rajaji Nagar,4 BHK,2720.0,4,3,290.75
Carpet  Area,Ready To Move,HSR Layout,2 BHK,1569.0,2,1,181.99
Super built-up  Area,Under Construction,Koramangala,2 BHK,830.0,2,1,117.04
Super built-up  Area,Ready To Move,HSR Layout,4 BHK,1810.0,5,1,190.5
Built-up  Area,Under Construction,Whitefield,2 BHK,1075.0,3,2,76.3
Carpet  Area,Ready To Move,Thanisandra,3 BHK,2273.0,4,1,202.46
Built-up  Area,Ready To Move,HSR Layout,2 BHK,877.0,2,0,84.45
Super built-up  Area,Under Construction,Koramangala,2 BHK,1174.0,2,3,174.54
Super built-up  Area,Ready To Move,HSR Layout,1 BHK,617.0,2,2,69.87
Super built-up  Area,Under Construction,HSR Layout,2 BHK,1546.0,3,2,143.23
Super built-up  Area,Under Construction,Electronic City,2 BHK,1178.0,2,0,53.16
Super built-up  Area,Under Construction,Electronic City,2 BHK,953.0,2,2,44.07
Super built-up  Area,Under Construction,Electronic City,2 BHK,1159.0,3,1,56.64
Plot  Area,Under Construction,Electronic City,3 BHK,1880.0,4,1,110.14
Super built-up  Area,Ready To Move,Other,2 BHK,1212.0,3,2,66.01
Super built-up  Area,Ready To Move,Electronic City,3 BHK,1466.0,3,1,83.4
Super built-up  Area,Ready To Move,Electronic City,2 BHK,1322.0,3,3,73.04
Super built-up  Area,Ready To Move,Indiranagar,3 BHK,1586.0,3,2,211.22
Super built-up  Area,Ready To Move,Koramangala,2 BHK,1188.0,2,1,157.16
Super built-up  Area,Ready To Move,Electronic City,2 BHK,1380.0,2,1,75.2
Plot  Area,Ready To Move,Yelahanka,2 BHK,1205.0,3,3,89.7
Super built-up  Area,Under Construction,Yelahanka,3 BHK,2197.0,3,1,136.21
Super built-up  Area,Under Construction,Electronic City,3 BHK,1787.0,3,1,81.22
Built-up  Area,Under Construction,Electronic City,2 BHK,1043.0,2,2,56.56
Built-up  Area,Under Construction,Marathahalli,3 BHK,1634.0,3,1,113.69
Built-up  Area,Ready To Move,Yelahanka,1 BHK,512.0,2,2,37.35
Carpet  Area,Under Construction,Bellandur,1 BHK,582.0,2,0,50.86
Built-up  Area,Ready To Move,Whitefield,3 BHK,1717.0,4,2,137.86
Super built-up  Area,Under Construction,Hebbal,2 BHK,1118.0,2,1,97.39
Built-up  Area,Ready To Move,Indiranagar,2 BHK,1029.0,2,1,178.07
Super built-up  Area,Under Construction,Electronic City,3 BHK,1471.0,4,2,71.87
Super built-up  Area,Ready To Move,Hebbal,3 BHK,2194.0,4,1,208.38
Super built-up  Area,Ready To Move,Koramangala,2 BHK,1404.0,2,3,206.03
Super built-up  Area,Ready To Move,Sarjapur Road,1 BHK,564.0,2,1,40.97
Super built-up  Area,Under Construction,Yelahanka,1 BHK,736.0,2,1,43.16
Super built-up  Area,Under Construction,Jayanagar,1 BHK,646.0,2,1,86.71
Super built-up  Area,Ready To Move,Sarjapur Road,1 BHK,776.0,1,1,48.65
Plot  Area,Ready To Move,Yelahanka,4 BHK,2337.0,4,0,167.12
Plot  Area,Ready To Move,Whitefield,1 BHK,628.0,1,2,55.89
Super built-up  Area,Ready To Move,Yelahanka,2 BHK,1029.0,3,1,60.84
Built-up  Area,Ready To Move,Electronic City,4 BHK,2715.0,5,2,136.51
Super built-up  Area,Ready To Move,Whitefield,3 BHK,1719.0,3,1,96.79
Plot  Area,Ready To Move,Koramangala,1 BHK,584.0,1,2,80.11
Super built-up  Area,Under Construction,Hebbal,2 BHK,1224.0,2,2,108.07
Super built-up  Area,Ready To Move,Rajaji Nagar,3 BHK,2090.0,4,2,261.01
Super built-up  Area,Ready To Move,Sarjapur Road,2 BHK,1136.0,2,2,71.28
Super built-up  Area,Ready To Move,Electronic City,2 BHK,1052.0,2,1,57.09
Super built-up  Area,Under Construction,HSR Layout,2 BHK,1471.0,2,2,134.69
Super built-up  Area,Under Construction,Hebbal,2 BHK,816.0,2,1,57.87
Super built-up  Area,Ready To Move,Sarjapur Road,2 BHK,1098.0,2,1,79.84
Super built-up  Area,Ready To Move,Bellandur,3 BHK,1902.0,3,1,136.28
Super built-up  Area,Ready To Move,Thanisandra,3 BHK,1821.0,3,2,103.13
Carpet  Area,Under Construction,Jayanagar,2 BHK,1307.0,3,1,193.79
Super built-up  Area,Ready To Move,Other,3 BHK,1700.0,4,2,98.28
Super built-up  Area,Ready To Move,Electronic City,1 BHK,768.0,1,0,37.42
Built-up  Area,Ready To Move,Thanisandra,3 BHK,1460.0,3,1,109.22
Plot  Area,Ready To Move,Sarjapur Road,3 BHK,1602.0,3,0,132.3
Super built-up  Area,Ready To Move,Bellandur,3 BHK,2221.0,3,1,166.01
Plot  Area,Ready To Move,Hebbal,1 BHK,570.0,1,2,54.92
Super built-up  Area,Ready To Move,Other,3 BHK,1949.0,3,3,101.04
Super built-up  Area,Ready To Move,Thanisandra,2 BHK,1057.0,2,1,64.8
Super built-up  Area,Ready To Move,Marathahalli,2 BHK,1297.0,3,2,87.13
Super built-up  Area,Ready To Move,Yelahanka,2 BHK,1508.0,2,2,101.96
Super built-up  Area,Ready To Move,Rajaji Nagar,1 BHK,609.0,1,2,59.33
Built-up  Area,Ready To Move,Yelahanka,2 BHK,1353.0,3,3,95.88
Super built-up  Area,Ready To Move,Hebbal,2 BHK,1458.0,3,0,148.07
Built-up  Area,Ready To Move,Electronic City,2 BHK,1072.0,3,1,64.94
Super built-up  Area,Ready To Move,Sarjapur Road,3 BHK,1876.0,3,1,138.97
Super built-up  Area,Under Construction,Whitefield,2 BHK,955.0,2,2,68.22
Super built-up  Area,Under Construction,HSR Layout,2 BHK,950.0,2,3,77.44
Built-up  Area,Ready To Move,HSR Layout,2 BHK,1097.0,3,2,126.17
Super built-up  Area,Ready To Move,HSR Layout,2 BHK,1326.0,3,1,117.62
Built-up  Area,Under Construction,Other,2 BHK,1271.0,2,2,70.49
Built-up  Area,Under Construction,Rajaji Nagar,3 BHK,1460.0,3,2,183.22
Super built-up  Area,Ready To Move,Electronic City,3 BHK,1612.0,4,2,84.12
Carpet  Area,Ready To Move,Sarjapur Road,1 BHK,464.0,1,2,41.28
Built-up  Area,Under Construction,Hebbal,2 BHK,960.0,3,3,85.37
Super built-up  Area,Ready To Move,Sarjapur Road,2 BHK,1541.0,2,1,106.41
Super built-up  Area,Under Construction,Yelahanka,2 BHK,1015.0,3,1,65.79
Super built-up  Area,Ready To Move,HSR Layout,4 BHK,2857.0,5,2,274.14
Super built-up  Area,Under Construction,Indiranagar,2 BHK,1106.0,2,2,144.28
Super built-up  Area,Ready To Move,Jayanagar,3 BHK,1908.0,3,3,287.38
Super built-up  Area,Ready To Move,Yelahanka,4 BHK,1971.0,4,2,121.69
Built-up  Area,Under Construction,Whitefield,2 BHK,945.0,2,3,71.96
Super built-up  Area,Ready To Move,Thanisandra,1 BHK,587.0,2,2,37.42
Built-up  Area,Ready To Move,Hebbal,2 BHK,1296.0,3,2,120.96
Super built-up  Area,Under Construction,Sarjapur Road,1 BHK,623.0,1,1,38.16
Super built-up  Area,Ready To Move,Whitefield,1 BHK,615.0,2,2,48.21
Built-up  Area,Ready To Move,HSR Layout,5 BHK,3758.0,5,2,373.1
Super built-up  Area,Ready To Move,Sarjapur Road,4 BHK,2141.0,5,2,155.86
Super built-up  Area,Ready To Move,Electronic City,3 BHK,1686.0,4,2,87.31
Super built-up  Area,Ready To Move,Bellandur,3 BHK,1292.0,3,2,113.88
Super built-up  Area,Under Construction,Thanisandra,2 BHK,1457.0,3,2,79.91
Super built-up  Area,Ready To Move,Electronic City,2 BHK,1361.0,2,1,74.0
Super built-up  Area,Ready To Move,Whitefield,2 BHK,909.0,3,1,62.98
Built-up  Area,Ready To Move,Jayanagar,2 BHK,1204.0,2,2,185.89
Super built-up  Area,Under Construction,Whitefield,2 BHK,1109.0,2,3,70.3
Super built-up  Area,Ready To Move,Marathahalli,3 BHK,2199.0,3,3,137.9
Super built-up  Area,Under Construction,Koramangala,1 BHK,423.0,2,1,50.04
Super built-up  Area,Under Construction,Sarjapur Road,1 BHK,692.0,2,3,51.64
Super built-up  Area,Ready To Move,Electronic City,3 BHK,1483.0,3,3,77.07
Super built-up  Area,Ready To Move,Whitefield,3 BHK,2220.0,3,2,170.84
Super built-up  Area,Ready To Move,Electronic City,2 BHK,1236.0,3,2,63.7
Built-up  Area,Ready To Move,Whitefield,2 BHK,916.0,2,1,66.39
Super built-up  Area,Ready To Move,Koramangala,3 BHK,2130.0,3,1,324.95
Plot  Area,Under Construction,Electronic City,1 BHK,779.0,1,1,47.21
Super built-up  Area,Ready To Move,HSR Layout,3 BHK,1642.0,3,2,153.53
Super built-up  Area,Ready To Move,Indiranagar,2 BHK,1053.0,2,2,158.49
Built-up  Area,Ready To Move,Sarjapur Road,3 BHK,1742.0,4,2,137.81
Built-up  Area,Under Construction,Whitefield,3 BHK,2058.0,3,2,136.51
Super built-up  Area,Ready To Move,Whitefield,3 BHK,1959.0,4,3,149.25
Built-up  Area,Ready To Move,Whitefield,2 BHK,1273.0,2,1,106.63
Plot  Area,Ready To Move,Thanisandra,1 BHK,408.0,1,1,31.25
Built-up  Area,Under Construction,Sarjapur Road,3 BHK,1958.0,4,1,119.69
Super built-up  Area,Ready To Move,Yelahanka,2 BHK,1033.0,2,2,70.36
Built-up  Area,Under Construction,Hebbal,3 BHK,2020.0,3,2,181.45
Built-up  Area,Ready To Move,Hebbal,3 BHK,1932.0,3,1,197.09
Built-up  Area,Under Construction,HSR Layout,2 BHK,828.0,2,1,72.21
Built-up  Area,Under Construction,Thanisandra,5 BHK,2603.0,5,1,185.29
Carpet  Area,Ready To Move,Electronic City,2 BHK,1285.0,3,1,87.48
Super built-up  Area,Ready To Move,Whitefield,3 BHK,1457.0,4,2,107.7
Super built-up  Area,Ready To Move,Indiranagar,3 BHK,1714.0,3,2,264.07
Super built-up  Area,Under Construction,Sarjapur Road,2 BHK,1356.0,2,0,79.87
Super built-up  Area,Ready To Move,Hebbal,2 BHK,1531.0,3,3,129.77
Super built-up  Area,Ready To Move,Koramangala,3 BHK,1835.0,3,2,256.13
Super built-up  Area,Ready To Move,HSR Layout,2 BHK,1164.0,2,0,114.5
Super built-up  Area,Ready To Move,Koramangala,2 BHK,1126.0,2,2,148.29
Built-up  Area,Ready To Move,HSR Layout,3 BHK,2270.0,3,1,256.46
Built-up  Area,Ready To Move,Thanisandra,1 BHK,391.0,1,2,32.32
Super built-up  Area,Ready To Move,Bellandur,1 BHK,765.0,1,2,65.47
Plot  Area,Ready To Move,HSR Layout,2 BHK,999.0,3,1,125.43
Super built-up  Area,Ready To Move,Bellandur,2 BHK,1302.0,2,2,108.14
Built-up  Area,Under Construction,Jayanagar,3 BHK,1535.0,3,1,217.74
Built-up  Area,Ready To Move,Hebbal,3 BHK,2099.0,3,1,174.23
Super built-up  Area,Ready To Move,Hebbal,4 BHK,1969.0,5,2,192.04
Super built-up  Area,Ready To Move,Thanisandra,1 BHK,716.0,2,3,45.97
Super built-up  Area,Under Construction,Indiranagar,3 BHK,1429.0,3,1,207.14
Built-up  Area,Ready To Move,Whitefield,2 BHK,887.0,2,2,62.41
Built-up  Area,Under Construction,Rajaji Nagar,1 BHK,479.0,1,2,50.84
Super built-up  Area,Ready To Move,Whitefield,3 BHK,2086.0,4,2,129.45
Super built-up  Area,Ready To Move,Thanisandra,2 BHK,1149.0,3,3,85.37
Super built-up  Area,Ready To Move,Thanisandra,2 BHK,1059.0,2,1,68.31
Super built-up  Area,Ready To Move,Marathahalli,2 BHK,1084.0,2,2,75.03
Carpet  Area,Under Construction,Whitefield,3 BHK,2122.0,4,1,154.61
Super built-up  Area,Under Construction,Indiranagar,3 BHK,1689.0,4,2,220.51
Plot  Area,Ready To Move,Hebbal,2 BHK,833.0,3,1,83.33
Built-up  Area,Ready To Move,Sarjapur Road,2 BHK,892.0,2,0,68.8
Carpet  Area,Ready To Move,Whitefield,1 BHK,577.0,1,1,50.95
Super built-up  Area,Under Construction,Indiranagar,2 BHK,1119.0,3,1,155.6
Super built-up  Area,Ready To Move,Hebbal,3 BHK,1889.0,4,1,178.79
Super built-up  Area,Ready To Move,Whitefield,4 BHK,2730.0,4,1,185.15
Built-up  Area,Ready To Move,Koramangala,4 BHK,2136.0,4,2,321.31
Super built-up  Area,Under Construction,Thanisandra,3 BHK,1947.0,3,2,138.53
Super built-up  Area,Ready To Move,Thanisandra,3 BHK,2005.0,3,1,108.77
Built-up  Area,Ready To Move,Rajaji Nagar,3 BHK,2135.0,4,2,271.98
Super built-up  Area,Ready To Move,Hebbal,4 BHK,2365.0,4,3,193.29
Super built-up  Area,Under Construction,Marathahalli,3 BHK,1913.0,3,2,107.39
Super built-up  Area,Ready To Move,Jayanagar,2 BHK,854.0,3,3,120.65
Super built-up  Area,Ready To Move,Sarjapur Road,2 BHK,1295.0,2,3,87.61
Super built-up  Area,Ready To Move,Electronic City,2 BHK,792.0,3,2,52.01
Super built-up  Area,Ready To Move,Hebbal,3 BHK,1640.0,3,1,141.12
Plot  Area,Ready To Move,Hebbal,2 BHK,1487.0,2,2,163.4
Built-up  Area,Ready To Move,Indiranagar,3 BHK,2221.0,4,2,373.97
Super built-up  Area,Ready To Move,Indiranagar,3 BHK,1845.0,3,1,254.91
Built-up  Area,Ready To Move,Thanisandra,1 BHK,542.0,2,1,44.28
Super built-up  Area,Ready To Move,HSR Layout,2 BHK,784.0,2,1,77.63
Super built-up  Area,Ready To Move,Whitefield,3 BHK,1506.0,3,3,101.49
Built-up  Area,Under Construction,Jayanagar,2 BHK,1049.0,3,2,147.72
Built-up  Area,Ready To Move,Sarjapur Road,2 BHK,916.0,2,3,69.1
Super built-up  Area,Ready To Move,Other,3 BHK,1656.0,4,2,85.08
Super built-up  Area,Ready To Move,Whitefield,2 BHK,851.0,2,2,64.38
Built-up  Area,Ready To Move,Marathahalli,2 BHK,1277.0,3,1,84.65
Super built-up  Area,Under Construction,Whitefield,2 BHK,1407.0,2,1,92.64
Plot  Area,Ready To Move,Electronic City,3 BHK,2182.0,3,2,109.13
Super built-up  Area,Ready To Move,Whitefield,3 BHK,1331.0,3,3,87.65
Plot  Area,Under Construction,Bellandur,2 BHK,1220.0,3,3,86.89
Super built-up  Area,Ready To Move,Jayanagar,4 BHK,2850.0,4,1,394.35
Super built-up  Area,Under Construction,Hebbal,4 BHK,3100.0,4,3,264.18
Super built-up  Area,Ready To Move,Marathahalli,3 BHK,1556.0,3,1,92.66
Super built-up  Area,Ready To Move,Indiranagar,3 BHK,1894.0,3,3,294.62
Built-up  Area,Under Construction,Koramangala,3 BHK,1443.0,3,3,198.37
Super built-up  Area,Under Construction,Jayanagar,3 BHK,1913.0,4,2,234.22
Built-up  Area,Ready To Move,Sarjapur Road,2 BHK,1056.0,2,1,77.12
Super built-up  Area,Under Construction,Sarjapur Road,2 BHK,1309.0,2,2,98.49
Super built-up  Area,Ready To Move,Rajaji Nagar,1 BHK,618.0,1,1,76.09
Super built-up  Area,Ready To Move,Rajaji Nagar,3 BHK,1757.0,3,1,201.93
Super built-up  Area,Ready To Move,Other,2 BHK,1120.0,2,1,59.43
Built-up  Area,Ready To Move,Rajaji Nagar,2 BHK,1508.0,3,2,219.68
Super built-up  Area,Ready To Move,Whitefield,2 BHK,1459.0,3,1,113.64
Carpet  Area,Ready To Move,Yelahanka,2 BHK,1353.0,2,1,100.05
Built-up  Area,Ready To Move,Hebbal,2 BHK,1299.0,3,1,141.9
Plot  Area,Ready To Move,Other,3 BHK,2270.0,3,2,152.03
Super built-up  Area,Ready To Move,Hebbal,4 BHK,2761.0,5,2,262.84
Super built-up  Area,Under Construction,Indiranagar,4 BHK,1942.0,4,2,271.22
Super built-up  Area,Ready To Move,HSR Layout,3 BHK,1494.0,4,0,141.23
Super built-up  Area,Under Construction,Sarjapur Road,4 BHK,2309.0,4,1,132.08
Super built-up  Area,Ready To Move,Whitefield,2 BHK,1441.0,2,2,100.16
Super built-up  Area,Under Construction,Rajaji Nagar,2 BHK,1234.0,3,1,138.95
Super built-up  Area,Ready To Move,Yelahanka,2 BHK,1476.0,3,2,90.75
Built-up  Area,Under Construction,Whitefield,3 BHK,1707.0,3,3,122.06
Carpet  Area,Ready To Move,Thanisandra,2 BHK,1442.0,3,2,117.37
Plot  Area,Ready To Move,Koramangala,3 BHK,1928.0,4,2,301.73
Super built-up  Area,Ready To Move,Hebbal,3 BHK,1538.0,3,3,155.2
Super built-up  Area,Under Construction,Electronic City,2 BHK,1376.0,2,3,61.59
Super built-up  Area,Under Construction,Jayanagar,1 BHK,536.0,1,0,55.28
Super built-up  Area,Ready To Move,Bellandur,3 BHK,1855.0,4,1,160.86
Super built-up  Area,Ready To Move,HSR Layout,3 BHK,2194.0,3,1,190.37
Super built-up  Area,Under Construction,Koramangala,2 BHK,1256.0,2,2,176.56
Super built-up  Area,Under Construction,Whitefield,3 BHK,1767.0,4,1,116.71
Built-up  Area,Ready To Move,Hebbal,3 BHK,1307.0,4,1,132.86
Built-up  Area,Under Construction,Electronic City,5 BHK,3400.0,5,0,173.16
Super built-up  Area,Ready To Move,Electronic City,2 BHK,1019.0,3,2,54.4
Super built-up  Area,Under Construction,Bellandur,1 BHK,367.0,2,1,29.58
Plot  Area,Ready To Move,Rajaji Nagar,2 BHK,1418.0,3,2,168.18
Super built-up  Area,Ready To Move,Hebbal,3 BHK,1898.0,3,1,184.75
Super built-up  Area,Ready To Move,Electronic City,3 BHK,2106.0,3,2,105.92
Super built-up  Area,Ready To Move,Koramangala,4 BHK,1921.0,4,3,279.18
Super built-up  Area,Ready To Move,Jayanagar,3 BHK,1553.0,3,2,199.5
Super built-up  Area,Under Construction,Thanisandra,3 BHK,2193.0,4,0,139.77
Built-up  Area,Under Construction,Jayanagar,3 BHK,1629.0,3,2,232.84
Super built-up  Area,Ready To Move,HSR Layout,1 BHK,674.0,2,2,66.1
Super built-up  Area,Under Construction,Thanisandra,2 BHK,1108.0,3,1,73.28
Super built-up  Area,Ready To Move,Whitefield,3 BHK,2125.0,4,1,143.26
Built-up  Area,Under Construction,Sarjapur Road,3 BHK,1671.0,3,3,125.67
Super built-up  Area,Under Construction,Sarjapur Road,2 BHK,915.0,3,1,63.35
Super built-up  Area,Under Construction,HSR Layout,1 BHK,530.0,1,0,45.49
Super built-up  Area,Ready To Move,Marathahalli,2 BHK,926.0,2,1,65.6
Super built-up  Area,Ready To Move,Jayanagar,2 BHK,1236.0,3,2,156.23
Super built-up  Area,Ready To Move,Whitefield,3 BHK,1397.0,3,1,91.85
Super built-up  Area,Ready To Move,Electronic City,1 BHK,641.0,1,2,36.8
Built-up  Area,Ready To Move,Sarjapur Road,2 BHK,1138.0,2,2,84.94
Carpet  Area,Under Construction,Sarjapur Road,3 BHK,1331.0,3,1,95.0
Super built-up  Area,Ready To Move,Koramangala,2 BHK,1040.0,2,2,154.01
Super built-up  Area,Ready To Move,Rajaji Nagar,2 BHK,868.0,2,3,102.88
Super built-up  Area,Ready To Move,Marathahalli,2 BHK,914.0,2,2,66.58
Built-up  Area,Ready To Move,Bellandur,2 BHK,1363.0,2,0,124.88
Super built-up  Area,Ready To Move,Yelahanka,2 BHK,1129.0,2,2,64.62
Built-up  Area,Ready To Move,HSR Layout,3 BHK,1762.0,4,2,195.57
Built-up  Area,Ready To Move,Electronic City,2 BHK,1087.0,2,1,59.38
Plot  Area,Ready To Move,HSR Layout,3 BHK,1524.0,3,1,180.3
Plot  Area,Ready To Move,Indiranagar,2 BHK,1253.0,2,3,206.6
Built-up  Area,Ready To Move,Thanisandra,3 BHK,2179.0,4,1,172.11
Super built-up  Area,Under Construction,Electronic City,3 BHK,1595.0,3,0,67.25
Super built-up  Area,Under Construction,Sarjapur Road,2 BHK,1219.0,2,1,87.38
Super built-up  Area,Ready To Move,Sarjapur Road,3 BHK,1447.0,4,3,116.16
Super built-up  Area,Ready To Move,Marathahalli,2 BHK,1234.0,2,1,84.98
Super built-up  Area,Under Construction,Hebbal,2 BHK,1190.0,3,2,103.74
Super built-up  Area,Ready To Move,Thanisandra,3 BHK,1343.0,3,0,88.53
Built-up  Area,Ready To Move,Thanisandra,3 BHK,2130.0,4,3,165.32
Super built-up  Area,Ready To Move,Electronic City,3 BHK,1997.0,3,2,111.27
Super built-up  Area,Under Construction,Indiranagar,4 BHK,2378.0,5,2,317.8
Super built-up  Area,Under Construction,Rajaji Nagar,3 BHK,2019.0,4,2,230.46
Super built-up  Area,Ready To Move,Hebbal,3 BHK,1869.0,3,2,174.57
Super built-up  Area,Ready To Move,Marathahalli,1 BHK,491.0,1,3,31.02
Plot  Area,Ready To Move,Electronic City,2 BHK,1122.0,2,1,64.83
Super built-up  Area,Under Construction,Whitefield,1 BHK,711.0,1,1,42.52
Super built-up  Area,Under Construction,Rajaji Nagar,2 BHK,1010.0,2,2,95.85
Super built-up  Area,Ready To Move,Jayanagar,2 BHK,1027.0,2,2,148.29
Built-up  Area,Under Construction,Other,3 BHK,1649.0,3,1,98.08
Super built-up  Area,Ready To Move,Bellandur,2 BHK,1450.0,2,2,119.15
Carpet  Area,Ready To Move,Marathahalli,3 BHK,2132.0,3,1,165.8
Super built-up  Area,Ready To Move,Yelahanka,2 BHK,1024.0,2,2,71.56
Super built-up  Area,Ready To Move,Jayanagar,3 BHK,1942.0,4,1,276.07
Built-up  Area,Ready To Move,Indiranagar,3 BHK,1456.0,4,0,265.16
Super built-up  Area,Under Construction,Sarjapur Road,2 BHK,849.0,2,2,59.36
Built-up  Area,Ready To Move,Marathahalli,4 BHK,2299.0,4,0,147.38
Super built-up  Area,Ready To Move,Hebbal,2 BHK,1282.0,3,1,126.69
Carpet  Area,Ready To Move,HSR Layout,3 BHK,1526.0,4,3,181.99
Super built-up  Area,Ready To Move,Hebbal,1 BHK,565.0,1,1,54.77
Built-up  Area,Ready To Move,Indiranagar,2 BHK,1341.0,2,1,227.85
Super built-up  Area,Ready To Move,Hebbal,5 BHK,3372.0,5,1,305.99
Super built-up  Area,Ready To Move,Whitefield,3 BHK,1495.0,3,0,115.03
Built-up  Area,Ready To Move,Rajaji Nagar,2 BHK,1151.0,2,3,132.58
Built-up  Area,Ready To Move,Hebbal,3 BHK,1585.0,3,3,167.41
Super built-up  Area,Ready To Move,Indiranagar,2 BHK,1278.0,2,2,222.16
Super built-up  Area,Ready To Move,Whitefield,1 BHK,722.0,2,2,58.13
Super built-up  Area,Ready To Move,Whitefield,2 BHK,1262.0,3,1,78.99
Super built-up  Area,Ready To Move,Electronic City,2 BHK,875.0,2,1,48.54
Super built-up  Area,Ready To Move,Bellandur,4 BHK,2914.0,4,1,209.47
Super built-up  Area,Ready To Move,Whitefield,3 BHK,1326.0,3,1,101.77
Super built-up  Area,Under Construction,Rajaji Nagar,2 BHK,965.0,2,1,107.96
Super built-up  Area,Ready To Move,Electronic City,3 BHK,2244.0,4,2,113.73
Super built-up  Area,Ready To Move,Electronic City,2 BHK,1453.0,3,1,82.08
Carpet  Area,Under Construction,Electronic City,2 BHK,909.0,2,2,49.93
Super built-up  Area,Ready To Move,Whitefield,3 BHK,1830.0,3,1,123.29
Plot  Area,Ready To Move,Thanisandra,2 BHK,1517.0,2,1,115.91
Super built-up  Area,Ready To Move,Jayanagar,1 BHK,709.0,1,1,83.65
Super built-up  Area,Ready To Move,Koramangala,3 BHK,1453.0,4,2,201.39
Super built-up  Area,Ready To Move,Electronic City,5 BHK,2752.0,5,3,139.02
Super built-up  Area,Under Construction,Electronic City,2 BHK,1164.0,2,1,52.4
Built-up  Area,Under Construction,Hebbal,2 BHK,1222.0,2,1,119.9
Super built-up  Area,Under Construction,Marathahalli,2 BHK,1363.0,2,3,71.77
Super built-up  Area,Ready To Move,Electronic City,3 BHK,1732.0,3,1,93.14
Plot  Area,Under Construction,Thanisandra,3 BHK,1389.0,4,1,94.97
Carpet  Area,Ready To Move,Hebbal,3 BHK,1564.0,3,2,180.76
Super built-up  Area,Under Construction,Sarjapur Road,3 BHK,1438.0,4,2,101.32
Super built-up  Area,Ready To Move,Hebbal,3 BHK,2213.0,3,2,212.72
Super built-up  Area,Ready To Move,Whitefield,3 BHK,1496.0,4,0,103.28
Super built-up  Area,Ready To Move,Yelahanka,2 BHK,1490.0,3,2,92.48
Super built-up  Area,Ready To Move,Electronic City,3 BHK,1733.0,4,2,91.13
Super built-up  Area,Ready To Move,Thanisandra,3 BHK,2028.0,3,1,152.76
Built-up  Area,Ready To Move,Whitefield,2 BHK,1250.0,3,1,92.31
Super built-up  Area,Ready To Move,Marathahalli,2 BHK,1405.0,3,2,87.24
Super built-up  Area,Ready To Move,Electronic City,2 BHK,1173.0,2,2,60.54
Plot  Area,Ready To Move,Rajaji Nagar,3 BHK,1425.0,3,1,193.31
Super built-up  Area,Ready To Move,Yelahanka,2 BHK,949.0,3,2,61.38
Super built-up  Area,Ready To Move,Marathahalli,3 BHK,1445.0,3,1,79.16
Built-up  Area,Ready To Move,Hebbal,2 BHK,1305.0,2,0,117.14
Super built-up  Area,Under Construction,Thanisandra,3 BHK,2202.0,4,3,138.82
Super built-up  Area,Ready To Move,Sarjapur Road,2 BHK,1209.0,2,3,82.48
Super built-up  Area,Ready To Move,Electronic City,3 BHK,1656.0,3,2,86.32
Super built-up  Area,Under Construction,Hebbal,2 BHK,1397.0,3,3,133.44
Plot  Area,Ready To Move,Electronic City,2 BHK,1424.0,2,1,78.15
Super built-up  Area,Ready To Move,Other,1 BHK,711.0,2,2,44.36
Super built-up  Area,Under Construction,Whitefield,2 BHK,1291.0,2,1,78.52
Super built-up  Area,Ready To Move,Indiranagar,3 BHK,1653.0,3,1,217.53
Carpet  Area,Under Construction,Koramangala,3 BHK,2131.0,3,1,341.16
Super built-up  Area,Under Construction,HSR Layout,1 BHK,675.0,1,1,54.17
Super built-up  Area,Under Construction,Bellandur,2 BHK,950.0,2,3,73.39
Carpet  Area,Ready To Move,Whitefield,3 BHK,2046.0,3,1,137.0
Carpet  Area,Ready To Move,Indiranagar,3 BHK,1519.0,4,1,266.2
Super built-up  Area,Ready To Move,Electronic City,1 BHK,673.0,1,2,35.49
Super built-up  Area,Under Construction,Marathahalli,2 BHK,1133.0,3,1,71.36
Super built-up  Area,Under Construction,Thanisandra,2 BHK,1273.0,3,1,65.81
Super built-up  Area,Under Construction,Other,2 BHK,1398.0,2,2,78.29
Built-up  Area,Ready To Move,Whitefield,3 BHK,1504.0,3,2,105.07
Super built-up  Area,Ready To Move,Electronic City,3 BHK,2047.0,3,2,116.56
Super built-up  Area,Ready To Move,Electronic City,2 BHK,1092.0,3,1,62.35
Super built-up  Area,Ready To Move,Whitefield,2 BHK,1296.0,3,2,95.02
Carpet  Area,Under Construction,Electronic City,3 BHK,1668.0,4,1,102.16
Super built-up  Area,Ready To Move,Bellandur,2 BHK,1172.0,2,3,86.92
Super built-up  Area,Ready To Move,Electronic City,2 BHK,1012.0,2,3,50.93
Carpet  Area,Under Construction,HSR Layout,3 BHK,1653.0,3,1,185.04
Super built-up  Area,Ready To Move,Rajaji Nagar,1 BHK,590.0,1,1,81.05
Super built-up  Area,Under Construction,Bellandur,3 BHK,2181.0,3,1,167.38
Super built-up  Area,Ready To Move,Sarjapur Road,4 BHK,1995.0,4,1,130.66
Super built-up  Area,Under Construction,Sarjapur Road,4 BHK,1997.0,4,1,133.03
Super built-up  Area,Ready To Move,Hebbal,2 BHK,939.0,2,2,78.08
Super built-up  Area,Ready To Move,Electronic City,3 BHK,1950.0,3,2,104.31
Super built-up  Area,Ready To Move,Koramangala,3 BHK,2246.0,3,1,278.81
Super built-up  Area,Under Construction,Sarjapur Road,2 BHK,1350.0,2,2,94.02
Super built-up  Area,Ready To Move,Jayanagar,1 BHK,478.0,1,1,63.76
Super built-up  Area,Ready To Move,Thanisandra,2 BHK,1197.0,3,2,83.62
Super built-up  Area,Under Construction,Koramangala,3 BHK,2128.0,4,1,275.79
Super built-up  Area,Ready To Move,Sarjapur Road,2 BHK,1451.0,2,0,107.15
Plot  Area,Under Construction,Electronic City,2 BHK,1162.0,3,2,68.5
Super built-up  Area,Ready To Move,Thanisandra,3 BHK,1948.0,4,2,131.06
Super built-up  Area,Ready To Move,HSR Layout,2 BHK,951.0,2,2,83.39
Built-up  Area,Ready To Move,Electronic City,1 BHK,720.0,1,0,33.23
Super built-up  Area,Ready To Move,Electronic City,2 BHK,858.0,2,1,41.18
Built-up  Area,Ready To Move,Electronic City,3 BHK,1797.0,3,2,92.62
Built-up  Area,Ready To Move,Thanisandra,3 BHK,2078.0,4,1,152.07
Built-up  Area,Ready To Move,Electronic City,3 BHK,1772.0,4,2,114.68
Built-up  Area,Ready To Move,HSR Layout,2 BHK,1270.0,2,2,144.85
Super built-up  Area,Ready To Move,Hebbal,3 BHK,1582.0,3,3,167.26
Built-up  Area,Ready To Move,Indiranagar,2 BHK,1068.0,3,2,198.06
Super built-up  Area,Ready To Move,Jayanagar,2 BHK,1257.0,3,2,182.14
Super built-up  Area,Under Construction,Jayanagar,3 BHK,2232.0,4,3,286.69
Plot  Area,Ready To Move,Hebbal,3 BHK,2118.0,3,1,200.73
Super built-up  Area,Ready To Move,Whitefield,3 BHK,2246.0,3,2,156.88
Carpet  Area,Ready To Move,Hebbal,2 BHK,1225.0,2,3,137.33
Super built-up  Area,Ready To Move,Koramangala,2 BHK,1581.0,2,1,189.5
Super built-up  Area,Ready To Move,Indiranagar,1 BHK,763.0,1,3,125.41
Super built-up  Area,Ready To Move,Bellandur,2 BHK,1421.0,3,1,116.79
Super built-up  Area,Under Construction,Electronic City,2 BHK,1278.0,2,1,57.65
Super built-up  Area,Ready To Move,Koramangala,3 BHK,1552.0,3,1,256.32
Super built-up  Area,Ready To Move,Electronic City,2 BHK,1022.0,2,3,46.32
Super built-up  Area,Under Construction,Thanisandra,1 BHK,466.0,1,1,31.23
Built-up  Area,Ready To Move,Sarjapur Road,2 BHK,1414.0,2,3,109.28
Super built-up  Area,Ready To Move,Bellandur,2 BHK,1133.0,3,1,92.23
Built-up  Area,Ready To Move,Whitefield,3 BHK,1918.0,3,2,142.48
Super built-up  Area,Ready To Move,Hebbal,3 BHK,2240.0,3,2,200.48
Super built-up  Area,Ready To Move,Bellandur,4 BHK,2814.0,4,1,229.84
Super built-up  Area,Ready To Move,Electronic City,3 BHK,1533.0,3,3,78.23
Carpet  Area,Ready To Move,Yelahanka,2 BHK,966.0,2,1,70.89
Super built-up  Area,Ready To Move,Koramangala,3 BHK,1912.0,3,1,236.03
Super built-up  Area,Under Construction,Indiranagar,2 BHK,1564.0,3,1,243.02
Built-up  Area,Under Construction,Sarjapur Road,1 BHK,594.0,1,2,39.74
Super built-up  Area,Ready To Move,HSR Layout,1 BHK,417.0,1,1,42.56
Built-up  Area,Ready To Move,Indiranagar,2 BHK,1011.0,3,2,168.55
Super built-up  Area,Ready To Move,Hebbal,1 BHK,552.0,1,1,45.47
Super built-up  Area,Ready To Move,Bellandur,3 BHK,1283.0,3,1,88.61
Super built-up  Area,Under Construction,Hebbal,2 BHK,1176.0,3,0,100.15
Super built-up  Area,Under Construction,Electronic City,3 BHK,1694.0,3,3,75.99
Built-up  Area,Ready To Move,Electronic City,4 BHK,2585.0,5,1,135.97
Built-up  Area,Ready To Move,Whitefield,5 BHK,2485.0,5,2,195.52
Super built-up  Area,Under Construction,Sarjapur Road,4 BHK,1868.0,4,2,118.29
Plot  Area,Under Construction,Thanisandra,3 BHK,2111.0,4,1,144.26
Super built-up  Area,Ready To Move,Yelahanka,2 BHK,996.0,2,1,62.2
Super built-up  Area,Ready To Move,Electronic City,2 BHK,982.0,2,1,45.01
Super built-up  Area,Ready To Move,Marathahalli,3 BHK,1937.0,3,2,111.92
Super built-up  Area,Under Construction,HSR Layout,3 BHK,1626.0,4,2,152.26
Super built-up  Area,Ready To Move,Rajaji Nagar,4 BHK,2310.0,4,2,255.6
Super built-up  Area,Under Construction,Bellandur,3 BHK,2197.0,4,3,192.61
Super built-up  Area,Ready To Move,Thanisandra,2 BHK,1280.0,3,1,83.33
Built-up  Area,Under Construction,Whitefield,4 BHK,3007.0,4,1,210.47
Built-up  Area,Ready To Move,Electronic City,4 BHK,2133.0,5,1,100.18
Super built-up  Area,Ready To Move,Whitefield,2 BHK,1503.0,2,2,113.32
Super built-up  Area,Ready To Move,Thanisandra,3 BHK,1508.0,3,2,104.33
Super built-up  Area,Ready To Move,Sarjapur Road,3 BHK,2070.0,3,1,159.34
Built-up  Area,Ready To Move,Yelahanka,2 BHK,918.0,3,3,71.34
Super built-up  Area,Ready To Move,Sarjapur Road,3 BHK,2242.0,4,1,203.7
Super built-up  Area,Ready To Move,Yelahanka,1 BHK,466.0,2,2,39.89
Carpet  Area,Ready To Move,Whitefield,2 BHK,1081.0,2,1,82.06
Super built-up  Area,Ready To Move,Electronic City,2 BHK,1174.0,2,2,56.44
Super built-up  Area,Ready To Move,Sarjapur Road,3 BHK,1919.0,3,0,137.69
Super built-up  Area,Ready To Move,Hebbal,1 BHK,687.0,1,1,67.79
Super built-up  Area,Ready To Move,Sarjapur Road,1 BHK,691.0,1,2,53.21
Plot  Area,Ready To Move,Thanisandra,3 BHK,1828.0,4,1,130.76
Super built-up  Area,Ready To Move,Whitefield,2 BHK,943.0,2,3,65.41
Super built-up  Area,Ready To Move,Sarjapur Road,2 BHK,1112.0,2,2,86.81
Super built-up  Area,Ready To Move,Yelahanka,3 BHK,2102.0,4,1,134.7
Super built-up  Area,Ready To Move,Whitefield,2 BHK,1145.0,2,0,83.91
Super built-up  Area,Ready To Move,Marathahalli,3 BHK,1929.0,4,2,124.27
Super built-up  Area,Ready To Move,Other,2 BHK,1309.0,2,2,64.78
Super built-up  Area,Ready To Move,Whitefield,3 BHK,1821.0,3,2,122.68
Super built-up  Area,Under Construction,Sarjapur Road,2 BHK,1397.0,2,2,82.45
Super built-up  Area,Ready To Move,Sarjapur Road,4 BHK,2098.0,5,1,159.97
Super built-up  Area,Ready To Move,Thanisandra,2 BHK,1283.0,2,3,81.63
Carpet  Area,Ready To Move,Indiranagar,2 BHK,1452.0,2,1,276.4
Super built-up  Area,Ready To Move,Koramangala,4 BHK,2526.0,4,2,319.48
Carpet  Area,Ready To Move,Thanisandra,3 BHK,2173.0,4,1,186.83
Super built-up  Area,Under Construction,Whitefield,3 BHK,1300.0,3,2,90.18
Built-up  Area,Under Construction,Yelahanka,2 BHK,944.0,2,1,64.36
Super built-up  Area,Under Construction,Bellandur,2 BHK,1285.0,3,0,92.55
Super built-up  Area,Under Construction,Indiranagar,2 BHK,1087.0,2,1,140.81
Super built-up  Area,Ready To Move,Rajaji Nagar,2 BHK,1251.0,2,2,136.7
Super built-up  Area,Ready To Move,Bellandur,2 BHK,1478.0,3,2,110.48
Built-up  Area,Under Construction,Electronic City,5 BHK,2861.0,6,2,161.0
Super built-up  Area,Under Construction,Hebbal,2 BHK,1290.0,2,0,127.61
Super built-up  Area,Ready To Move,HSR Layout,2 BHK,1415.0,3,1,125.78
Plot  Area,Ready To Move,Whitefield,2 BHK,1210.0,3,2,101.95
Super built-up  Area,Under Construction,Marathahalli,3 BHK,2031.0,4,1,115.45
Super built-up  Area,Ready To Move,Whitefield,2 BHK,1483.0,2,2,85.96
Super built-up  Area,Ready To Move,Bellandur,2 BHK,1142.0,2,1,99.06
Super built-up  Area,Ready To Move,HSR Layout,3 BHK,1448.0,4,2,115.96
Built-up  Area,Ready To Move,Whitefield,2 BHK,1235.0,2,2,89.77
Super built-up  Area,Ready To Move,Marathahalli,2 BHK,1109.0,2,2,74.27
Super built-up  Area,Under Construction,Jayanagar,1 BHK,544.0,2,1,77.65
Super built-up  Area,Ready To Move,HSR Layout,1 BHK,660.0,1,1,63.66
Super built-up  Area,Under Construction,Electronic City,2 BHK,1062.0,2,1,45.52
Super built-up  Area,Under Construction,Whitefield,2 BHK,872.0,3,3,55.41
Super built-up  Area,Under Construction,Sarjapur Road,2 BHK,901.0,2,2,67.32
Super built-up  Area,Under Construction,Electronic City,1 BHK,467.0,1,1,23.77
Built-up  Area,Ready To Move,HSR Layout,2 BHK,1126.0,3,3,111.1
Super built-up  Area,Ready To Move,Marathahalli,2 BHK,1016.0,2,2,64.98
Super built-up  Area,Under Construction,Indiranagar,2 BHK,1279.0,2,3,165.21
Super built-up  Area,Ready To Move,Rajaji Nagar,2 BHK,1057.0,3,2,141.53
Plot  Area,Ready To Move,Bellandur,2 BHK,835.0,2,3,77.01
Super built-up  Area,Ready To Move,Hebbal,5 BHK,2454.0,5,1,222.81
Carpet  Area,Ready To Move,Jayanagar,2 BHK,1345.0,2,3,209.1
Carpet  Area,Under Construction,Hebbal,3 BHK,1730.0,4,2,176.2
Built-up  Area,Ready To Move,Jayanagar,3 BHK,2079.0,4,1,321.43
Super built-up  Area,Ready To Move,Sarjapur Road,3 BHK,1465.0,3,3,114.14
Super built-up  Area,Ready To Move,Whitefield,3 BHK,1624.0,3,3,113.15
Super built-up  Area,Ready To Move,Jayanagar,3 BHK,1623.0,3,2,244.5
Plot  Area,Ready To Move,Indiranagar,3 BHK,1753.0,4,2,299.92
Built-up  Area,Under Construction,Rajaji Nagar,4 BHK,2667.0,5,1,280.88
Carpet  Area,Ready To Move,Marathahalli,2 BHK,943.0,2,0,74.47
Super built-up  Area,Under Construction,Whitefield,2 BHK,1284.0,2,2,90.75
Super built-up  Area,Under Construction,HSR Layout,1 BHK,445.0,1,2,37.97
Super built-up  Area,Ready To Move,Sarjapur Road,3 BHK,2052.0,3,2,155.23
Super built-up  Area,Under Construction,Koramangala,2 BHK,971.0,3,1,127.56
Super built-up  Area,Ready To Move,Yelahanka,3 BHK,1957.0,4,3,129.79
Super built-up  Area,Ready To Move,Electronic City,2 BHK,1477.0,2,1,60.38
Plot  Area,Ready To Move,Indiranagar,2 BHK,1184.0,3,2,179.32
Super built-up  Area,Ready To Move,Bellandur,2 BHK,1342.0,2,0,105.54
Plot  Area,Ready To Move,Whitefield,3 BHK,2166.0,3,1,171.23
Plot  Area,Ready To Move,Yelahanka,3 BHK,2272.0,3,0,158.85
Super built-up  Area,Under Construction,Koramangala,2 BHK,1232.0,3,1,172.16
Super built-up  Area,Ready To Move,Marathahalli,3 BHK,1590.0,3,0,110.84
Super built-up  Area,Ready To Move,Sarjapur Road,2 BHK,1390.0,2,1,101.43
Super built-up  Area,Ready To Move,Whitefield,2 BHK,1251.0,2,2,84.09
Super built-up  Area,Ready To Move,HSR Layout,2 BHK,840.0,2,2,84.54
Super built-up  Area,Ready To Move,Whitefield,3 BHK,1466.0,4,2,96.03
Carpet  Area,Ready To Move,Marathahalli,3 BHK,1565.0,3,0,133.47
Super built-up  Area,Under Construction,Whitefield,2 BHK,1394.0,2,2,97.05
Built-up  Area,Ready To Move,Thanisandra,1 BHK,663.0,2,0,46.08
Built-up  Area,Ready To Move,HSR Layout,3 BHK,1938.0,3,2,193.18
Super built-up  Area,Ready To Move,Sarjapur Road,1 BHK,453.0,1,0,31.4
Super built-up  Area,Ready To Move,Whitefield,2 BHK,1149.0,2,1,83.48
Built-up  Area,Under Construction,Koramangala,1 BHK,593.0,2,0,77.2
Super built-up  Area,Under Construction,Indiranagar,2 BHK,1555.0,2,0,187.24
Super built-up  Area,Ready To Move,Electronic City,3 BHK,1963.0,3,1,96.35
Carpet  Area,Ready To Move,Rajaji Nagar,2 BHK,1426.0,3,1,227.46
Super built-up  Area,Ready To Move,Sarjapur Road,4 BHK,2432.0,4,2,162.48
Built-up  Area,Ready To Move,Hebbal,3 BHK,1464.0,3,1,124.78
Super built-up  Area,Ready To Move,HSR Layout,3 BHK,1580.0,3,2,130.86
Super built-up  Area,Ready To Move,Whitefield,2 BHK,1279.0,2,0,91.26
Carpet  Area,Ready To Move,Marathahalli,1 BHK,628.0,2,2,50.4
Built-up  Area,Ready To Move,Sarjapur Road,3 BHK,1421.0,4,2,105.02
Super built-up  Area,Ready To Move,Whitefield,3 BHK,1502.0,3,1,102.22
Carpet  Area,Ready To Move,Sarjapur Road,2 BHK,1618.0,2,0,133.5
Built-up  Area,Under Construction,Koramangala,2 BHK,1191.0,2,2,191.05
Super built-up  Area,Ready To Move,HSR Layout,2 BHK,1041.0,2,0,97.53
Super built-up  Area,Ready To Move,Bellandur,3 BHK,1682.0,3,1,135.06
Super built-up  Area,Ready To Move,Whitefield,3 BHK,2051.0,3,0,151.47
Super built-up  Area,Ready To Move,Electronic City,3 BHK,1574.0,3,0,65.72
Super built-up  Area,Ready To Move,Yelahanka,3 BHK,1337.0,4,2,78.59
Super built-up  Area,Ready To Move,Whitefield,3 BHK,1501.0,3,1,105.38
Super built-up  Area,Ready To Move,Jayanagar,1 BHK,830.0,1,1,127.41
Plot  Area,Ready To Move,Whitefield,3 BHK,1596.0,3,2,119.4
Built-up  Area,Ready To Move,Yelahanka,3 BHK,2145.0,3,2,156.96
Super built-up  Area,Under Construction,Sarjapur Road,1 BHK,562.0,1,1,38.99
Plot  Area,Ready To Move,Koramangala,2 BHK,907.0,2,0,170.01
Super built-up  Area,Ready To Move,Electronic City,3 BHK,2341.0,3,2,118.54
Super built-up  Area,Ready To Move,Whitefield,3 BHK,1918.0,3,1,108.65
Super built-up  Area,Ready To Move,Electronic City,3 BHK,2063.0,3,0,113.29
Plot  Area,Ready To Move,Whitefield,3 BHK,2181.0,3,2,186.18
Plot  Area,Ready To Move,Sarjapur Road,1 BHK,700.0,1,1,57.97
Built-up  Area,Under Construction,HSR Layout,3 BHK,1627.0,3,1,169.85
Plot  Area,Ready To Move,Indiranagar,2 BHK,1479.0,2,1,246.61
Super built-up  Area,Ready To Move,Yelahanka,2 BHK,1388.0,2,2,77.01
Plot  Area,Ready To Move,Bellandur,2 BHK,1166.0,3,3,118.92
Super built-up  Area,Ready To Move,Koramangala,2 BHK,1310.0,2,2,208.86
Super built-up  Area,Under Construction,Hebbal,2 BHK,1376.0,3,1,99.63
Built-up  Area,Ready To Move,Hebbal,3 BHK,2202.0,3,1,227.14
Built-up  Area,Ready To Move,Hebbal,2 BHK,1398.0,2,0,135.25
Super built-up  Area,Under Construction,Jayanagar,2 BHK,1060.0,3,0,132.47
Super built-up  Area,Ready To Move,Electronic City,2 BHK,1060.0,2,2,57.26
Super built-up  Area,Ready To Move,Whitefield,3 BHK,1573.0,4,1,111.68
Super built-up  Area,Ready To Move,Bellandur,2 BHK,1162.0,3,2,89.39
Super built-up  Area,Ready To Move,Electronic City,1 BHK,641.0,1,2,33.7
Super built-up  Area,Under Construction,Rajaji Nagar,2 BHK,972.0,2,0,105.45
Super built-up  Area,Ready To Move,Jayanagar,2 BHK,1197.0,2,2,159.49
Carpet  Area,Ready To Move,Whitefield,2 BHK,858.0,3,1,73.75
Built-up  Area,Ready To Move,Whitefield,3 BHK,1765.0,3,2,139.0
Super built-up  Area,Ready To Move,HSR Layout,1 BHK,731.0,2,2,79.57
Carpet  Area,Ready To Move,Koramangala,1 BHK,623.0,1,1,105.73
Super built-up  Area,Ready To Move,Electronic City,2 BHK,1399.0,2,3,73.77
Super built-up  Area,Ready To Move,Thanisandra,3 BHK,1415.0,4,0,89.08
Super built-up  Area,Ready To Move,Indiranagar,2 BHK,1135.0,2,2,178.92
Super built-up  Area,Ready To Move,Sarjapur Road,5 BHK,2637.0,6,0,224.93
Super built-up  Area,Ready To Move,Whitefield,3 BHK,1622.0,3,2,102.28
Super built-up  Area,Under Construction,Thanisandra,2 BHK,1550.0,2,0,103.32
Super built-up  Area,Under Construction,Electronic City,3 BHK,1981.0,3,1,95.6
Super built-up  Area,Under Construction,Yelahanka,2 BHK,990.0,3,2,72.52
Built-up  Area,Ready To Move,Hebbal,2 BHK,939.0,2,1,93.29
Super built-up  Area,Ready To Move,Indiranagar,2 BHK,1148.0,3,1,161.73
Built-up  Area,Under Construction,Jayanagar,3 BHK,1878.0,3,2,247.89
Super built-up  Area,Under Construction,Jayanagar,1 BHK,490.0,1,2,65.93
Carpet  Area,Ready To Move,Sarjapur Road,3 BHK,1796.0,3,0,133.94
Super built-up  Area,Ready To Move,Electronic City,3 BHK,2077.0,3,2,104.41
Plot  Area,Ready To Move,Thanisandra,2 BHK,1402.0,2,1,100.78
Built-up  Area,Under Construction,Hebbal,4 BHK,2383.0,4,2,222.57
Super built-up  Area,Under Construction,Electronic City,2 BHK,993.0,3,3,48.11
Built-up  Area,Under Construction,Rajaji Nagar,3 BHK,1914.0,3,0,175.17
Super built-up  Area,Ready To Move,Electronic City,3 BHK,2023.0,3,1,118.22
Carpet  Area,Ready To Move,Whitefield,3 BHK,2036.0,3,1,168.7
Super built-up  Area,Ready To Move,Whitefield,3 BHK,2066.0,4,2,128.36
Super built-up  Area,Under Construction,Koramangala,3 BHK,1988.0,3,2,231.91
Super built-up  Area,Under Construction,Bellandur,2 BHK,1377.0,2,2,100.82
Super built-up  Area,Ready To Move,Sarjapur Road,3 BHK,1684.0,4,2,123.7
Super built-up  Area,Ready To Move,Sarjapur Road,1 BHK,582.0,2,1,41.88
Plot  Area,Ready To Move,Sarjapur Road,2 BHK,996.0,3,1,87.32
Super built-up  Area,Ready To Move,Bellandur,4 BHK,2881.0,5,0,238.16
Carpet  Area,Ready To Move,Whitefield,2 BHK,1411.0,3,3,118.93
Super built-up  Area,Under Construction,Marathahalli,1 BHK,478.0,1,1,28.57
Super built-up  Area,Under Construction,Electronic City,2 BHK,1052.0,2,2,45.41
Super built-up  Area,Ready To Move,Other,2 BHK,902.0,2,1,46.72
Built-up  Area,Ready To Move,Electronic City,2 BHK,988.0,2,1,55.94
Super built-up  Area,Ready To Move,Thanisandra,2 BHK,1443.0,3,1,91.62
Super built-up  Area,Ready To Move,Electronic City,3 BHK,1461.0,4,1,76.58
Super built-up  Area,Under Construction,Whitefield,2 BHK,941.0,2,2,58.44
Super built-up  Area,Under Construction,Jayanagar,2 BHK,1005.0,2,2,117.35
Built-up  Area,Ready To Move,Jayanagar,5 BHK,3781.0,6,2,645.61
Super built-up  Area,Ready To Move,Hebbal,4 BHK,2418.0,4,1,231.84
Super built-up  Area,Ready To Move,Bellandur,3 BHK,1919.0,3,1,136.37
Super built-up  Area,Ready To Move,Indiranagar,2 BHK,1233.0,2,1,173.04
Super built-up  Area,Ready To Move,Jayanagar,2 BHK,1053.0,3,2,145.02
Super built-up  Area,Ready To Move,Sarjapur Road,3 BHK,1436.0,4,2,110.65
Super built-up  Area,Under Construction,HSR Layout,2 BHK,1083.0,2,3,93.86
Super built-up  Area,Ready To Move,HSR Layout,4 BHK,2264.0,4,0,216.78
Super built-up  Area,Under Construction,Sarjapur Road,2 BHK,1014.0,2,1,64.45
Super built-up  Area,Ready To Move,Rajaji Nagar,3 BHK,1476.0,3,2,147.25
Super built-up  Area,Under Construction,Electronic City,1 BHK,601.0,1,2,26.34
Super built-up  Area,Under Construction,Whitefield,2 BHK,875.0,3,1,59.25
Super built-up  Area,Ready To Move,Indiranagar,3 BHK,2016.0,3,1,321.5
Super built-up  Area,Ready To Move,Bellandur,3 BHK,1849.0,3,0,118.9
Super built-up  Area,Under Construction,Electronic City,3 BHK,1808.0,4,2,82.84
Built-up  Area,Ready To Move,Sarjapur Road,2 BHK,1489.0,3,1,121.84
Super built-up  Area,Ready To Move,Marathahalli,3 BHK,1908.0,4,1,130.13
Super built-up  Area,Under Construction,Electronic City,2 BHK,1264.0,2,0,64.14
Super built-up  Area,Ready To Move,Bellandur,1 BHK,590.0,1,1,50.11
Super built-up  Area,Ready To Move,Thanisandra,2 BHK,1267.0,3,1,85.44
Built-up  Area,Ready To Move,Hebbal,3 BHK,2001.0,3,0,208.79
Super built-up  Area,Ready To Move,Marathahalli,2 BHK,1297.0,2,1,64.52
Super built-up  Area,Ready To Move,Thanisandra,3 BHK,1941.0,3,2,137.26
Built-up  Area,Ready To Move,Hebbal,2 BHK,1273.0,2,1,110.36
Built-up  Area,Ready To Move,Indiranagar,2 BHK,895.0,2,2,148.35
Carpet  Area,Ready To Move,Bellandur,2 BHK,1275.0,3,1,125.62
Super built-up  Area,Ready To Move,Indiranagar,2 BHK,1477.0,2,1,198.57
Plot  Area,Ready To Move,Jayanagar,2 BHK,939.0,2,2,144.85
Super built-up  Area,Under Construction,Sarjapur Road,2 BHK,1502.0,2,1,106.17
Super built-up  Area,Ready To Move,Sarjapur Road,2 BHK,1087.0,2,3,81.82
Super built-up  Area,Under Construction,Electronic City,1 BHK,827.0,2,0,43.25
Super built-up  Area,Ready To Move,Whitefield,2 BHK,1383.0,2,0,80.35
Super built-up  Area,Ready To Move,Whitefield,2 BHK,1279.0,2,3,92.49
Built-up  Area,Ready To Move,Jayanagar,2 BHK,1328.0,3,2,181.04
Super built-up  Area,Ready To Move,Bellandur,2 BHK,974.0,2,2,81.43
Built-up  Area,Ready To Move,Bellandur,4 BHK,2674.0,4,1,231.54
Super built-up  Area,Ready To Move,Koramangala,2 BHK,999.0,3,3,154.28
Super built-up  Area,Under Construction,Jayanagar,2 BHK,887.0,2,1,108.7
Super built-up  Area,Ready To Move,HSR Layout,2 BHK,1111.0,2,2,122.44
Super built-up  Area,Ready To Move,Jayanagar,2 BHK,1225.0,2,3,174.03
Super built-up  Area,Under Construction,Sarjapur Road,2 BHK,1489.0,3,1,100.72
Super built-up  Area,Ready To Move,Marathahalli,2 BHK,1260.0,3,1,90.47
Super built-up  Area,Ready To Move,Bellandur,2 BHK,1233.0,3,2,100.8
Super built-up  Area,Ready To Move,Electronic City,3 BHK,2216.0,4,3,89.35
Built-up  Area,Ready To Move,Indiranagar,4 BHK,2913.0,4,1,464.41
Super built-up  Area,Ready To Move,HSR Layout,3 BHK,2025.0,4,3,193.19
Super built-up  Area,Ready To Move,Whitefield,1 BHK,832.0,1,2,52.05
Super built-up  Area,Ready To Move,Indiranagar,3 BHK,1511.0,4,2,257.48
Super built-up  Area,Under Construction,Sarjapur Road,1 BHK,672.0,1,1,44.55
Built-up  Area,Ready To Move,Whitefield,3 BHK,1527.0,3,1,91.48
Plot  Area,Ready To Move,Marathahalli,2 BHK,1196.0,3,2,87.58
Built-up  Area,Ready To Move,Koramangala,2 BHK,1494.0,3,1,233.23
Super built-up  Area,Under Construction,Jayanagar,2 BHK,1056.0,2,1,128.83
Built-up  Area,Ready To Move,Bellandur,3 BHK,1665.0,3,3,130.48
Super built-up  Area,Ready To Move,Sarjapur Road,3 BHK,2137.0,4,0,159.97
Super built-up  Area,Ready To Move,HSR Layout,1 BHK,397.0,1,2,44.35
Super built-up  Area,Ready To Move,Bellandur,3 BHK,2149.0,3,1,154.01
Built-up  Area,Ready To Move,Marathahalli,3 BHK,1855.0,4,2,138.97
Super built-up  Area,Ready To Move,Electronic City,1 BHK,569.0,2,3,33.27
Super built-up  Area,Ready To Move,Jayanagar,2 BHK,1027.0,2,1,123.28
Built-up  Area,Under Construction,Marathahalli,3 BHK,1489.0,3,0,80.41
Super built-up  Area,Ready To Move,Bellandur,2 BHK,1193.0,2,3,87.85
Super built-up  Area,Under Construction,Marathahalli,3 BHK,2349.0,3,2,129.01
Super built-up  Area,Ready To Move,Sarjapur Road,2 BHK,1187.0,2,1,95.77
Super built-up  Area,Ready To Move,Marathahalli,4 BHK,2665.0,4,3,188.19
Built-up  Area,Under Construction,Bellandur,4 BHK,2514.0,5,2,201.68
Super built-up  Area,Under Construction,Whitefield,2 BHK,761.0,2,3,47.88
Built-up  Area,Ready To Move,Rajaji Nagar,2 BHK,1064.0,2,3,150.19
Super built-up  Area,Ready To Move,HSR Layout,2 BHK,1376.0,3,3,155.37
Built-up  Area,Under Construction,Hebbal,1 BHK,536.0,1,2,51.49
Super built-up  Area,Ready To Move,Indiranagar,2 BHK,1087.0,2,2,147.7
Plot  Area,Ready To Move,Whitefield,3 BHK,2143.0,3,1,148.62
Super built-up  Area,Ready To Move,Hebbal,3 BHK,1461.0,3,2,133.58
Built-up  Area,Ready To Move,Yelahanka,3 BHK,2066.0,3,2,117.55
Super built-up  Area,Ready To Move,Whitefield,1 BHK,702.0,1,1,37.61
Super built-up  Area,Ready To Move,Electronic City,3 BHK,1740.0,3,1,81.3
Super built-up  Area,Ready To Move,Whitefield,2 BHK,1510.0,2,2,108.19
Built-up  Area,Under Construction,Hebbal,2 BHK,1105.0,2,2,96.34
Super built-up  Area,Ready To Move,Thanisandra,2 BHK,1383.0,3,1,104.19
Super built-up  Area,Ready To Move,Yelahanka,3 BHK,1931.0,3,0,111.43
Carpet  Area,Ready To Move,Marathahalli,2 BHK,1054.0,3,1,89.9
Built-up  Area,Under Construction,Koramangala,5 BHK,3130.0,6,0,357.1
Super built-up  Area,Ready To Move,Electronic City,3 BHK,2188.0,4,1,118.88
Super built-up  Area,Ready To Move,Marathahalli,2 BHK,1295.0,2,2,85.08
Super built-up  Area,Under Construction,Thanisandra,2 BHK,1164.0,2,1,78.48
Built-up  Area,Under Construction,Indiranagar,1 BHK,590.0,1,1,99.17
Built-up  Area,Ready To Move,Bellandur,3 BHK,1760.0,3,2,153.55
Built-up  Area,Under Construction,Marathahalli,2 BHK,1193.0,2,2,98.87
Super built-up  Area,Ready To Move,Thanisandra,2 BHK,916.0,3,2,62.88
Super built-up  Area,Ready To Move,Sarjapur Road,2 BHK,1272.0,3,2,93.89
Super built-up  Area,Ready To Move,Thanisandra,3 BHK,1689.0,3,2,108.65
Super built-up  Area,Ready To Move,Whitefield,2 BHK,1317.0,2,3,93.96
Built-up  Area,Ready To Move,Sarjapur Road,2 BHK,1410.0,3,1,95.58
Super built-up  Area,Ready To Move,Hebbal,3 BHK,1458.0,3,2,127.63
Super built-up  Area,Ready To Move,Electronic City,2 BHK,1094.0,3,3,63.04
Built-up  Area,Under Construction,Whitefield,4 BHK,2726.0,5,2,183.83
Super built-up  Area,Under Construction,Whitefield,3 BHK,2027.0,3,0,120.68
Super built-up  Area,Ready To Move,Bellandur,1 BHK,674.0,2,1,54.59
Built-up  Area,Under Construction,Yelahanka,3 BHK,1598.0,3,1,100.04
Plot  Area,Under Construction,Other,4 BHK,2037.0,4,2,114.95
Built-up  Area,Ready To Move,Sarjapur Road,3 BHK,2158.0,3,1,152.25
Super built-up  Area,Under Construction,Indiranagar,2 BHK,1438.0,2,2,210.1
Super built-up  Area,Under Construction,Marathahalli,5 BHK,2688.0,5,1,146.07
Super built-up  Area,Ready To Move,Electronic City,2 BHK,1004.0,3,1,54.5
Built-up  Area,Under Construction,Thanisandra,2 BHK,1429.0,2,1,83.82
Super built-up  Area,Ready To Move,Thanisandra,2 BHK,1127.0,2,2,78.4
Plot  Area,Ready To Move,Whitefield,2 BHK,1122.0,3,2,93.18
Super built-up  Area,Under Construction,Jayanagar,4 BHK,2143.0,4,2,263.65
Super built-up  Area,Under Construction,Yelahanka,3 BHK,2039.0,4,2,127.84
Built-up  Area,Ready To Move,Whitefield,3 BHK,1609.0,3,1,92.86
Built-up  Area,Ready To Move,Whitefield,2 BHK,1152.0,3,2,94.27
Super built-up  Area,Ready To Move,Whitefield,4 BHK,2767.0,5,3,189.27
Plot  Area,Ready To Move,Sarjapur Road,2 BHK,1287.0,2,2,126.01
Carpet  Area,Ready To Move,HSR Layout,1 BHK,453.0,1,0,56.85
Plot  Area,Ready To Move,HSR Layout,3 BHK,1744.0,3,2,208.8
Built-up  Area,Under Construction,Electronic City,2 BHK,1046.0,2,2,52.25
Built-up  Area,Ready To Move,Rajaji Nagar,2 BHK,1343.0,2,0,159.58
Built-up  Area,Ready To Move,Sarjapur Road,4 BHK,2322.0,5,1,181.54
Super built-up  Area,Ready To Move,Whitefield,3 BHK,2046.0,3,1,138.01
Super built-up  Area,Ready To Move,Sarjapur Road,4 BHK,1925.0,4,3,145.78
Super built-up  Area,Ready To Move,HSR Layout,2 BHK,1302.0,2,1,131.11
Super built-up  Area,Ready To Move,Hebbal,1 BHK,907.0,2,1,84.94
Super built-up  Area,Ready To Move,Electronic City,1 BHK,562.0,1,0,28.8
Super built-up  Area,Ready To Move,Whitefield,3 BHK,2080.0,4,2,146.23
Plot  Area,Ready To Move,Yelahanka,1 BHK,536.0,1,1,44.19
Built-up  Area,Ready To Move,Other,3 BHK,1498.0,3,2,92.37
Super built-up  Area,Ready To Move,Sarjapur Road,2 BHK,1080.0,3,2,90.58
Super built-up  Area,Ready To Move,Sarjapur Road,3 BHK,2067.0,3,1,132.97
Built-up  Area,Under Construction,Koramangala,2 BHK,1577.0,2,1,226.98
Built-up  Area,Ready To Move,Thanisandra,1 BHK,873.0,1,0,55.0
Plot  Area,Under Construction,Sarjapur Road,3 BHK,1630.0,4,2,123.41
Carpet  Area,Ready To Move,Rajaji Nagar,2 BHK,800.0,2,2,125.57
Carpet  Area,Ready To Move,Indiranagar,2 BHK,1103.0,2,1,171.39
Super built-up  Area,Ready To Move,Hebbal,3 BHK,1682.0,3,1,170.45
Super built-up  Area,Under Construction,Koramangala,3 BHK,1282.0,3,2,179.06
Built-up  Area,Ready To Move,Marathahalli,2 BHK,999.0,2,2,69.99
Super built-up  Area,Ready To Move,Yelahanka,3 BHK,2011.0,3,1,138.3
Built-up  Area,Ready To Move,Whitefield,4 BHK,1769.0,5,0,124.92
Super built-up  Area,Ready To Move,Sarjapur Road,3 BHK,1500.0,4,1,110.48
Built-up  Area,Under Construction,Hebbal,3 BHK,2320.0,4,2,250.38
Super built-up  Area,Under Construction,Sarjapur Road,3 BHK,2084.0,3,2,161.55
Super built-up  Area,Ready To Move,Bellandur,3 BHK,2160.0,3,3,167.37
Super built-up  Area,Ready To Move,Yelahanka,2 BHK,1056.0,3,2,68.41
Plot  Area,Ready To Move,Thanisandra,5 BHK,2433.0,5,1,200.87
Super built-up  Area,Under Construction,Other,1 BHK,531.0,1,1,28.3
Plot  Area,Ready To Move,Electronic City,5 BHK,3462.0,6,2,231.82
Built-up  Area,Under Construction,Jayanagar,2 BHK,1038.0,2,1,142.26
Built-up  Area,Ready To Move,Thanisandra,2 BHK,1452.0,2,1,107.52
Built-up  Area,Ready To Move,Sarjapur Road,3 BHK,2009.0,3,0,163.72
Super built-up  Area,Ready To Move,Thanisandra,2 BHK,1203.0,2,1,89.35
Super built-up  Area,Under Construction,Whitefield,2 BHK,1382.0,2,2,85.26
Super built-up  Area,Ready To Move,Yelahanka,3 BHK,1711.0,3,1,100.64
Plot  Area,Under Construction,HSR Layout,3 BHK,1977.0,3,3,194.48
Built-up  Area,Ready To Move,Sarjapur Road,1 BHK,628.0,1,3,46.91
Super built-up  Area,Ready To Move,Bellandur,2 BHK,1164.0,2,1,98.88
Super built-up  Area,Ready To Move,Koramangala,2 BHK,1197.0,3,1,151.52
Super built-up  Area,Ready To Move,Electronic City,2 BHK,1036.0,3,0,61.66
Super built-up  Area,Ready To Move,Whitefield,2 BHK,1000.0,2,1,57.61
Super built-up  Area,Ready To Move,Hebbal,2 BHK,1032.0,2,1,104.78
Super built-up  Area,Ready To Move,Indiranagar,2 BHK,1476.0,2,2,217.99
Super built-up  Area,Ready To Move,Jayanagar,3 BHK,1334.0,3,3,186.7
Super built-up  Area,Ready To Move,Marathahalli,3 BHK,1476.0,3,1,104.28
Super built-up  Area,Ready To Move,HSR Layout,2 BHK,1453.0,3,1,146.85
Super built-up  Area,Ready To Move,Thanisandra,1 BHK,539.0,1,1,31.87
Super built-up  Area,Ready To Move,Hebbal,3 BHK,1624.0,3,1,148.66
Super built-up  Area,Ready To Move,Thanisandra,3 BHK,2221.0,3,2,144.82
Super built-up  Area,Ready To Move,Electronic City,2 BHK,1146.0,3,2,68.32
Super built-up  Area,Under Construction,Sarjapur Road,2 BHK,1158.0,3,2,84.15
Super built-up  Area,Ready To Move,Koramangala,5 BHK,2265.0,5,1,301.03
Super built-up  Area,Ready To Move,Whitefield,3 BHK,1626.0,3,1,108.32
Built-up  Area,Ready To Move,Thanisandra,3 BHK,1774.0,3,2,130.42
Super built-up  Area,Under Construction,Yelahanka,3 BHK,1431.0,4,1,81.5
Super built-up  Area,Ready To Move,Sarjapur Road,2 BHK,966.0,3,0,76.49
Super built-up  Area,Under Construction,Hebbal,2 BHK,1189.0,2,2,113.07
Super built-up  Area,Ready To Move,Jayanagar,3 BHK,1236.0,3,2,145.59
Built-up  Area,Ready To Move,Thanisandra,2 BHK,1128.0,3,2,87.33
Super built-up  Area,Ready To Move,Electronic City,2 BHK,1414.0,2,1,71.51
Super built-up  Area,Ready To Move,Sarjapur Road,1 BHK,635.0,1,3,46.75
Super built-up  Area,Ready To Move,Bellandur,3 BHK,1420.0,3,1,123.73
Super built-up  Area,Ready To Move,Indiranagar,3 BHK,1598.0,4,1,258.84
Super built-up  Area,Under Construction,Electronic City,2 BHK,953.0,3,1,47.5
Super built-up  Area,Ready To Move,Sarjapur Road,3 BHK,2032.0,3,1,146.02
Super built-up  Area,Ready To Move,Rajaji Nagar,2 BHK,1415.0,2,1,158.24
Super built-up  Area,Under Construction,Bellandur,2 BHK,976.0,2,1,68.9
Built-up  Area,Under Construction,Other,2 BHK,1092.0,3,2,64.76
Built-up  Area,Ready To Move,Thanisandra,3 BHK,1527.0,3,1,121.56
Super built-up  Area,Ready To Move,Marathahalli,2 BHK,1195.0,2,1,78.94
Super built-up  Area,Ready To Move,Electronic City,2 BHK,1267.0,2,0,65.02
Super built-up  Area,Ready To Move,Thanisandra,2 BHK,1009.0,2,0,61.52
Super built-up  Area,Ready To Move,Whitefield,1 BHK,620.0,2,3,38.4
Built-up  Area,Ready To Move,Bellandur,3 BHK,1944.0,4,3,151.3
Super built-up  Area,Ready To Move,Hebbal,1 BHK,478.0,1,1,44.71
Super built-up  Area,Ready To Move,Sarjapur Road,2 BHK,1281.0,2,1,91.28
Super built-up  Area,Ready To Move,Jayanagar,2 BHK,1426.0,3,2,188.18
Built-up  Area,Ready To Move,Jayanagar,2 BHK,1066.0,2,2,148.09
Super built-up  Area,Ready To Move,Whitefield,2 BHK,1351.0,2,1,89.35
Plot  Area,Ready To Move,Koramangala,2 BHK,1432.0,2,1,241.84
Built-up  Area,Ready To Move,Sarjapur Road,2 BHK,1116.0,2,1,80.06
Super built-up  Area,Under Construction,Hebbal,1 BHK,754.0,1,2,60.63
Plot  Area,Under Construction,Yelahanka,2 BHK,1039.0,3,2,71.79
Super built-up  Area,Under Construction,Sarjapur Road,2 BHK,1117.0,2,2,68.58
Built-up  Area,Ready To Move,Marathahalli,3 BHK,1590.0,3,3,103.57
Built-up  Area,Ready To Move,Electronic City,1 BHK,712.0,1,2,42.78
Super built-up  Area,Ready To Move,Bellandur,3 BHK,1849.0,4,0,138.61
Super built-up  Area,Ready To Move,Bellandur,3 BHK,1524.0,4,2,122.05
Plot  Area,Ready To Move,Electronic City,2 BHK,965.0,2,2,61.6
Super built-up  Area,Ready To Move,Sarjapur Road,3 BHK,1831.0,3,2,137.26
Super built-up  Area,Under Construction,Yelahanka,3 BHK,1574.0,3,1,87.78
Super built-up  Area,Ready To Move,Thanisandra,3 BHK,2030.0,3,2,135.06
Plot  Area,Ready To Move,Sarjapur Road,3 BHK,1567.0,3,1,134.63
Plot  Area,Ready To Move,HSR Layout,2 BHK,1063.0,2,1,101.49
Super built-up  Area,Ready To Move,Whitefield,2 BHK,1163.0,3,2,87.62
Plot  Area,Ready To Move,Electronic City,2 BHK,1110.0,2,0,70.62
Super built-up  Area,Ready To Move,HSR Layout,1 BHK,703.0,1,1,73.53
Carpet  Area,Under Construction,Whitefield,2 BHK,996.0,3,2,69.86
Super built-up  Area,Under Construction,Jayanagar,3 BHK,1565.0,4,2,203.65
Super built-up  Area,Ready To Move,Thanisandra,2 BHK,984.0,2,1,62.49
Super built-up  Area,Under Construction,Marathahalli,2 BHK,1237.0,2,1,72.12
Super built-up  Area,Ready To Move,Bellandur,2 BHK,1337.0,3,1,106.81
Super built-up  Area,Ready To Move,Marathahalli,2 BHK,1228.0,2,2,94.51
Built-up  Area,Ready To Move,Indiranagar,2 BHK,1310.0,3,2,219.96
Super built-up  Area,Ready To Move,Koramangala,3 BHK,1732.0,3,0,235.09
Carpet  Area,Ready To Move,Other,5 BHK,2525.0,6,1,183.06
Super built-up  Area,Ready To Move,Koramangala,2 BHK,1232.0,3,3,155.0
Built-up  Area,Ready To Move,Whitefield,1 BHK,456.0,1,1,33.2
Super built-up  Area,Ready To Move,Thanisandra,3 BHK,1920.0,3,1,125.27
Plot  Area,Ready To Move,Rajaji Nagar,3 BHK,1819.0,4,3,250.75
Built-up  Area,Ready To Move,Yelahanka,4 BHK,2066.0,4,3,156.65
Plot  Area,Ready To Move,Indiranagar,3 BHK,2247.0,3,1,387.12
Carpet  Area,Ready To Move,Bellandur,2 BHK,1477.0,2,2,146.09
Super built-up  Area,Ready To Move,Other,3 BHK,1861.0,3,2,107.33
Super built-up  Area,Ready To Move,Whitefield,1 BHK,668.0,1,0,39.8
Built-up  Area,Ready To Move,Bellandur,3 BHK,2208.0,3,1,192.9
Plot  Area,Ready To Move,Electronic City,3 BHK,1709.0,4,1,106.22
Super built-up  Area,Ready To Move,Koramangala,3 BHK,1578.0,3,2,221.8
Super built-up  Area,Under Construction,Koramangala,2 BHK,1075.0,3,2,133.34
Built-up  Area,Ready To Move,Electronic City,3 BHK,1478.0,3,0,86.79
Super built-up  Area,Ready To Move,Electronic City,3 BHK,1617.0,4,1,84.69
Super built-up  Area,Ready To Move,Koramangala,1 BHK,672.0,1,2,94.81
Super built-up  Area,Under Construction,Whitefield,3 BHK,1715.0,3,2,103.03
Super built-up  Area,Ready To Move,Electronic City,3 BHK,1612.0,3,1,87.92
Super built-up  Area,Ready To Move,Yelahanka,3 BHK,1789.0,3,1,106.8
Carpet  Area,Under Construction,Sarjapur Road,2 BHK,1125.0,2,3,96.92
Built-up  Area,Ready To Move,HSR Layout,3 BHK,1812.0,4,1,168.77
Plot  Area,Ready To Move,Marathahalli,2 BHK,1272.0,2,2,87.72
Built-up  Area,Ready To Move,Electronic City,3 BHK,1491.0,4,2,83.27
Super built-up  Area,Under Construction,Sarjapur Road,4 BHK,2420.0,4,2,153.85
Built-up  Area,Under Construction,Koramangala,3 BHK,2079.0,3,1,284.93
Plot  Area,Ready To Move,Thanisandra,3 BHK,2006.0,3,2,134.27
Plot  Area,Ready To Move,Rajaji Nagar,2 BHK,1278.0,3,1,161.63
Built-up  Area,Ready To Move,Rajaji Nagar,4 BHK,2684.0,4,2,372.07
Super built-up  Area,Ready To Move,Thanisandra,5 BHK,3555.0,6,2,241.16
Super built-up  Area,Ready To Move,Electronic City,1 BHK,670.0,2,2,36.03
Super built-up  Area,Ready To Move,Whitefield,2 BHK,1260.0,2,0,88.05
Carpet  Area,Ready To Move,Sarjapur Road,2 BHK,1070.0,2,2,103.63
Super built-up  Area,Under Construction,Whitefield,1 BHK,645.0,2,2,42.17
Plot  Area,Ready To Move,Thanisandra,2 BHK,1243.0,2,1,96.27
Super built-up  Area,Ready To Move,Bellandur,2 BHK,1458.0,2,2,116.17
Built-up  Area,Under Construction,Whitefield,4 BHK,2703.0,5,2,182.85
Super built-up  Area,Ready To Move,Yelahanka,1 BHK,585.0,2,2,35.45
Super built-up  Area,Under Construction,Electronic City,3 BHK,1520.0,3,2,82.12
Super built-up  Area,Ready To Move,Hebbal,3 BHK,1605.0,3,1,149.87
Super built-up  Area,Ready To Move,Bellandur,3 BHK,1519.0,4,1,122.13
Super built-up  Area,Under Construction,Hebbal,2 BHK,1082.0,2,2,106.34
Built-up  Area,Ready To Move,Hebbal,2 BHK,924.0,2,1,92.52
Super built-up  Area,Ready To Move,Whitefield,2 BHK,1533.0,2,2,108.57
Built-up  Area,Ready To Move,Hebbal,4 BHK,2986.0,5,3,276.88
Super built-up  Area,Ready To Move,Thanisandra,2 BHK,1260.0,2,0,79.57
Built-up  Area,Ready To Move,Rajaji Nagar,1 BHK,562.0,2,2,76.62
Super built-up  Area,Ready To Move,Hebbal,2 BHK,854.0,2,2,69.97
Built-up  Area,Under Construction,Hebbal,2 BHK,1359.0,2,2,108.09
Super built-up  Area,Under Construction,Bellandur,4 BHK,2270.0,5,2,172.46
Built-up  Area,Under Construction,Marathahalli,2 BHK,1513.0,3,3,95.8
Plot  Area,Ready To Move,Electronic City,3 BHK,2219.0,4,2,138.7
Super built-up  Area,Ready To Move,Hebbal,1 BHK,548.0,1,2,51.82
Super built-up  Area,Under Construction,Yelahanka,3 BHK,1673.0,3,3,106.3
Built-up  Area,Ready To Move,Koramangala,2 BHK,1210.0,3,1,195.66
Super built-up  Area,Ready To Move,Whitefield,4 BHK,3081.0,4,1,211.21
Super built-up  Area,Ready To Move,Koramangala,2 BHK,1024.0,3,2,147.5
Super built-up  Area,Ready To Move,Electronic City,3 BHK,2021.0,3,1,96.75
Super built-up  Area,Ready To Move,HSR Layout,2 BHK,1356.0,3,0,145.75
Super built-up  Area,Ready To Move,HSR Layout,2 BHK,1604.0,2,2,150.08
Super built-up  Area,Ready To Move,Jayanagar,2 BHK,986.0,2,1,102.0
Built-up  Area,Ready To Move,Hebbal,1 BHK,887.0,1,0,100.36
Super built-up  Area,Under Construction,Electronic City,2 BHK,1387.0,3,1,61.88
Super built-up  Area,Ready To Move,Electronic City,3 BHK,1608.0,4,0,79.71
Plot  Area,Ready To Move,Jayanagar,2 BHK,1022.0,2,1,162.82
Super built-up  Area,Ready To Move,Electronic City,2 BHK,1300.0,2,1,69.24
Built-up  Area,Ready To Move,Hebbal,2 BHK,1207.0,2,3,107.84
Plot  Area,Ready To Move,Electronic City,2 BHK,883.0,2,2,54.81
Super built-up  Area,Ready To Move,Thanisandra,2 BHK,1438.0,2,2,87.8
Super built-up  Area,Ready To Move,Hebbal,2 BHK,1475.0,2,2,131.23
Carpet  Area,Ready To Move,Sarjapur Road,2 BHK,1469.0,2,2,132.63
Carpet  Area,Ready To Move,Sarjapur Road,2 BHK,1438.0,2,0,127.43
Super built-up  Area,Under Construction,Jayanagar,2 BHK,1300.0,3,1,168.03
Super built-up  Area,Ready To Move,Indiranagar,2 BHK,1175.0,2,0,175.66
Super built-up  Area,Ready To Move,Thanisandra,3 BHK,1490.0,4,3,96.3
Super built-up  Area,Under Construction,Rajaji Nagar,4 BHK,2515.0,4,2,311.5
Super built-up  Area,Ready To Move,Rajaji Nagar,3 BHK,1623.0,3,2,179.85
Super built-up  Area,Ready To Move,Sarjapur Road,2 BHK,1437.0,2,1,116.48
Plot  Area,Ready To Move,Marathahalli,3 BHK,2108.0,4,1,144.69
Super built-up  Area,Ready To Move,Whitefield,3 BHK,2082.0,3,0,151.61
Built-up  Area,Ready To Move,Sarjapur Road,2 BHK,1264.0,2,1,102.13
Super built-up  Area,Ready To Move,Rajaji Nagar,2 BHK,1432.0,3,2,153.31
Super built-up  Area,Ready To Move,Electronic City,2 BHK,1402.0,2,3,69.9
Super built-up  Area,Under Construction,Electronic City,2 BHK,1281.0,2,2,64.44
Super built-up  Area,Ready To Move,Sarjapur Road,3 BHK,1800.0,4,2,129.43
Super built-up  Area,Ready To Move,Koramangala,3 BHK,2183.0,3,1,306.56
Plot  Area,Ready To Move,Hebbal,2 BHK,1265.0,2,1,142.78
Super built-up  Area,Ready To Move,Thanisandra,2 BHK,960.0,2,1,65.75
Built-up  Area,Ready To Move,Rajaji Nagar,1 BHK,587.0,1,2,78.33
Super built-up  Area,Under Construction,Bellandur,2 BHK,1139.0,3,3,85.54
Super built-up  Area,Ready To Move,Electronic City,2 BHK,981.0,2,2,45.71
Super built-up  Area,Under Construction,Marathahalli,2 BHK,1356.0,2,1,89.71
Built-up  Area,Ready To Move,Electronic City,2 BHK,1247.0,2,1,75.9
Super built-up  Area,Ready To Move,Whitefield,3 BHK,1529.0,3,1,108.02
Super built-up  Area,Ready To Move,Whitefield,3 BHK,2010.0,4,2,146.95
Plot  Area,Ready To Move,Indiranagar,3 BHK,2005.0,3,0,303.18
Built-up  Area,Ready To Move,Whitefield,3 BHK,1458.0,4,2,119.52
Super built-up  Area,Ready To Move,Whitefield,2 BHK,1046.0,2,1,66.52
Built-up  Area,Ready To Move,Sarjapur Road,3 BHK,1698.0,3,3,142.39
Super built-up  Area,Ready To Move,Electronic City,2 BHK,1157.0,2,2,62.39
Built-up  Area,Ready To Move,Koramangala,2 BHK,1145.0,2,0,176.58
Super built-up  Area,Ready To Move,Yelahanka,1 BHK,743.0,2,0,46.78
Super built-up  Area,Ready To Move,Thanisandra,1 BHK,472.0,1,3,36.17
Super built-up  Area,Ready To Move,Electronic City,2 BHK,1422.0,2,1,73.94
Super built-up  Area,Ready To Move,Electronic City,1 BHK,657.0,1,2,30.54
Super built-up  Area,Under Construction,Marathahalli,2 BHK,1129.0,3,2,65.96
Plot  Area,Ready To Move,Whitefield,2 BHK,1298.0,2,1,101.33
Plot  Area,Under Construction,Jayanagar,3 BHK,1420.0,4,2,200.29
Super built-up  Area,Under Construction,Electronic City,2 BHK,1090.0,2,1,53.99
Super built-up  Area,Ready To Move,Marathahalli,2 BHK,1378.0,2,2,84.18
Super built-up  Area,Ready To Move,Sarjapur Road,3 BHK,1589.0,4,2,123.99
Super built-up  Area,Under Construction,Hebbal,2 BHK,1399.0,2,1,108.45
Carpet  Area,Under Construction,Bellandur,3 BHK,1745.0,3,1,141.16
Super built-up  Area,Ready To Move,Indiranagar,3 BHK,2145.0,4,2,325.68
Super built-up  Area,Under Construction,Sarjapur Road,5 BHK,2667.0,5,0,184.78
Super built-up  Area,Under Construction,Indiranagar,2 BHK,1155.0,2,2,167.17
Super built-up  Area,Ready To Move,Thanisandra,2 BHK,1015.0,2,3,61.73
Super built-up  Area,Under Construction,Whitefield,3 BHK,1909.0,4,2,119.37
Super built-up  Area,Ready To Move,Whitefield,1 BHK,628.0,1,2,43.13
Super built-up  Area,Ready To Move,Hebbal,1 BHK,648.0,1,2,49.25
Super built-up  Area,Ready To Move,Whitefield,2 BHK,1019.0,3,1,79.8
Super built-up  Area,Ready To Move,Bellandur,3 BHK,2225.0,4,1,163.71
Super built-up  Area,Ready To Move,Electronic City,1 BHK,508.0,1,1,23.71
Super built-up  Area,Ready To Move,Hebbal,3 BHK,2224.0,4,2,210.01
Built-up  Area,Ready To Move,Electronic City,2 BHK,1128.0,3,1,60.09
Super built-up  Area,Under Construction,HSR Layout,3 BHK,1841.0,4,2,163.61
Plot  Area,Ready To Move,Whitefield,2 BHK,1110.0,3,0,97.07
Super built-up  Area,Ready To Move,Whitefield,1 BHK,557.0,2,2,40.61
Super built-up  Area,Ready To Move,Whitefield,2 BHK,1059.0,2,2,73.83
Super built-up  Area,Ready To Move,Marathahalli,2 BHK,1158.0,3,1,85.87
Super built-up  Area,Under Construction,Whitefield,2 BHK,1313.0,3,1,72.7
Plot  Area,Ready To Move,Bellandur,2 BHK,1407.0,2,1,149.07
Super built-up  Area,Ready To Move,Whitefield,4 BHK,2539.0,4,2,157.82
Super built-up  Area,Ready To Move,Whitefield,3 BHK,2212.0,3,0,143.05
Plot  Area,Ready To Move,HSR Layout,3 BHK,2006.0,3,2,222.57
Super built-up  Area,Ready To Move,Hebbal,5 BHK,3467.0,5,2,270.89
Super built-up  Area,Ready To Move,Marathahalli,2 BHK,936.0,2,1,57.38
Super built-up  Area,Ready To Move,Marathahalli,2 BHK,1085.0,2,1,71.12
Super built-up  Area,Ready To Move,Thanisandra,4 BHK,2121.0,5,2,129.17
Super built-up  Area,Ready To Move,Koramangala,3 BHK,1612.0,3,2,227.19
Super built-up  Area,Ready To Move,Hebbal,4 BHK,2311.0,5,2,213.06
Built-up  Area,Ready To Move,Sarjapur Road,3 BHK,1636.0,3,2,136.53
Plot  Area,Under Construction,Marathahalli,3 BHK,1610.0,3,2,115.9
Super built-up  Area,Ready To Move,Koramangala,3 BHK,2372.0,4,2,330.39
Super built-up  Area,Ready To Move,Indiranagar,3 BHK,2161.0,4,1,294.91
Super built-up  Area,Under Construction,Electronic City,2 BHK,1309.0,2,2,68.67
Super built-up  Area,Under Construction,Whitefield,2 BHK,1007.0,3,1,73.48
Super built-up  Area,Ready To Move,Marathahalli,3 BHK,1745.0,3,2,101.7
Built-up  Area,Ready To Move,Sarjapur Road,3 BHK,1955.0,4,2,154.29
Built-up  Area,Ready To Move,Hebbal,2 BHK,1439.0,2,3,151.67
Super built-up  Area,Under Construction,Whitefield,2 BHK,1374.0,2,0,80.16
Super built-up  Area,Ready To Move,Yelahanka,3 BHK,2034.0,3,1,107.83
Super built-up  Area,Under Construction,Whitefield,1 BHK,548.0,1,2,33.27
Super built-up  Area,Ready To Move,Yelahanka,2 BHK,1222.0,2,1,68.78
Super built-up  Area,Ready To Move,Whitefield,2 BHK,1293.0,3,3,85.56
Super built-up  Area,Under Construction,Rajaji Nagar,3 BHK,1577.0,4,1,195.26
Super built-up  Area,Under Construction,Thanisandra,2 BHK,1500.0,2,1,92.09
Super built-up  Area,Ready To Move,Electronic City,2 BHK,1047.0,2,2,53.61
Super built-up  Area,Under Construction,Indiranagar,3 BHK,1793.0,3,2,257.3
Carpet  Area,Ready To Move,Sarjapur Road,2 BHK,1465.0,2,2,119.31
Super built-up  Area,Ready To Move,Electronic City,2 BHK,792.0,2,2,44.67
Super built-up  Area,Ready To Move,Jayanagar,4 BHK,1986.0,4,2,260.21
Super built-up  Area,Ready To Move,Hebbal,3 BHK,1374.0,3,2,113.29
Super built-up  Area,Ready To Move,Sarjapur Road,2 BHK,1353.0,3,2,91.92
Carpet  Area,Ready To Move,Electronic City,3 BHK,2082.0,3,1,130.16
Super built-up  Area,Ready To Move,Sarjapur Road,3 BHK,1986.0,4,1,127.16
Plot  Area,Ready To Move,Jayanagar,3 BHK,1801.0,4,2,311.28
Super built-up  Area,Ready To Move,Sarjapur Road,2 BHK,1007.0,2,3,69.59
Super built-up  Area,Under Construction,Marathahalli,2 BHK,1289.0,2,1,75.13
Super built-up  Area,Ready To Move,Marathahalli,3 BHK,1940.0,3,1,123.16
Built-up  Area,Ready To Move,Whitefield,2 BHK,1314.0,2,2,84.87
Super built-up  Area,Ready To Move,Electronic City,1 BHK,721.0,1,3,38.97
Plot  Area,Ready To Move,Jayanagar,2 BHK,1328.0,3,1,224.23
Super built-up  Area,Ready To Move,Sarjapur Road,2 BHK,1385.0,3,0,104.1
Super built-up  Area,Ready To Move,Whitefield,2 BHK,1295.0,2,1,81.82
Super built-up  Area,Ready To Move,Electronic City,1 BHK,636.0,1,1,33.06
Super built-up  Area,Under Construction,Indiranagar,3 BHK,1635.0,4,2,223.28
Super built-up  Area,Under Construction,Yelahanka,2 BHK,1402.0,2,2,86.42
Super built-up  Area,Ready To Move,Whitefield,2 BHK,964.0,3,1,64.64
Super built-up  Area,Ready To Move,Whitefield,3 BHK,1849.0,4,3,110.76
Built-up  Area,Ready To Move,Marathahalli,2 BHK,1398.0,2,1,91.77
Built-up  Area,Ready To Move,Thanisandra,3 BHK,1770.0,3,1,109.28
Built-up  Area,Ready To Move,Indiranagar,1 BHK,534.0,1,2,84.78
Super built-up  Area,Ready To Move,Thanisandra,1 BHK,522.0,1,1,33.27
Carpet  Area,Ready To Move,Hebbal,2 BHK,1261.0,3,1,149.72
Built-up  Area,Ready To Move,Thanisandra,5 BHK,2852.0,5,1,217.38
Super built-up  Area,Ready To Move,Sarjapur Road,2 BHK,845.0,3,1,60.35
Super built-up  Area,Ready To Move,Electronic City,3 BHK,1421.0,3,1,80.8
Super built-up  Area,Under Construction,Thanisandra,2 BHK,930.0,2,1,59.6
Super built-up  Area,Ready To Move,Hebbal,2 BHK,936.0,2,3,83.47
Plot  Area,Ready To Move,Other,1 BHK,705.0,1,0,39.81
Built-up  Area,Under Construction,Sarjapur Road,3 BHK,1419.0,3,3,103.54
Plot  Area,Under Construction,Marathahalli,2 BHK,861.0,2,2,60.27
Super built-up  Area,Ready To Move,Marathahalli,2 BHK,886.0,3,0,61.99
Super built-up  Area,Ready To Move,Electronic City,3 BHK,2222.0,3,1,127.37
Super built-up  Area,Ready To Move,Yelahanka,2 BHK,1205.0,3,2,83.37
Super built-up  Area,Ready To Move,Hebbal,2 BHK,1044.0,2,2,86.29
Built-up  Area,Ready To Move,Rajaji Nagar,1 BHK,422.0,2,1,63.83
Super built-up  Area,Under Construction,Hebbal,4 BHK,2722.0,4,2,255.29
Built-up  Area,Ready To Move,Thanisandra,2 BHK,1469.0,2,2,102.66
Super built-up  Area,Ready To Move,Hebbal,5 BHK,2437.0,6,2,232.85
Built-up  Area,Ready To Move,Electronic City,2 BHK,1195.0,3,1,70.56
Super built-up  Area,Ready To Move,Electronic City,1 BHK,433.0,2,2,26.09
Built-up  Area,Ready To Move,Hebbal,3 BHK,1534.0,3,1,148.75
Carpet  Area,Ready To Move,Thanisandra,2 BHK,1038.0,2,1,85.09
Plot  Area,Ready To Move,Koramangala,2 BHK,1237.0,2,3,188.52
Built-up  Area,Ready To Move,Bellandur,2 BHK,1007.0,2,1,84.04
Built-up  Area,Ready To Move,Electronic City,2 BHK,1067.0,3,2,56.94
Super built-up  Area,Ready To Move,HSR Layout,3 BHK,1925.0,3,2,190.89
Built-up  Area,Ready To Move,Whitefield,3 BHK,1915.0,3,2,156.38
Built-up  Area,Ready To Move,Yelahanka,1 BHK,686.0,2,1,45.18
Super built-up  Area,Ready To Move,Other,3 BHK,1975.0,3,2,126.6
Built-up  Area,Under Construction,Hebbal,2 BHK,1245.0,3,3,126.78
Super built-up  Area,Ready To Move,Whitefield,2 BHK,977.0,3,1,72.3
Super built-up  Area,Under Construction,Electronic City,2 BHK,1407.0,2,2,67.12
Super built-up  Area,Ready To Move,Bellandur,3 BHK,2018.0,3,2,155.89
Super built-up  Area,Ready To Move,Koramangala,2 BHK,940.0,2,1,145.97
Super built-up  Area,Ready To Move,Yelahanka,2 BHK,1240.0,2,2,79.93
Super built-up  Area,Under Construction,Electronic City,4 BHK,1981.0,4,0,96.37
Super built-up  Area,Under Construction,Thanisandra,3 BHK,2091.0,3,1,131.51
Built-up  Area,Under Construction,Bellandur,3 BHK,1323.0,4,2,103.62
Super built-up  Area,Ready To Move,Sarjapur Road,2 BHK,1022.0,3,1,80.59
Super built-up  Area,Under Construction,HSR Layout,3 BHK,2002.0,3,1,197.47
Super built-up  Area,Under Construction,Whitefield,2 BHK,1226.0,2,2,85.86
Super built-up  Area,Ready To Move,Hebbal,3 BHK,2166.0,3,2,200.07
Super built-up  Area,Ready To Move,Rajaji Nagar,2 BHK,1377.0,2,2,172.34
Super built-up  Area,Ready To Move,Hebbal,2 BHK,1383.0,2,0,98.18
Plot  Area,Ready To Move,Yelahanka,1 BHK,611.0,1,2,46.68
Super built-up  Area,Ready To Move,Indiranagar,2 BHK,1266.0,2,1,195.11
Built-up  Area,Under Construction,Electronic City,2 BHK,1513.0,2,0,69.27
Plot  Area,Under Construction,Indiranagar,3 BHK,1948.0,4,1,295.09
Carpet  Area,Under Construction,HSR Layout,4 BHK,2405.0,5,2,301.83
Super built-up  Area,Ready To Move,Sarjapur Road,3 BHK,1484.0,4,2,111.86
Super built-up  Area,Ready To Move,Whitefield,1 BHK,561.0,1,2,44.74
Super built-up  Area,Ready To Move,Hebbal,2 BHK,1109.0,3,1,115.92
Super built-up  Area,Ready To Move,Whitefield,4 BHK,2328.0,4,2,164.36
Super built-up  Area,Ready To Move,Whitefield,2 BHK,1097.0,3,1,82.51
Built-up  Area,Ready To Move,Hebbal,2 BHK,963.0,2,2,106.06
Super built-up  Area,Ready To Move,Sarjapur Road,2 BHK,997.0,2,2,74.03
Super built-up  Area,Ready To Move,Marathahalli,5 BHK,2893.0,5,1,204.98
Super built-up  Area,Ready To Move,Sarjapur Road,2 BHK,1196.0,2,1,77.91
Carpet  Area,Under Construction,Thanisandra,1 BHK,505.0,2,1,46.58
Built-up  Area,Ready To Move,HSR Layout,3 BHK,1927.0,3,0,173.61
Super built-up  Area,Ready To Move,Bellandur,2 BHK,1388.0,2,3,113.29
Super built-up  Area,Under Construction,Electronic City,3 BHK,1912.0,4,1,84.48
Super built-up  Area,Ready To Move,Marathahalli,1 BHK,642.0,1,1,41.29
Built-up  Area,Ready To Move,HSR Layout,2 BHK,1484.0,2,3,183.73
Built-up  Area,Ready To Move,Yelahanka,2 BHK,1262.0,3,2,82.38
Super built-up  Area,Ready To Move,Sarjapur Road,2 BHK,1008.0,2,1,71.06
Super built-up  Area,Ready To Move,Whitefield,3 BHK,1910.0,3,1,112.02
Built-up  Area,Under Construction,Bellandur,4 BHK,2339.0,4,1,184.91
Super built-up  Area,Ready To Move,Whitefield,3 BHK,1429.0,3,1,92.18
Carpet  Area,Ready To Move,Hebbal,3 BHK,2243.0,3,0,253.94
Super built-up  Area,Ready To Move,Electronic City,2 BHK,823.0,2,2,44.1
Super built-up  Area,Ready To Move,Koramangala,1 BHK,646.0,1,1,98.62
Super built-up  Area,Ready To Move,Other,3 BHK,2004.0,4,1,104.84
Super built-up  Area,Ready To Move,Hebbal,2 BHK,914.0,2,3,68.34
Built-up  Area,Ready To Move,Yelahanka,2 BHK,1097.0,2,0,75.96
Built-up  Area,Ready To Move,HSR Layout,3 BHK,1273.0,3,1,118.1
Super built-up  Area,Ready To Move,HSR Layout,3 BHK,1818.0,3,1,180.6
Super built-up  Area,Ready To Move,Marathahalli,2 BHK,1453.0,3,3,101.17
Super built-up  Area,Ready To Move,Rajaji Nagar,3 BHK,2030.0,3,2,227.23
Plot  Area,Ready To Move,Yelahanka,4 BHK,2599.0,5,1,209.08
Super built-up  Area,Ready To Move,Sarjapur Road,2 BHK,994.0,3,2,76.6
Super built-up  Area,Ready To Move,HSR Layout,3 BHK,2032.0,4,1,212.66
Super built-up  Area,Under Construction,Electronic City,2 BHK,1119.0,2,2,54.05
Super built-up  Area,Ready To Move,Hebbal,4 BHK,2210.0,4,3,190.14
Built-up  Area,Under Construction,HSR Layout,2 BHK,1200.0,2,1,113.4
Plot  Area,Ready To Move,Yelahanka,3 BHK,2116.0,3,2,130.93
Super built-up  Area,Under Construction,Rajaji Nagar,4 BHK,1994.0,4,3,218.15
Built-up  Area,Ready To Move,Hebbal,3 BHK,1569.0,3,3,149.17
Super built-up  Area,Ready To Move,Whitefield,3 BHK,1457.0,3,1,90.55
Carpet  Area,Under Construction,Jayanagar,2 BHK,1246.0,3,2,181.34
Super built-up  Area,Ready To Move,Electronic City,3 BHK,2076.0,3,2,101.53
Super built-up  Area,Under Construction,Koramangala,3 BHK,1893.0,4,0,226.52
Super built-up  Area,Ready To Move,Whitefield,2 BHK,1610.0,2,1,94.2
Super built-up  Area,Ready To Move,Sarjapur Road,1 BHK,630.0,2,1,46.67
Super built-up  Area,Ready To Move,Other,2 BHK,1488.0,2,2,83.94
Built-up  Area,Ready To Move,Whitefield,3 BHK,1640.0,3,2,135.81
Built-up  Area,Ready To Move,Hebbal,3 BHK,2053.0,4,2,202.36
Super built-up  Area,Under Construction,Sarjapur Road,3 BHK,2206.0,4,1,149.82
Built-up  Area,Under Construction,Rajaji Nagar,2 BHK,1426.0,2,3,153.02
Super built-up  Area,Ready To Move,Jayanagar,2 BHK,1460.0,2,3,190.86
Super built-up  Area,Ready To Move,Electronic City,3 BHK,1695.0,4,2,86.63
Super built-up  Area,Ready To Move,Whitefield,3 BHK,1502.0,4,1,115.21
Built-up  Area,Ready To Move,Koramangala,2 BHK,1009.0,2,2,166.99
Super built-up  Area,Ready To Move,Sarjapur Road,3 BHK,1725.0,4,2,132.32
Super built-up  Area,Ready To Move,Bellandur,2 BHK,1427.0,2,2,115.03
Super built-up  Area,Ready To Move,Whitefield,2 BHK,1514.0,2,1,109.56
Super built-up  Area,Under Construction,Whitefield,3 BHK,2047.0,3,3,142.22
Built-up  Area,Ready To Move,Bellandur,3 BHK,1617.0,3,3,122.21
Super built-up  Area,Ready To Move,Electronic City,2 BHK,1227.0,2,2,62.52
Super built-up  Area,Ready To Move,Jayanagar,3 BHK,2122.0,3,0,264.5
Super built-up  Area,Ready To Move,Whitefield,2 BHK,1294.0,3,2,77.69
Super built-up  Area,Ready To Move,Electronic City,3 BHK,1805.0,4,2,86.59
Built-up  Area,Ready To Move,Other,2 BHK,1253.0,2,1,73.06
Super built-up  Area,Ready To Move,Hebbal,3 BHK,2160.0,4,1,221.18
Built-up  Area,Under Construction,Bellandur,3 BHK,1718.0,3,3,123.28
Super built-up  Area,Ready To Move,Electronic City,1 BHK,619.0,1,2,34.21
Plot  Area,Under Construction,Koramangala,4 BHK,1776.0,4,2,281.87
Carpet  Area,Ready To Move,Thanisandra,1 BHK,655.0,1,2,57.38
Built-up  Area,Ready To Move,Sarjapur Road,1 BHK,843.0,1,0,64.63
Plot  Area,Under Construction,Yelahanka,3 BHK,2140.0,3,1,138.47
Super built-up  Area,Ready To Move,Koramangala,3 BHK,2080.0,3,1,254.79
Plot  Area,Ready To Move,Sarjapur Road,1 BHK,734.0,1,1,63.96
Built-up  Area,Ready To Move,Indiranagar,4 BHK,2440.0,5,1,363.23
Carpet  Area,Under Construction,Indiranagar,3 BHK,2167.0,3,2,351.51
Super built-up  Area,Ready To Move,Electronic City,1 BHK,771.0,2,3,32.93
Built-up  Area,Ready To Move,Hebbal,3 BHK,1703.0,3,2,162.35
Super built-up  Area,Ready To Move,Sarjapur Road,2 BHK,1174.0,3,2,83.89
Super built-up  Area,Ready To Move,Hebbal,2 BHK,1268.0,3,1,115.8
Super built-up  Area,Under Construction,Thanisandra,3 BHK,1904.0,3,2,145.15
Plot  Area,Under Construction,HSR Layout,3 BHK,1774.0,3,2,178.99
Super built-up  Area,Ready To Move,Marathahalli,3 BHK,1940.0,3,0,114.61
Super built-up  Area,Ready To Move,Sarjapur Road,3 BHK,1635.0,3,1,119.76
Super built-up  Area,Under Construction,Hebbal,3 BHK,1384.0,4,2,138.15
Super built-up  Area,Ready To Move,Yelahanka,2 BHK,959.0,2,2,57.92
Plot  Area,Under Construction,HSR Layout,3 BHK,1542.0,3,2,187.61
Plot  Area,Ready To Move,HSR Layout,2 BHK,1019.0,2,2,110.03
Super built-up  Area,Ready To Move,Whitefield,2 BHK,1399.0,2,0,89.14
Super built-up  Area,Under Construction,Sarjapur Road,4 BHK,1984.0,4,0,117.45
Super built-up  Area,Ready To Move,Electronic City,3 BHK,1307.0,3,2,75.82
Super built-up  Area,Ready To Move,Other,2 BHK,934.0,2,1,50.86
Super built-up  Area,Ready To Move,Sarjapur Road,3 BHK,1804.0,3,2,129.9
Super built-up  Area,Ready To Move,Rajaji Nagar,2 BHK,1249.0,3,1,139.89
Super built-up  Area,Under Construction,Bellandur,1 BHK,924.0,2,3,61.11
Super built-up  Area,Ready To Move,Sarjapur Road,3 BHK,1366.0,4,1,109.05
Built-up  Area,Ready To Move,HSR Layout,3 BHK,1460.0,3,1,152.32
Super built-up  Area,Under Construction,Jayanagar,3 BHK,1736.0,3,0,199.19
Super built-up  Area,Under Construction,Rajaji Nagar,2 BHK,1340.0,3,2,136.39
Super built-up  Area,Under Construction,Electronic City,2 BHK,1192.0,3,1,53.95
Carpet  Area,Ready To Move,Sarjapur Road,3 BHK,2001.0,3,0,162.85
Super built-up  Area,Ready To Move,Sarjapur Road,2 BHK,1168.0,2,2,85.1
Super built-up  Area,Ready To Move,Whitefield,1 BHK,379.0,1,2,23.2
Super built-up  Area,Ready To Move,Indiranagar,5 BHK,2750.0,5,2,394.84
Plot  Area,Ready To Move,Jayanagar,3 BHK,1670.0,4,2,287.89
Built-up  Area,Ready To Move,Sarjapur Road,3 BHK,1837.0,3,2,140.21
Built-up  Area,Ready To Move,Thanisandra,1 BHK,588.0,2,1,48.96
Super built-up  Area,Under Construction,Koramangala,2 BHK,1298.0,2,1,177.04
Built-up  Area,Ready To Move,Sarjapur Road,2 BHK,1263.0,3,2,93.5
Built-up  Area,Ready To Move,Whitefield,3 BHK,1943.0,3,1,129.84
Super built-up  Area,Ready To Move,Bellandur,3 BHK,1805.0,3,2,152.36
Plot  Area,Under Construction,Jayanagar,3 BHK,2016.0,3,3,272.88
Super built-up  Area,Under Construction,Bellandur,2 BHK,1297.0,2,2,111.28
Super built-up  Area,Ready To Move,Whitefield,3 BHK,1330.0,3,1,103.3
Plot  Area,Under Construction,Electronic City,3 BHK,1289.0,4,2,66.84
Super built-up  Area,Ready To Move,Whitefield,3 BHK,2030.0,3,2,143.68
Super built-up  Area,Ready To Move,Indiranagar,4 BHK,1987.0,5,2,302.75
Super built-up  Area,Under Construction,Thanisandra,3 BHK,1542.0,3,1,96.74
Plot  Area,Ready To Move,Whitefield,2 BHK,1501.0,3,2,123.51
Super built-up  Area,Ready To Move,Yelahanka,4 BHK,2199.0,4,3,132.29
Super built-up  Area,Ready To Move,Indiranagar,2 BHK,1421.0,3,0,205.83
Super built-up  Area,Ready To Move,Bellandur,5 BHK,2708.0,5,3,220.58
Plot  Area,Ready To Move,Other,3 BHK,1672.0,4,2,101.13
Plot  Area,Ready To Move,Whitefield,3 BHK,1782.0,3,2,150.82
Super built-up  Area,Ready To Move,Rajaji Nagar,2 BHK,1345.0,2,1,154.55
Super built-up  Area,Ready To Move,Whitefield,2 BHK,1146.0,3,1,85.0
Super built-up  Area,Ready To Move,Sarjapur Road,2 BHK,917.0,3,2,63.51
Super built-up  Area,Ready To Move,Jayanagar,3 BHK,1761.0,3,2,221.71
Built-up  Area,Under Construction,Rajaji Nagar,2 BHK,1047.0,2,0,120.76
Super built-up  Area,Ready To Move,HSR Layout,2 BHK,1349.0,3,2,119.29
Super built-up  Area,Under Construction,Indiranagar,4 BHK,2950.0,5,2,415.0
Super built-up  Area,Ready To Move,Bellandur,2 BHK,995.0,2,2,78.4
Super built-up  Area,Ready To Move,Yelahanka,3 BHK,2082.0,3,2,118.44
Super built-up  Area,Ready To Move,Whitefield,2 BHK,1004.0,3,2,67.89
Super built-up  Area,Ready To Move,Yelahanka,2 BHK,929.0,2,2,60.62
Built-up  Area,Ready To Move,HSR Layout,3 BHK,1853.0,3,2,180.28
Super built-up  Area,Ready To Move,Hebbal,3 BHK,1703.0,3,3,156.75
Super built-up  Area,Ready To Move,Hebbal,1 BHK,574.0,1,2,48.0
Super built-up  Area,Ready To Move,HSR Layout,2 BHK,1507.0,3,2,146.21
Carpet  Area,Ready To Move,Marathahalli,3 BHK,2103.0,4,2,166.28
Super built-up  Area,Under Construction,HSR Layout,1 BHK,663.0,2,0,63.82
Carpet  Area,Ready To Move,Marathahalli,2 BHK,800.0,2,1,64.71
Built-up  Area,Under Construction,Electronic City,3 BHK,1926.0,3,1,101.11
Built-up  Area,Ready To Move,Thanisandra,3 BHK,1828.0,3,1,118.32
Super built-up  Area,Ready To Move,Yelahanka,3 BHK,1745.0,3,1,92.71
Super built-up  Area,Under Construction,Bellandur,2 BHK,1511.0,2,1,116.0
Super built-up  Area,Ready To Move,Koramangala,2 BHK,1169.0,2,1,159.1
Super built-up  Area,Ready To Move,Indiranagar,3 BHK,2129.0,3,3,347.81
Carpet  Area,Ready To Move,Jayanagar,2 BHK,1115.0,2,1,154.91
Super built-up  Area,Ready To Move,Yelahanka,2 BHK,1168.0,3,1,78.16
Super built-up  Area,Under Construction,Whitefield,3 BHK,2252.0,4,1,168.14
Super built-up  Area,Ready To Move,Jayanagar,3 BHK,1700.0,4,1,211.04
Built-up  Area,Under Construction,Hebbal,1 BHK,666.0,2,3,76.35
Super built-up  Area,Ready To Move,Electronic City,2 BHK,1481.0,2,1,77.57
Super built-up  Area,Ready To Move,Jayanagar,2 BHK,1067.0,2,1,134.4
Super built-up  Area,Ready To Move,Hebbal,3 BHK,1816.0,3,2,182.14
Built-up  Area,Under Construction,Yelahanka,3 BHK,1544.0,3,2,92.37
Super built-up  Area,Ready To Move,Electronic City,2 BHK,1046.0,2,0,50.06
Super built-up  Area,Under Construction,Whitefield,1 BHK,506.0,2,1,37.71
Super built-up  Area,Ready To Move,HSR Layout,3 BHK,1459.0,3,1,144.72
Carpet  Area,Ready To Move,Whitefield,3 BHK,1697.0,3,1,141.77
Super built-up  Area,Ready To Move,Thanisandra,3 BHK,1458.0,3,2,104.32
Built-up  Area,Under Construction,Electronic City,3 BHK,1289.0,3,2,75.73
Built-up  Area,Ready To Move,Hebbal,4 BHK,2683.0,4,1,277.38
Super built-up  Area,Ready To Move,Whitefield,2 BHK,1062.0,2,1,77.56
Super built-up  Area,Ready To Move,Electronic City,2 BHK,1296.0,2,1,67.76
Super built-up  Area,Ready To Move,Yelahanka,1 BHK,469.0,1,2,32.07
Super built-up  Area,Ready To Move,Electronic City,4 BHK,2002.0,5,1,105.71
Super built-up  Area,Under Construction,Koramangala,2 BHK,824.0,2,1,114.19
Super built-up  Area,Ready To Move,Rajaji Nagar,2 BHK,1263.0,3,2,145.36
Super built-up  Area,Under Construction,Bellandur,1 BHK,808.0,1,1,53.91
Super built-up  Area,Ready To Move,Yelahanka,2 BHK,950.0,2,1,59.77
Built-up  Area,Ready To Move,Whitefield,1 BHK,688.0,1,2,49.45
Built-up  Area,Ready To Move,Electronic City,2 BHK,1312.0,3,2,74.58
Super built-up  Area,Ready To Move,Rajaji Nagar,4 BHK,2386.0,5,1,249.44
Super built-up  Area,Ready To Move,Thanisandra,2 BHK,1158.0,2,2,71.46
Plot  Area,Under Construction,Koramangala,2 BHK,1167.0,3,3,185.05
Built-up  Area,Ready To Move,Bellandur,2 BHK,1014.0,3,2,90.96
Carpet  Area,Under Construction,Hebbal,3 BHK,1573.0,3,1,162.33
Super built-up  Area,Ready To Move,Whitefield,2 BHK,809.0,2,2,55.32
Super built-up  Area,Under Construction,Yelahanka,2 BHK,1247.0,2,0,68.2
Super built-up  Area,Ready To Move,Bellandur,3 BHK,2025.0,3,1,167.5
Super built-up  Area,Ready To Move,Hebbal,3 BHK,1973.0,3,1,178.6
Super built-up  Area,Ready To Move,Rajaji Nagar,4 BHK,2789.0,4,1,360.63
Super built-up  Area,Ready To Move,Sarjapur Road,1 BHK,616.0,2,1,42.71
Super built-up  Area,Under Construction,Sarjapur Road,2 BHK,1368.0,2,1,84.84
Built-up  Area,Ready To Move,Jayanagar,5 BHK,2311.0,6,2,406.28
Super built-up  Area,Ready To Move,Yelahanka,3 BHK,1641.0,3,1,102.27
Super built-up  Area,Ready To Move,HSR Layout,3 BHK,1704.0,3,3,160.13
Plot  Area,Ready To Move,Whitefield,3 BHK,1861.0,4,2,147.81
Built-up  Area,Ready To Move,Electronic City,3 BHK,1309.0,4,2,76.25
Super built-up  Area,Ready To Move,Bellandur,3 BHK,1512.0,3,1,123.32
Carpet  Area,Ready To Move,Sarjapur Road,1 BHK,598.0,1,2,51.69
Super built-up  Area,Ready To Move,Yelahanka,3 BHK,2126.0,4,2,147.88
Super built-up  Area,Ready To Move,Marathahalli,3 BHK,1566.0,3,0,104.46
Carpet  Area,Ready To Move,Yelahanka,1 BHK,558.0,2,3,46.75
Super built-up  Area,Ready To Move,Sarjapur Road,2 BHK,1041.0,3,2,83.6
Super built-up  Area,Under Construction,Yelahanka,2 BHK,1287.0,3,1,74.85
Super built-up  Area,Under Construction,Sarjapur Road,3 BHK,1861.0,3,1,113.48
Super built-up  Area,Under Construction,Electronic City,3 BHK,1640.0,4,1,77.68
Super built-up  Area,Under Construction,Whitefield,3 BHK,2144.0,3,1,135.11
Super built-up  Area,Ready To Move,Sarjapur Road,3 BHK,1561.0,3,2,109.39
Super built-up  Area,Ready To Move,Rajaji Nagar,2 BHK,962.0,3,2,116.82
Built-up  Area,Under Construction,Electronic City,3 BHK,1417.0,4,2,77.76
Super built-up  Area,Ready To Move,Electronic City,2 BHK,1380.0,3,2,76.96
Super built-up  Area,Ready To Move,Marathahalli,3 BHK,1757.0,3,3,116.27
Super built-up  Area,Ready To Move,Whitefield,2 BHK,1246.0,3,1,85.56
Built-up  Area,Under Construction,Yelahanka,1 BHK,647.0,1,0,34.77
Built-up  Area,Under Construction,Sarjapur Road,2 BHK,966.0,2,1,70.49
Plot  Area,Ready To Move,Whitefield,2 BHK,1180.0,2,0,102.99
Super built-up  Area,Under Construction,Rajaji Nagar,3 BHK,1980.0,4,1,218.63
Super built-up  Area,Under Construction,Whitefield,2 BHK,1163.0,3,1,76.16
Super built-up  Area,Ready To Move,Indiranagar,2 BHK,1237.0,2,2,185.14
Super built-up  Area,Under Construction,Electronic City,5 BHK,3440.0,6,1,162.8
Super built-up  Area,Under Construction,Whitefield,2 BHK,1050.0,2,2,66.36
Carpet  Area,Ready To Move,Whitefield,5 BHK,2409.0,5,2,213.12
Super built-up  Area,Ready To Move,Whitefield,4 BHK,1760.0,4,1,141.14
Carpet  Area,Ready To Move,Whitefield,2 BHK,1291.0,2,1,113.46
Super built-up  Area,Ready To Move,Thanisandra,1 BHK,589.0,2,1,43.73
Plot  Area,Under Construction,HSR Layout,3 BHK,1941.0,3,1,201.32
Super built-up  Area,Ready To Move,Sarjapur Road,3 BHK,1852.0,4,2,136.89
Plot  Area,Ready To Move,Hebbal,2 BHK,1446.0,3,2,135.36
Super built-up  Area,Under Construction,Marathahalli,2 BHK,1424.0,3,1,89.2
Plot  Area,Under Construction,Rajaji Nagar,3 BHK,1626.0,3,1,203.34
Super built-up  Area,Ready To Move,Thanisandra,2 BHK,1102.0,2,1,82.87
Super built-up  Area,Under Construction,Rajaji Nagar,2 BHK,1235.0,2,2,149.08
Super built-up  Area,Ready To Move,Sarjapur Road,4 BHK,2436.0,5,1,165.28
Super built-up  Area,Ready To Move,Sarjapur Road,4 BHK,2498.0,4,1,186.78
Built-up  Area,Under Construction,Koramangala,2 BHK,1111.0,2,3,152.79
Carpet  Area,Under Construction,Koramangala,1 BHK,559.0,1,2,97.9
Super built-up  Area,Ready To Move,HSR Layout,3 BHK,1669.0,3,0,153.52
Built-up  Area,Ready To Move,Hebbal,2 BHK,1000.0,3,1,94.86
Super built-up  Area,Ready To Move,Other,1 BHK,849.0,2,2,49.14
Super built-up  Area,Under Construction,Yelahanka,3 BHK,1876.0,4,2,114.18
Super built-up  Area,Ready To Move,Hebbal,5 BHK,3613.0,5,2,348.51
Plot  Area,Ready To Move,Thanisandra,2 BHK,1522.0,2,1,116.6
Super built-up  Area,Under Construction,Electronic City,3 BHK,1588.0,3,2,81.74
Built-up  Area,Ready To Move,Whitefield,1 BHK,566.0,1,1,40.34
Super built-up  Area,Ready To Move,Sarjapur Road,2 BHK,1023.0,3,2,71.78
Super built-up  Area,Ready To Move,Hebbal,1 BHK,705.0,1,1,61.8
Super built-up  Area,Under Construction,Whitefield,1 BHK,721.0,2,2,45.26
Super built-up  Area,Under Construction,Yelahanka,2 BHK,1493.0,2,1,108.27
Super built-up  Area,Ready To Move,Sarjapur Road,3 BHK,2158.0,3,2,167.66
Super built-up  Area,Ready To Move,Indiranagar,2 BHK,1435.0,2,3,212.33
Built-up  Area,Ready To Move,Whitefield,2 BHK,1061.0,2,2,89.58
Super built-up  Area,Under Construction,Electronic City,2 BHK,1445.0,3,1,70.52
Plot  Area,Ready To Move,Rajaji Nagar,3 BHK,1569.0,3,1,236.09
Super built-up  Area,Ready To Move,Koramangala,2 BHK,1114.0,2,2,154.7
Super built-up  Area,Ready To Move,Marathahalli,1 BHK,662.0,1,1,45.48
Super built-up  Area,Ready To Move,Other,2 BHK,1152.0,3,2,62.95
Super built-up  Area,Under Construction,Sarjapur Road,2 BHK,1453.0,2,2,87.98
Super built-up  Area,Ready To Move,Sarjapur Road,2 BHK,1426.0,2,0,95.22
Super built-up  Area,Under Construction,Jayanagar,1 BHK,706.0,1,0,91.48
Super built-up  Area,Ready To Move,Other,3 BHK,1528.0,3,1,84.85
Built-up  Area,Ready To Move,Koramangala,3 BHK,2175.0,3,2,318.34
Super built-up  Area,Ready To Move,Yelahanka,2 BHK,1187.0,2,1,72.7
Super built-up  Area,Ready To Move,Yelahanka,2 BHK,1092.0,3,1,71.65
Built-up  Area,Ready To Move,Sarjapur Road,2 BHK,1194.0,2,0,82.15
Built-up  Area,Under Construction,Indiranagar,5 BHK,2136.0,6,2,317.55
Super built-up  Area,Ready To Move,Yelahanka,1 BHK,558.0,1,2,37.92
Built-up  Area,Under Construction,Bellandur,3 BHK,1663.0,3,1,127.55
Plot  Area,Ready To Move,Whitefield,2 BHK,1077.0,3,1,90.01
Super built-up  Area,Ready To Move,Sarjapur Road,2 BHK,1041.0,2,2,79.18
Super built-up  Area,Ready To Move,Whitefield,2 BHK,1384.0,3,1,92.43
Plot  Area,Under Construction,Electronic City,2 BHK,1413.0,2,2,81.43
Super built-up  Area,Ready To Move,Rajaji Nagar,2 BHK,1300.0,2,2,175.59
Super built-up  Area,Ready To Move,Whitefield,1 BHK,683.0,2,2,48.87
Super built-up  Area,Ready To Move,Electronic City,2 BHK,1029.0,3,1,59.09
Built-up  Area,Ready To Move,Sarjapur Road,3 BHK,2050.0,3,2,169.41
Plot  Area,Ready To Move,Koramangala,3 BHK,2295.0,3,1,364.3
Super built-up  Area,Ready To Move,HSR Layout,2 BHK,1202.0,3,2,117.2
Carpet  Area,Ready To Move,Electronic City,1 BHK,611.0,1,3,42.36
Super built-up  Area,Ready To Move,Electronic City,2 BHK,926.0,2,1,48.85
Super built-up  Area,Under Construction,Electronic City,3 BHK,2067.0,3,1,94.46
Super built-up  Area,Under Construction,HSR Layout,2 BHK,1434.0,3,2,144.96
Carpet  Area,Ready To Move,Electronic City,3 BHK,1686.0,3,2,120.69
Super built-up  Area,Ready To Move,Marathahalli,3 BHK,1388.0,3,3,89.12
Super built-up  Area,Ready To Move,Hebbal,2 BHK,1058.0,3,3,94.77
Super built-up  Area,Under Construction,Whitefield,3 BHK,2231.0,4,1,128.05
Super built-up  Area,Ready To Move,Thanisandra,3 BHK,2011.0,4,2,146.62
Super built-up  Area,Ready To Move,Sarjapur Road,3 BHK,1964.0,3,2,155.24
Super built-up  Area,Under Construction,Bellandur,3 BHK,2180.0,3,1,161.54
Plot  Area,Under Construction,Electronic City,2 BHK,1378.0,2,3,78.26
Super built-up  Area,Under Construction,Indiranagar,3 BHK,1495.0,4,1,171.8
Built-up  Area,Under Construction,Thanisandra,3 BHK,1613.0,3,2,121.92
Super built-up  Area,Under Construction,Marathahalli,3 BHK,2019.0,4,2,125.89
Super built-up  Area,Ready To Move,Electronic City,3 BHK,1764.0,3,2,95.31
Super built-up  Area,Ready To Move,Sarjapur Road,1 BHK,487.0,1,3,39.15
Plot  Area,Under Construction,Hebbal,2 BHK,1169.0,3,2,123.58
Super built-up  Area,Under Construction,Marathahalli,4 BHK,2136.0,4,1,141.68
Plot  Area,Ready To Move,Rajaji Nagar,2 BHK,1380.0,2,2,198.67
Built-up  Area,Ready To Move,Whitefield,2 BHK,1664.0,2,2,105.73
Super built-up  Area,Ready To Move,Whitefield,2 BHK,1391.0,3,1,94.22
Super built-up  Area,Under Construction,HSR Layout,1 BHK,715.0,2,2,68.29
Built-up  Area,Ready To Move,Whitefield,2 BHK,956.0,3,1,73.94
Super built-up  Area,Ready To Move,Sarjapur Road,2 BHK,1459.0,3,2,94.49
Super built-up  Area,Ready To Move,Whitefield,2 BHK,1456.0,2,0,99.49
Super built-up  Area,Under Construction,Koramangala,3 BHK,1971.0,3,1,214.53
Super built-up  Area,Ready To Move,Marathahalli,2 BHK,1458.0,2,2,95.46
Plot  Area,Ready To Move,Other,3 BHK,1552.0,3,1,96.48
Super built-up  Area,Ready To Move,Sarjapur Road,2 BHK,1370.0,3,2,110.6
Super built-up  Area,Ready To Move,Indiranagar,3 BHK,1713.0,3,1,260.68
Super built-up  Area,Ready To Move,Jayanagar,3 BHK,2030.0,3,2,279.09
Built-up  Area,Ready To Move,Whitefield,1 BHK,773.0,1,2,58.04
Super built-up  Area,Ready To Move,Bellandur,2 BHK,1156.0,3,1,99.1
Plot  Area,Ready To Move,Hebbal,3 BHK,1494.0,4,1,177.64
Built-up  Area,Ready To Move,Electronic City,3 BHK,1647.0,3,2,77.32
Super built-up  Area,Ready To Move,Hebbal,3 BHK,1556.0,3,2,144.21
Super built-up  Area,Under Construction,Whitefield,2 BHK,1465.0,2,2,88.46
Super built-up  Area,Ready To Move,Bellandur,4 BHK,1965.0,4,2,151.86
Built-up  Area,Ready To Move,Electronic City,2 BHK,1307.0,2,2,69.75
Built-up  Area,Ready To Move,Sarjapur Road,1 BHK,700.0,2,1,54.61
Carpet  Area,Ready To Move,Whitefield,2 BHK,1198.0,2,1,112.41
Super built-up  Area,Ready To Move,Jayanagar,1 BHK,688.0,1,1,107.88
Super built-up  Area,Ready To Move,HSR Layout,3 BHK,2122.0,3,1,217.79
Super built-up  Area,Ready To Move,Indiranagar,3 BHK,1910.0,3,0,276.48
Super built-up  Area,Ready To Move,Indiranagar,4 BHK,1832.0,4,0,265.22
Super built-up  Area,Ready To Move,Hebbal,3 BHK,1963.0,4,1,191.48
Super built-up  Area,Under Construction,Electronic City,2 BHK,1466.0,2,1,74.64
Super built-up  Area,Ready To Move,Thanisandra,5 BHK,3043.0,5,3,202.18
Super built-up  Area,Under Construction,Whitefield,2 BHK,1074.0,3,1,85.26
Super built-up  Area,Ready To Move,Whitefield,4 BHK,2407.0,5,2,189.54
Super built-up  Area,Ready To Move,Thanisandra,3 BHK,1930.0,4,1,112.62
Super built-up  Area,Ready To Move,Electronic City,2 BHK,1087.0,2,2,52.8
Super built-up  Area,Ready To Move,Sarjapur Road,1 BHK,804.0,2,2,52.82
Super built-up  Area,Under Construction,Hebbal,2 BHK,878.0,2,1,77.38
Carpet  Area,Ready To Move,Hebbal,3 BHK,2048.0,3,1,217.04
Super built-up  Area,Ready To Move,Bellandur,3 BHK,1758.0,3,2,137.78
Plot  Area,Ready To Move,Koramangala,3 BHK,1595.0,3,2,235.55
Super built-up  Area,Ready To Move,Koramangala,2 BHK,1329.0,3,0,211.95
Super built-up  Area,Ready To Move,Thanisandra,1 BHK,632.0,2,2,48.73
Super built-up  Area,Ready To Move,Sarjapur Road,4 BHK,2853.0,4,1,178.36
Super built-up  Area,Ready To Move,Sarjapur Road,2 BHK,1276.0,3,1,98.15
Super built-up  Area,Under Construction,Hebbal,3 BHK,1985.0,3,2,193.13
Built-up  Area,Ready To Move,Sarjapur Road,3 BHK,1629.0,3,3,114.12
Super built-up  Area,Ready To Move,Other,3 BHK,1306.0,3,2,84.44
Super built-up  Area,Ready To Move,Yelahanka,2 BHK,1197.0,2,1,69.46
Super built-up  Area,Ready To Move,Electronic City,2 BHK,1165.0,3,2,63.51
Super built-up  Area,Ready To Move,Whitefield,3 BHK,1991.0,4,1,131.81
Plot  Area,Under Construction,Whitefield,2 BHK,1396.0,2,2,103.53
Plot  Area,Ready To Move,Electronic City,3 BHK,2205.0,3,0,127.55
Super built-up  Area,Ready To Move,Whitefield,1 BHK,535.0,2,1,38.71
Super built-up  Area,Ready To Move,HSR Layout,3 BHK,1502.0,3,2,140.11
Super built-up  Area,Ready To Move,Jayanagar,5 BHK,2697.0,5,2,339.92
Carpet  Area,Ready To Move,Thanisandra,4 BHK,2898.0,5,1,240.89
Super built-up  Area,Ready To Move,Electronic City,2 BHK,1156.0,2,1,63.16
Built-up  Area,Ready To Move,Sarjapur Road,2 BHK,1139.0,2,2,93.34
Super built-up  Area,Ready To Move,HSR Layout,2 BHK,1047.0,2,2,103.83
Carpet  Area,Ready To Move,Yelahanka,2 BHK,1047.0,3,2,86.03
Super built-up  Area,Under Construction,Yelahanka,2 BHK,1269.0,2,3,89.17
Super built-up  Area,Ready To Move,Rajaji Nagar,3 BHK,1775.0,3,2,218.6
Super built-up  Area,Under Construction,HSR Layout,1 BHK,569.0,1,2,49.56
Carpet  Area,Ready To Move,Bellandur,2 BHK,1196.0,3,1,127.09
Carpet  Area,Under Construction,Whitefield,2 BHK,1392.0,2,2,117.18
Built-up  Area,Ready To Move,Indiranagar,2 BHK,1257.0,2,1,226.49
Built-up  Area,Under Construction,Electronic City,1 BHK,782.0,1,2,41.27
Super built-up  Area,Under Construction,Hebbal,2 BHK,1245.0,3,2,114.93
Built-up  Area,Under Construction,Koramangala,3 BHK,1342.0,4,1,199.71
Plot  Area,Under Construction,Electronic City,3 BHK,1996.0,4,0,112.49
Super built-up  Area,Ready To Move,Whitefield,2 BHK,1173.0,2,2,86.11
Super built-up  Area,Ready To Move,Whitefield,2 BHK,955.0,2,0,70.29
Super built-up  Area,Ready To Move,Whitefield,2 BHK,1268.0,2,0,80.64
Super built-up  Area,Ready To Move,Whitefield,1 BHK,710.0,1,2,46.89
Plot  Area,Ready To Move,Whitefield,2 BHK,1235.0,2,1,93.66
Super built-up  Area,Ready To Move,Electronic City,3 BHK,1457.0,3,2,71.72
Super built-up  Area,Ready To Move,Electronic City,1 BHK,696.0,1,1,37.99
Super built-up  Area,Ready To Move,Other,1 BHK,605.0,2,1,37.5
Super built-up  Area,Ready To Move,Sarjapur Road,2 BHK,915.0,2,2,59.18
Super built-up  Area,Ready To Move,Whitefield,2 BHK,1028.0,2,2,62.45
Plot  Area,Ready To Move,HSR Layout,2 BHK,1282.0,3,0,136.45
Super built-up  Area,Ready To Move,Jayanagar,2 BHK,1237.0,2,2,159.28
Plot  Area,Under Construction,Bellandur,1 BHK,624.0,2,3,61.61
Super built-up  Area,Under Construction,Sarjapur Road,4 BHK,2558.0,4,2,155.14
Plot  Area,Ready To Move,Indiranagar,3 BHK,2286.0,4,2,374.75
Super built-up  Area,Ready To Move,Thanisandra,3 BHK,1526.0,3,2,123.87
Super built-up  Area,Ready To Move,Thanisandra,2 BHK,1250.0,3,1,74.11
Super built-up  Area,Ready To Move,Bellandur,2 BHK,870.0,2,3,64.69
Carpet  Area,Ready To Move,Jayanagar,3 BHK,1451.0,3,1,268.52
Super built-up  Area,Under Construction,Jayanagar,2 BHK,1093.0,2,1,135.38
Super built-up  Area,Under Construction,Indiranagar,2 BHK,1219.0,2,1,137.53
Plot  Area,Under Construction,Hebbal,3 BHK,2124.0,3,2,227.8
Super built-up  Area,Ready To Move,Koramangala,2 BHK,1181.0,2,1,173.94
Super built-up  Area,Ready To Move,Yelahanka,2 BHK,1180.0,2,2,75.17
Super built-up  Area,Ready To Move,Whitefield,2 BHK,1193.0,2,1,82.21
Super built-up  Area,Ready To Move,Other,3 BHK,1974.0,3,0,103.99
Super built-up  Area,Ready To Move,Electronic City,3 BHK,2037.0,4,1,107.39
Super built-up  Area,Ready To Move,Hebbal,3 BHK,1621.0,4,1,167.48
Built-up  Area,Ready To Move,Jayanagar,2 BHK,1084.0,2,2,166.39
Super built-up  Area,Under Construction,Electronic City,3 BHK,1720.0,3,2,80.83
Super built-up  Area,Ready To Move,Hebbal,4 BHK,2705.0,5,1,249.83
Super built-up  Area,Under Construction,Whitefield,3 BHK,1585.0,3,1,90.58
Super built-up  Area,Ready To Move,Sarjapur Road,2 BHK,1069.0,2,1,86.81
Super built-up  Area,Ready To Move,Electronic City,3 BHK,1657.0,4,2,85.97
Built-up  Area,Ready To Move,Sarjapur Road,3 BHK,1582.0,4,1,127.42
Plot  Area,Ready To Move,Sarjapur Road,3 BHK,1408.0,4,1,110.26
Plot  Area,Ready To Move,Other,3 BHK,2029.0,4,1,132.02
Super built-up  Area,Ready To Move,Other,3 BHK,1497.0,4,1,80.74
Plot  Area,Under Construction,Whitefield,3 BHK,2066.0,4,3,146.74
Plot  Area,Ready To Move,Thanisandra,1 BHK,755.0,1,1,55.12
Super built-up  Area,Under Construction,Whitefield,2 BHK,1333.0,3,2,77.28
Super built-up  Area,Ready To Move,Whitefield,1 BHK,692.0,2,1,50.53
Super built-up  Area,Ready To Move,Whitefield,2 BHK,850.0,3,3,53.28
Super built-up  Area,Ready To Move,Marathahalli,3 BHK,2019.0,3,1,120.68
Plot  Area,Ready To Move,Marathahalli,2 BHK,1167.0,2,1,86.81
Super built-up  Area,Ready To Move,Electronic City,1 BHK,590.0,1,3,34.33
Built-up  Area,Ready To Move,Electronic City,2 BHK,1222.0,2,2,66.8
Super built-up  Area,Under Construction,Electronic City,1 BHK,536.0,1,3,28.92
Super built-up  Area,Ready To Move,HSR Layout,3 BHK,1885.0,3,0,168.27
Super built-up  Area,Ready To Move,Indiranagar,3 BHK,1857.0,4,3,250.65
Carpet  Area,Ready To Move,Electronic City,3 BHK,2332.0,4,1,161.42
Super built-up  Area,Ready To Move,Thanisandra,1 BHK,587.0,2,1,40.95
Plot  Area,Ready To Move,Sarjapur Road,1 BHK,610.0,1,1,46.26
Super built-up  Area,Ready To Move,Marathahalli,3 BHK,1907.0,4,2,142.13
Super built-up  Area,Ready To Move,Bellandur,2 BHK,1007.0,2,2,85.9
Super built-up  Area,Ready To Move,Hebbal,3 BHK,1338.0,4,1,124.51
Plot  Area,Under Construction,Yelahanka,3 BHK,1964.0,4,1,151.57
Super built-up  Area,Ready To Move,Yelahanka,2 BHK,1066.0,2,2,61.11
Super built-up  Area,Under Construction,Sarjapur Road,2 BHK,924.0,2,1,58.16
Super built-up  Area,Ready To Move,Sarjapur Road,2 BHK,1577.0,3,1,110.55
Plot  Area,Ready To Move,Marathahalli,4 BHK,2855.0,4,0,228.71
Super built-up  Area,Under Construction,Electronic City,2 BHK,1300.0,2,1,59.63
Super built-up  Area,Ready To Move,Whitefield,2 BHK,1391.0,3,1,91.75
Super built-up  Area,Under Construction,Hebbal,2 BHK,1071.0,2,3,96.21
Super built-up  Area,Ready To Move,Yelahanka,2 BHK,872.0,3,0,50.03
Built-up  Area,Ready To Move,Thanisandra,3 BHK,2178.0,3,3,158.6
Plot  Area,Ready To Move,Rajaji Nagar,2 BHK,1067.0,3,1,164.87
Super built-up  Area,Under Construction,HSR Layout,2 BHK,1361.0,3,1,114.2
Plot  Area,Under Construction,Whitefield,1 BHK,597.0,1,1,43.67
Built-up  Area,Ready To Move,Indiranagar,2 BHK,1099.0,2,1,178.75
Super built-up  Area,Ready To Move,Thanisandra,2 BHK,1303.0,2,3,80.06
Plot  Area,Ready To Move,Whitefield,2 BHK,1544.0,3,3,114.97
Built-up  Area,Ready To Move,Electronic City,3 BHK,1602.0,3,1,96.57
Super built-up  Area,Ready To Move,Whitefield,1 BHK,599.0,2,1,43.48
Built-up  Area,Ready To Move,Indiranagar,2 BHK,1270.0,2,1,207.83
Super built-up  Area,Under Construction,Rajaji Nagar,2 BHK,983.0,3,3,105.92
Super built-up  Area,Ready To Move,Bellandur,2 BHK,1474.0,2,2,123.81
Built-up  Area,Under Construction,Other,3 BHK,2146.0,3,1,125.0
Built-up  Area,Under Construction,Whitefield,4 BHK,2152.0,5,3,152.67
Built-up  Area,Ready To Move,Rajaji Nagar,2 BHK,1370.0,2,2,185.32
Super built-up  Area,Under Construction,Yelahanka,1 BHK,589.0,1,1,32.89
Carpet  Area,Ready To Move,Sarjapur Road,2 BHK,958.0,2,2,89.96
Super built-up  Area,Under Construction,Other,2 BHK,1125.0,3,2,64.19
Super built-up  Area,Ready To Move,Electronic City,3 BHK,1868.0,3,3,93.24
Super built-up  Area,Ready To Move,Rajaji Nagar,3 BHK,2061.0,4,2,239.37
Super built-up  Area,Ready To Move,Rajaji Nagar,2 BHK,965.0,2,2,117.3
Super built-up  Area,Under Construction,Thanisandra,3 BHK,1527.0,3,1,89.86
Super built-up  Area,Under Construction,Indiranagar,3 BHK,2155.0,3,3,294.51
Plot  Area,Ready To Move,Whitefield,3 BHK,2191.0,3,3,187.67
Carpet  Area,Ready To Move,HSR Layout,2 BHK,780.0,3,2,91.32
Built-up  Area,Ready To Move,Sarjapur Road,2 BHK,1409.0,2,0,100.23
Super built-up  Area,Under Construction,Yelahanka,1 BHK,437.0,1,2,26.27
Built-up  Area,Under Construction,Thanisandra,2 BHK,1138.0,2,2,78.19
Built-up  Area,Ready To Move,Rajaji Nagar,2 BHK,902.0,3,1,116.68
Super built-up  Area,Ready To Move,Whitefield,3 BHK,1810.0,3,1,129.38
Built-up  Area,Ready To Move,Yelahanka,2 BHK,1269.0,2,2,80.44
Super built-up  Area,Ready To Move,Marathahalli,3 BHK,1536.0,3,0,91.13
Super built-up  Area,Under Construction,Yelahanka,3 BHK,2196.0,3,3,127.51
Super built-up  Area,Ready To Move,Whitefield,2 BHK,1189.0,3,0,93.41
Built-up  Area,Ready To Move,Whitefield,2 BHK,1137.0,3,3,89.34
Built-up  Area,Under Construction,Whitefield,3 BHK,1740.0,3,0,116.4
Super built-up  Area,Ready To Move,Koramangala,3 BHK,1725.0,3,2,270.16
Super built-up  Area,Ready To Move,Koramangala,4 BHK,2285.0,4,2,289.3
Plot  Area,Ready To Move,Other,3 BHK,1823.0,4,1,112.26
Carpet  Area,Ready To Move,Sarjapur Road,3 BHK,2184.0,3,1,194.36
Super built-up  Area,Ready To Move,Sarjapur Road,3 BHK,1889.0,3,1,135.98
Super built-up  Area,Under Construction,Koramangala,1 BHK,693.0,1,2,96.78
Built-up  Area,Ready To Move,Yelahanka,3 BHK,1445.0,3,2,92.06
Super built-up  Area,Ready To Move,Marathahalli,4 BHK,1937.0,4,1,135.46
Super built-up  Area,Ready To Move,Yelahanka,2 BHK,1101.0,2,2,75.23
Super built-up  Area,Ready To Move,Hebbal,2 BHK,1346.0,2,0,122.79
Built-up  Area,Ready To Move,Koramangala,2 BHK,1286.0,2,1,189.09
Built-up  Area,Ready To Move,Jayanagar,4 BHK,2167.0,4,1,236.67
Super built-up  Area,Under Construction,HSR Layout,1 BHK,461.0,2,3,52.13
Super built-up  Area,Ready To Move,Electronic City,3 BHK,1546.0,4,1,77.66
Super built-up  Area,Ready To Move,Electronic City,3 BHK,1746.0,4,2,85.37
Super built-up  Area,Ready To Move,Whitefield,3 BHK,1667.0,3,0,97.83
Super built-up  Area,Ready To Move,Thanisandra,2 BHK,1237.0,2,2,84.22
Super built-up  Area,Ready To Move,Whitefield,4 BHK,2553.0,4,1,190.3
Super built-up  Area,Ready To Move,Electronic City,2 BHK,976.0,3,2,50.55
Super built-up  Area,Under Construction,Sarjapur Road,2 BHK,1155.0,2,2,73.05
Built-up  Area,Ready To Move,Indiranagar,2 BHK,1330.0,3,0,247.4
Super built-up  Area,Ready To Move,Sarjapur Road,1 BHK,783.0,2,1,56.74
Super built-up  Area,Under Construction,Bellandur,2 BHK,735.0,2,2,42.83
Super built-up  Area,Ready To Move,Whitefield,2 BHK,1102.0,2,2,80.63
Super built-up  Area,Ready To Move,Whitefield,3 BHK,2057.0,3,2,155.18
Super built-up  Area,Ready To Move,HSR Layout,2 BHK,1289.0,2,1,144.36
Super built-up  Area,Under Construction,Sarjapur Road,3 BHK,1465.0,3,2,88.05
Super built-up  Area,Under Construction,Sarjapur Road,2 BHK,1137.0,2,2,86.7
Super built-up  Area,Ready To Move,Whitefield,2 BHK,1263.0,2,3,95.64
Built-up  Area,Ready To Move,Rajaji Nagar,2 BHK,1298.0,3,1,154.12
Super built-up  Area,Ready To Move,Bellandur,2 BHK,1332.0,2,1,94.2
Super built-up  Area,Ready To Move,Whitefield,1 BHK,618.0,2,2,46.72
Plot  Area,Ready To Move,Whitefield,2 BHK,1393.0,2,1,112.88
Plot  Area,Ready To Move,Other,2 BHK,1587.0,2,2,109.93
Super built-up  Area,Under Construction,Bellandur,2 BHK,1040.0,2,0,87.6
Built-up  Area,Ready To Move,Hebbal,2 BHK,1195.0,3,1,116.64
Super built-up  Area,Ready To Move,Bellandur,1 BHK,808.0,1,2,70.81
Carpet  Area,Under Construction,Thanisandra,3 BHK,1317.0,3,2,106.63
Super built-up  Area,Under Construction,Thanisandra,2 BHK,839.0,2,3,52.91
Built-up  Area,Ready To Move,Hebbal,2 BHK,1145.0,2,1,115.13
Built-up  Area,Under Construction,Hebbal,2 BHK,1450.0,2,0,120.8
Super built-up  Area,Ready To Move,Whitefield,3 BHK,1618.0,3,1,103.74
Built-up  Area,Ready To Move,Marathahalli,2 BHK,1180.0,3,1,72.08
Super built-up  Area,Ready To Move,Koramangala,2 BHK,960.0,3,1,136.24
Super built-up  Area,Ready To Move,Electronic City,3 BHK,1962.0,4,3,92.82
Super built-up  Area,Ready To Move,Rajaji Nagar,2 BHK,999.0,2,1,122.61
Plot  Area,Ready To Move,Rajaji Nagar,1 BHK,601.0,1,0,81.03
Super built-up  Area,Ready To Move,Other,2 BHK,991.0,2,1,59.89
Super built-up  Area,Ready To Move,Jayanagar,4 BHK,2664.0,4,1,376.05
Super built-up  Area,Ready To Move,Other,2 BHK,1182.0,2,0,68.74
Super built-up  Area,Ready To Move,Electronic City,2 BHK,1254.0,2,1,65.2
Super built-up  Area,Ready To Move,Jayanagar,2 BHK,1367.0,2,1,181.31
Built-up  Area,Ready To Move,Yelahanka,3 BHK,2168.0,3,2,146.66
Carpet  Area,Ready To Move,Electronic City,2 BHK,906.0,3,1,69.71
Super built-up  Area,Under Construction,Whitefield,1 BHK,591.0,1,2,41.9
Super built-up  Area,Ready To Move,Other,2 BHK,1402.0,2,1,81.5
Super built-up  Area,Ready To Move,Sarjapur Road,2 BHK,1177.0,3,1,88.72
Super built-up  Area,Ready To Move,Jayanagar,5 BHK,2498.0,5,2,367.01
Super built-up  Area,Ready To Move,Whitefield,2 BHK,1201.0,2,1,85.8
Super built-up  Area,Ready To Move,Whitefield,2 BHK,1592.0,3,0,105.45
Super built-up  Area,Ready To Move,Hebbal,2 BHK,1540.0,3,2,149.39
Super built-up  Area,Ready To Move,Electronic City,3 BHK,2189.0,3,1,107.42
Built-up  Area,Ready To Move,Bellandur,2 BHK,1434.0,2,2,121.49
Carpet  Area,Ready To Move,Indiranagar,3 BHK,2107.0,3,2,390.53
Super built-up  Area,Ready To Move,Whitefield,2 BHK,1237.0,2,1,80.16
Built-up  Area,Ready To Move,Electronic City,2 BHK,1178.0,2,1,62.65
Super built-up  Area,Under Construction,Sarjapur Road,2 BHK,1201.0,2,1,76.04
Plot  Area,Ready To Move,Electronic City,2 BHK,1230.0,3,2,74.27
Built-up  Area,Ready To Move,Yelahanka,2 BHK,1033.0,2,2,86.2
Built-up  Area,Ready To Move,Hebbal,2 BHK,1332.0,2,2,142.93
Super built-up  Area,Ready To Move,Whitefield,3 BHK,2169.0,3,1,140.85
Super built-up  Area,Ready To Move,HSR Layout,2 BHK,934.0,3,2,101.49
Super built-up  Area,Ready To Move,Whitefield,3 BHK,1674.0,3,3,105.71
Super built-up  Area,Ready To Move,Whitefield,2 BHK,1342.0,2,1,75.96
Super built-up  Area,Under Construction,Electronic City,1 BHK,753.0,1,3,37.18
Super built-up  Area,Ready To Move,Jayanagar,2 BHK,1431.0,3,2,162.49
Built-up  Area,Ready To Move,Marathahalli,2 BHK,1212.0,3,0,86.2
Super built-up  Area,Under Construction,Yelahanka,2 BHK,1436.0,2,1,77.62
Super built-up  Area,Ready To Move,Sarjapur Road,2 BHK,986.0,2,2,73.94
Super built-up  Area,Ready To Move,Electronic City,3 BHK,1669.0,3,1,90.69
Super built-up  Area,Ready To Move,HSR Layout,2 BHK,905.0,2,0,99.81
Super built-up  Area,Ready To Move,Thanisandra,2 BHK,1103.0,2,1,73.4
Super built-up  Area,Ready To Move,Other,3 BHK,1395.0,3,1,80.91
Super built-up  Area,Ready To Move,Whitefield,2 BHK,1420.0,2,3,106.3
Super built-up  Area,Ready To Move,Whitefield,3 BHK,2059.0,4,2,155.63
Super built-up  Area,Ready To Move,Bellandur,2 BHK,1507.0,3,3,130.52
Super built-up  Area,Ready To Move,Yelahanka,2 BHK,1005.0,2,1,72.84
Carpet  Area,Under Construction,Jayanagar,3 BHK,1488.0,3,1,213.45
Super built-up  Area,Under Construction,Bellandur,2 BHK,907.0,3,1,71.41
Built-up  Area,Ready To Move,Marathahalli,3 BHK,1745.0,3,1,124.85
Super built-up  Area,Under Construction,HSR Layout,3 BHK,1564.0,3,1,147.2
Super built-up  Area,Ready To Move,Rajaji Nagar,3 BHK,2244.0,3,1,258.64
Super built-up  Area,Ready To Move,Marathahalli,3 BHK,1510.0,3,2,91.35
Super built-up  Area,Ready To Move,Jayanagar,2 BHK,978.0,2,1,143.56
Super built-up  Area,Under Construction,Sarjapur Road,3 BHK,1755.0,3,2,108.29
Super built-up  Area,Under Construction,Electronic City,2 BHK,1494.0,2,1,69.85
Super built-up  Area,Ready To Move,HSR Layout,3 BHK,1981.0,3,1,166.64
Super built-up  Area,Ready To Move,Hebbal,2 BHK,1036.0,2,2,92.1
Built-up  Area,Ready To Move,Jayanagar,2 BHK,1309.0,2,1,199.82
Built-up  Area,Ready To Move,Whitefield,3 BHK,1577.0,3,1,116.06
Super built-up  Area,Ready To Move,Electronic City,3 BHK,2223.0,3,1,95.35
Super built-up  Area,Ready To Move,Thanisandra,4 BHK,2043.0,5,2,133.54
Super built-up  Area,Ready To Move,Whitefield,2 BHK,922.0,3,1,62.56
Super built-up  Area,Ready To Move,Sarjapur Road,2 BHK,1317.0,3,2,90.37
Built-up  Area,Ready To Move,Sarjapur Road,3 BHK,1618.0,3,0,127.68
Super built-up  Area,Ready To Move,Koramangala,2 BHK,1295.0,3,2,204.23
Super built-up  Area,Under Construction,Electronic City,3 BHK,1626.0,3,2,73.79
Super built-up  Area,Ready To Move,Jayanagar,3 BHK,2351.0,3,3,360.97
Built-up  Area,Ready To Move,Hebbal,3 BHK,1715.0,3,1,195.74
Super built-up  Area,Ready To Move,Rajaji Nagar,3 BHK,2057.0,3,1,255.38
Super built-up  Area,Under Construction,Hebbal,3 BHK,1872.0,4,1,166.27
Built-up  Area,Ready To Move,Electronic City,2 BHK,983.0,2,3,55.78
Super built-up  Area,Ready To Move,Whitefield,4 BHK,1932.0,4,1,122.11
Super built-up  Area,Ready To Move,Whitefield,2 BHK,1030.0,2,1,78.86
Plot  Area,Ready To Move,HSR Layout,1 BHK,625.0,1,1,70.46
Super built-up  Area,Ready To Move,Whitefield,2 BHK,1145.0,3,2,73.07
Built-up  Area,Ready To Move,Sarjapur Road,3 BHK,2236.0,4,2,178.28
Super built-up  Area,Under Construction,Indiranagar,3 BHK,2135.0,3,2,269.43
Super built-up  Area,Ready To Move,Electronic City,2 BHK,1261.0,2,2,70.7
Plot  Area,Ready To Move,Electronic City,3 BHK,2149.0,3,2,121.84
Super built-up  Area,Under Construction,Thanisandra,3 BHK,1922.0,4,1,130.72
Built-up  Area,Ready To Move,Marathahalli,3 BHK,2179.0,3,2,144.1
Built-up  Area,Ready To Move,Whitefield,2 BHK,976.0,2,2,72.04
Super built-up  Area,Under Construction,Electronic City,3 BHK,2261.0,3,0,116.2
Built-up  Area,Ready To Move,Marathahalli,3 BHK,1225.0,4,2,62.59
Plot  Area,Under Construction,Whitefield,3 BHK,2187.0,4,1,176.95
Super built-up  Area,Under Construction,Other,1 BHK,807.0,1,1,36.15
Super built-up  Area,Ready To Move,Whitefield,2 BHK,1288.0,3,2,93.03
Super built-up  Area,Ready To Move,Jayanagar,1 BHK,694.0,1,1,74.45
Super built-up  Area,Ready To Move,Sarjapur Road,2 BHK,941.0,2,2,72.58
Super built-up  Area,Ready To Move,Marathahalli,2 BHK,1242.0,3,1,83.39
Super built-up  Area,Ready To Move,Sarjapur Road,2 BHK,1100.0,2,1,75.59
Super built-up  Area,Ready To Move,Bellandur,3 BHK,2233.0,4,1,171.5
Super built-up  Area,Ready To Move,Whitefield,2 BHK,962.0,3,3,65.79
Super built-up  Area,Ready To Move,Electronic City,2 BHK,1096.0,2,3,57.43
Super built-up  Area,Ready To Move,Thanisandra,2 BHK,1316.0,2,2,78.3
Super built-up  Area,Ready To Move,HSR Layout,1 BHK,569.0,1,1,59.99
Built-up  Area,Under Construction,Marathahalli,3 BHK,1608.0,4,3,95.88
Super built-up  Area,Ready To Move,Hebbal,2 BHK,1145.0,3,1,117.25
Super built-up  Area,Under Construction,Jayanagar,3 BHK,1307.0,4,1,141.08
Super built-up  Area,Ready To Move,Hebbal,2 BHK,1158.0,2,2,114.66
Super built-up  Area,Ready To Move,Other,3 BHK,1522.0,3,1,83.75
Super built-up  Area,Ready To Move,Marathahalli,2 BHK,1249.0,2,1,79.1
Built-up  Area,Under Construction,Sarjapur Road,2 BHK,1266.0,2,0,84.98
Super built-up  Area,Ready To Move,Rajaji Nagar,3 BHK,1739.0,4,0,215.58
Plot  Area,Under Construction,Jayanagar,1 BHK,609.0,2,2,82.31
Super built-up  Area,Under Construction,Electronic City,2 BHK,1328.0,2,2,70.24
Super built-up  Area,Ready To Move,Koramangala,3 BHK,1615.0,3,1,213.86
Built-up  Area,Ready To Move,Whitefield,2 BHK,1095.0,3,1,86.26
Built-up  Area,Ready To Move,Yelahanka,3 BHK,1665.0,4,2,115.97
Super built-up  Area,Ready To Move,Electronic City,2 BHK,1318.0,2,1,66.74
Plot  Area,Ready To Move,Whitefield,1 BHK,444.0,1,2,40.23
Super built-up  Area,Under Construction,Hebbal,1 BHK,527.0,2,0,49.33
Built-up  Area,Under Construction,Indiranagar,2 BHK,812.0,2,1,114.83
Super built-up  Area,Under Construction,Jayanagar,2 BHK,1221.0,2,2,138.98
Built-up  Area,Ready To Move,Other,2 BHK,1003.0,3,1,58.09
Super built-up  Area,Ready To Move,Hebbal,3 BHK,1899.0,3,2,188.06
Super built-up  Area,Ready To Move,Whitefield,3 BHK,1619.0,4,0,106.16
Built-up  Area,Ready To Move,Thanisandra,3 BHK,1462.0,3,1,97.96
Super built-up  Area,Under Construction,Indiranagar,2 BHK,1170.0,2,0,185.89
Super built-up  Area,Under Construction,Hebbal,2 BHK,1249.0,2,2,112.49
Super built-up  Area,Ready To Move,Sarjapur Road,2 BHK,1134.0,2,2,91.52
Built-up  Area,Ready To Move,HSR Layout,2 BHK,1040.0,3,3,126.84
Plot  Area,Ready To Move,Sarjapur Road,3 BHK,1399.0,3,1,107.07
Built-up  Area,Ready To Move,Thanisandra,3 BHK,1936.0,4,0,141.7
Built-up  Area,Ready To Move,HSR Layout,2 BHK,1123.0,3,3,118.53
Super built-up  Area,Ready To Move,Jayanagar,1 BHK,515.0,1,1,66.98
Super built-up  Area,Ready To Move,HSR Layout,4 BHK,2114.0,4,2,195.61
Super built-up  Area,Under Construction,Electronic City,2 BHK,808.0,2,1,37.98
Super built-up  Area,Ready To Move,Jayanagar,3 BHK,1889.0,4,1,268.1
Super built-up  Area,Under Construction,Indiranagar,3 BHK,2099.0,3,1,271.67
Super built-up  Area,Ready To Move,Electronic City,2 BHK,1144.0,2,1,65.0
Super built-up  Area,Under Construction,Koramangala,1 BHK,549.0,1,0,75.45
Built-up  Area,Under Construction,Sarjapur Road,4 BHK,1902.0,4,2,144.15
Super built-up  Area,Ready To Move,Jayanagar,3 BHK,1272.0,4,2,174.66
Built-up  Area,Ready To Move,Hebbal,2 BHK,1479.0,2,2,155.38
Built-up  Area,Ready To Move,Thanisandra,2 BHK,1269.0,3,1,110.68
Built-up  Area,Ready To Move,Whitefield,3 BHK,2357.0,3,0,162.41
Carpet  Area,Ready To Move,Sarjapur Road,2 BHK,1069.0,2,2,100.64
Super built-up  Area,Ready To Move,Other,1 BHK,469.0,1,2,24.49
Super built-up  Area,Under Construction,Yelahanka,2 BHK,1232.0,3,1,80.95
Plot  Area,Ready To Move,Electronic City,1 BHK,575.0,2,2,37.96
Super built-up  Area,Ready To Move,Electronic City,1 BHK,459.0,2,1,25.69
Built-up  Area,Ready To Move,Sarjapur Road,2 BHK,1071.0,2,0,75.41
Super built-up  Area,Under Construction,Bellandur,2 BHK,1528.0,2,1,105.38
Super built-up  Area,Ready To Move,Thanisandra,2 BHK,1477.0,2,1,101.45
Super built-up  Area,Ready To Move,Thanisandra,4 BHK,1937.0,5,1,117.61
Carpet  Area,Under Construction,HSR Layout,2 BHK,1191.0,3,1,140.34
Built-up  Area,Ready To Move,Yelahanka,2 BHK,1233.0,2,2,80.57
Plot  Area,Ready To Move,Hebbal,2 BHK,895.0,2,1,98.34
Built-up  Area,Ready To Move,Whitefield,1 BHK,480.0,2,2,39.58
Super built-up  Area,Ready To Move,Indiranagar,3 BHK,1411.0,3,1,180.95
Super built-up  Area,Ready To Move,Marathahalli,2 BHK,1242.0,2,0,68.85
Plot  Area,Under Construction,Yelahanka,2 BHK,1505.0,3,2,114.22
Super built-up  Area,Ready To Move,Indiranagar,4 BHK,2661.0,5,2,362.14
Super built-up  Area,Ready To Move,Koramangala,3 BHK,1754.0,3,2,244.79
Super built-up  Area,Ready To Move,Marathahalli,2 BHK,939.0,3,1,63.29
Super built-up  Area,Ready To Move,Hebbal,4 BHK,2713.0,4,2,243.04
Built-up  Area,Ready To Move,Sarjapur Road,3 BHK,2274.0,4,3,180.2
Super built-up  Area,Under Construction,Other,4 BHK,2799.0,5,1,130.68
Built-up  Area,Under Construction,Jayanagar,1 BHK,912.0,2,2,133.03
Plot  Area,Ready To Move,Sarjapur Road,4 BHK,1933.0,4,0,168.28
Super built-up  Area,Ready To Move,Hebbal,2 BHK,1397.0,3,1,122.41
Super built-up  Area,Ready To Move,Hebbal,3 BHK,1609.0,3,1,146.27
Super built-up  Area,Under Construction,Whitefield,2 BHK,878.0,2,1,52.81
Carpet  Area,Ready To Move,Marathahalli,2 BHK,1299.0,2,0,98.01
Super built-up  Area,Ready To Move,Hebbal,1 BHK,630.0,2,2,55.54
Super built-up  Area,Under Construction,Jayanagar,2 BHK,1291.0,3,1,171.26
Built-up  Area,Ready To Move,Electronic City,2 BHK,1036.0,3,1,61.05
Super built-up  Area,Ready To Move,HSR Layout,1 BHK,485.0,2,1,55.05
Carpet  Area,Ready To Move,Whitefield,4 BHK,2386.0,5,1,212.79
Plot  Area,Ready To Move,Thanisandra,3 BHK,1723.0,3,1,134.11
Super built-up  Area,Ready To Move,Indiranagar,2 BHK,1423.0,3,1,198.13
Super built-up  Area,Ready To Move,Koramangala,3 BHK,1599.0,3,0,206.84
Super built-up  Area,Ready To Move,Whitefield,3 BHK,1987.0,4,1,136.62
Built-up  Area,Ready To Move,Electronic City,2 BHK,1390.0,3,2,71.55
Built-up  Area,Ready To Move,Whitefield,3 BHK,1582.0,3,2,125.63
Super built-up  Area,Under Construction,Electronic City,3 BHK,1358.0,3,2,65.41
Super built-up  Area,Ready To Move,Koramangala,2 BHK,958.0,3,2,141.85
Plot  Area,Ready To Move,Indiranagar,2 BHK,1360.0,2,2,235.33
Super built-up  Area,Ready To Move,Koramangala,2 BHK,990.0,2,1,157.7
Built-up  Area,Ready To Move,HSR Layout,3 BHK,2217.0,4,1,217.17
Super built-up  Area,Ready To Move,Electronic City,2 BHK,978.0,2,0,58.08
Super built-up  Area,Ready To Move,Electronic City,3 BHK,1853.0,3,2,104.37
Built-up  Area,Under Construction,Whitefield,2 BHK,1169.0,2,1,82.21
Super built-up  Area,Ready To Move,Jayanagar,3 BHK,1398.0,4,0,213.7
Super built-up  Area,Ready To Move,Koramangala,4 BHK,2346.0,5,1,330.71
Super built-up  Area,Under Construction,Electronic City,3 BHK,2168.0,3,3,108.79
Super built-up  Area,Ready To Move,Electronic City,3 BHK,1952.0,3,0,101.43
Plot  Area,Ready To Move,Jayanagar,2 BHK,1206.0,3,1,172.31
Super built-up  Area,Ready To Move,Thanisandra,3 BHK,1307.0,4,3,78.83
Plot  Area,Ready To Move,Bellandur,3 BHK,1491.0,3,2,145.77
Plot  Area,Under Construction,Hebbal,3 BHK,2023.0,4,2,184.31
Plot  Area,Ready To Move,Electronic City,3 BHK,1971.0,4,3,125.81
Plot  Area,Ready To Move,Other,2 BHK,1530.0,3,1,81.25
Super built-up  Area,Under Construction,Yelahanka,3 BHK,2072.0,4,2,125.56
Plot  Area,Ready To Move,Sarjapur Road,2 BHK,1390.0,2,2,133.85
Super built-up  Area,Ready To Move,Jayanagar,2 BHK,873.0,3,3,121.09
Super built-up  Area,Ready To Move,Thanisandra,2 BHK,1397.0,3,1,91.51
Super built-up  Area,Under Construction,Sarjapur Road,2 BHK,1233.0,2,2,78.13
Super built-up  Area,Ready To Move,Hebbal,3 BHK,1881.0,4,1,180.84
Super built-up  Area,Ready To Move,Electronic City,3 BHK,1757.0,3,1,92.73
Super built-up  Area,Ready To Move,Whitefield,3 BHK,1683.0,4,2,118.17
Super built-up  Area,Under Construction,Thanisandra,4 BHK,2725.0,4,2,164.31
Super built-up  Area,Under Construction,Electronic City,3 BHK,1573.0,4,3,77.64
Super built-up  Area,Ready To Move,Yelahanka,5 BHK,3047.0,5,2,177.88
Built-up  Area,Under Construction,Other,3 BHK,1349.0,3,2,74.25
Super built-up  Area,Under Construction,Whitefield,2 BHK,1288.0,2,1,74.83
Super built-up  Area,Ready To Move,Hebbal,2 BHK,1356.0,2,1,132.56
Super built-up  Area,Ready To Move,Yelahanka,3 BHK,1608.0,3,3,114.02
Super built-up  Area,Ready To Move,Yelahanka,3 BHK,1700.0,4,1,104.16
Super built-up  Area,Ready To Move,Thanisandra,3 BHK,2005.0,3,0,108.72
Super built-up  Area,Ready To Move,Sarjapur Road,3 BHK,1570.0,3,1,98.35
Super built-up  Area,Ready To Move,Hebbal,3 BHK,1445.0,3,1,121.43
Super built-up  Area,Ready To Move,Indiranagar,2 BHK,1099.0,3,1,167.32
Super built-up  Area,Ready To Move,Other,2 BHK,1183.0,2,3,72.85
Carpet  Area,Under Construction,Sarjapur Road,3 BHK,1835.0,4,1,159.56
Super built-up  Area,Ready To Move,Marathahalli,2 BHK,1279.0,3,0,87.47
Built-up  Area,Ready To Move,Electronic City,5 BHK,2342.0,5,1,135.1
Built-up  Area,Under Construction,Other,3 BHK,2271.0,3,1,133.28
Super built-up  Area,Ready To Move,Bellandur,2 BHK,1346.0,3,3,103.05
Carpet  Area,Under Construction,Hebbal,2 BHK,1538.0,3,1,158.13
Built-up  Area,Ready To Move,Koramangala,3 BHK,1644.0,4,1,256.49
Built-up  Area,Ready To Move,Electronic City,1 BHK,664.0,1,1,31.54
Super built-up  Area,Ready To Move,Electronic City,2 BHK,1258.0,2,3,69.69
Super built-up  Area,Ready To Move,Whitefield,2 BHK,1129.0,2,0,75.76
Super built-up  Area,Ready To Move,Whitefield,3 BHK,1694.0,3,0,123.32
Super built-up  Area,Ready To Move,Sarjapur Road,3 BHK,1547.0,3,3,118.46
Built-up  Area,Under Construction,Thanisandra,2 BHK,1141.0,2,2,82.26
Plot  Area,Ready To Move,Koramangala,3 BHK,1946.0,4,1,349.13
Super built-up  Area,Ready To Move,Whitefield,3 BHK,2044.0,3,3,145.19
Built-up  Area,Ready To Move,Jayanagar,2 BHK,1002.0,3,2,129.39
Built-up  Area,Ready To Move,Koramangala,2 BHK,1098.0,2,0,179.93
Super built-up  Area,Under Construction,Marathahalli,3 BHK,2152.0,3,1,138.88
Super built-up  Area,Ready To Move,Bellandur,2 BHK,1032.0,3,2,85.27
Super built-up  Area,Ready To Move,Electronic City,2 BHK,1141.0,3,1,63.12
Built-up  Area,Ready To Move,Hebbal,1 BHK,764.0,1,1,63.73
Built-up  Area,Ready To Move,Koramangala,2 BHK,955.0,2,1,137.21
Super built-up  Area,Under Construction,Whitefield,2 BHK,755.0,3,2,53.62
Super built-up  Area,Under Construction,Whitefield,3 BHK,1676.0,4,2,108.88
Built-up  Area,Ready To Move,Whitefield,1 BHK,777.0,1,1,60.22
Built-up  Area,Ready To Move,Electronic City,3 BHK,1455.0,3,1,77.6
Super built-up  Area,Ready To Move,Hebbal,3 BHK,1682.0,3,2,158.65
Super built-up  Area,Ready To Move,HSR Layout,1 BHK,527.0,1,2,56.01
Plot  Area,Ready To Move,Whitefield,3 BHK,1885.0,3,2,148.28
Super built-up  Area,Ready To Move,Bellandur,2 BHK,1106.0,2,2,95.04
Super built-up  Area,Under Construction,Indiranagar,3 BHK,1802.0,3,2,224.85
Built-up  Area,Ready To Move,Sarjapur Road,2 BHK,1435.0,2,1,102.05
Super built-up  Area,Ready To Move,Whitefield,2 BHK,1352.0,3,1,80.11
Plot  Area,Under Construction,Whitefield,2 BHK,1029.0,2,2,74.28
Super built-up  Area,Under Construction,Sarjapur Road,2 BHK,877.0,2,1,57.57
Super built-up  Area,Ready To Move,Electronic City,1 BHK,634.0,1,1,35.68
Super built-up  Area,Under Construction,Sarjapur Road,3 BHK,1658.0,3,2,103.99
Super built-up  Area,Under Construction,Koramangala,3 BHK,1810.0,3,2,215.25
Super built-up  Area,Ready To Move,HSR Layout,5 BHK,2910.0,6,1,264.0
Built-up  Area,Under Construction,Electronic City,3 BHK,1833.0,3,2,101.26
Super built-up  Area,Ready To Move,Sarjapur Road,3 BHK,1808.0,3,1,131.86
Plot  Area,Ready To Move,Koramangala,2 BHK,1086.0,2,1,181.31
Super built-up  Area,Ready To Move,Jayanagar,1 BHK,754.0,2,2,99.42
Super built-up  Area,Under Construction,Thanisandra,3 BHK,2097.0,4,2,113.95
Super built-up  Area,Ready To Move,Indiranagar,1 BHK,691.0,2,1,106.83
Built-up  Area,Ready To Move,Sarjapur Road,2 BHK,1017.0,2,1,70.17
Super built-up  Area,Ready To Move,Sarjapur Road,3 BHK,1302.0,4,1,89.27
Super built-up  Area,Ready To Move,Jayanagar,2 BHK,1384.0,2,1,203.93
Plot  Area,Ready To Move,Whitefield,2 BHK,1123.0,2,0,91.86
Super built-up  Area,Ready To Move,Other,2 BHK,1023.0,2,1,61.19
Super built-up  Area,Ready To Move,Bellandur,5 BHK,2307.0,6,1,194.8
Super built-up  Area,Under Construction,Bellandur,5 BHK,3122.0,5,2,233.43
Super built-up  Area,Ready To Move,Whitefield,3 BHK,1459.0,4,1,96.54
Super built-up  Area,Under Construction,Koramangala,3 BHK,1443.0,4,0,185.82
Built-up  Area,Ready To Move,HSR Layout,1 BHK,586.0,1,2,66.47
Built-up  Area,Ready To Move,Whitefield,2 BHK,1137.0,3,1,92.48
Built-up  Area,Ready To Move,Electronic City,2 BHK,989.0,2,2,60.09
Super built-up  Area,Ready To Move,Rajaji Nagar,1 BHK,448.0,2,3,52.62
Carpet  Area,Under Construction,HSR Layout,2 BHK,983.0,2,1,112.15
Super built-up  Area,Ready To Move,Hebbal,1 BHK,868.0,2,2,87.91
Super built-up  Area,Ready To Move,Whitefield,2 BHK,1154.0,3,2,83.49
Super built-up  Area,Ready To Move,Thanisandra,1 BHK,468.0,1,2,34.37
Built-up  Area,Ready To Move,Bellandur,2 BHK,1519.0,3,2,137.08
Super built-up  Area,Ready To Move,Koramangala,3 BHK,1724.0,3,1,226.69
Super built-up  Area,Ready To Move,HSR Layout,2 BHK,912.0,2,2,85.65
Built-up  Area,Ready To Move,Hebbal,1 BHK,635.0,1,2,72.18
Super built-up  Area,Ready To Move,Indiranagar,2 BHK,1297.0,2,2,193.44
Super built-up  Area,Ready To Move,Electronic City,3 BHK,2012.0,4,2,85.13
Super built-up  Area,Ready To Move,Marathahalli,2 BHK,1176.0,3,2,69.91
Built-up  Area,Ready To Move,Indiranagar,2 BHK,1478.0,3,2,233.63
Super built-up  Area,Ready To Move,Sarjapur Road,1 BHK,474.0,2,1,34.31
Super built-up  Area,Under Construction,Hebbal,2 BHK,1574.0,2,1,150.32
Carpet  Area,Ready To Move,Yelahanka,2 BHK,1368.0,2,2,116.74
Super built-up  Area,Ready To Move,Electronic City,2 BHK,1135.0,3,3,66.98
Super built-up  Area,Ready To Move,Sarjapur Road,2 BHK,1113.0,2,2,70.94
Built-up  Area,Ready To Move,Bellandur,3 BHK,1753.0,3,1,150.66
Super built-up  Area,Ready To Move,Sarjapur Road,2 BHK,1230.0,3,2,99.93
Super built-up  Area,Ready To Move,Yelahanka,3 BHK,2104.0,3,1,136.81
Super built-up  Area,Ready To Move,Whitefield,1 BHK,568.0,1,2,43.77
Super built-up  Area,Ready To Move,Thanisandra,2 BHK,855.0,2,1,56.11
Plot  Area,Ready To Move,Whitefield,2 BHK,1489.0,2,1,113.12
Super built-up  Area,Ready To Move,Whitefield,3 BHK,2093.0,3,1,146.16
Super built-up  Area,Ready To Move,Rajaji Nagar,2 BHK,1276.0,2,2,143.97
Plot  Area,Ready To Move,Indiranagar,2 BHK,1027.0,2,1,158.26
Super built-up  Area,Ready To Move,Sarjapur Road,2 BHK,791.0,2,2,55.77
Super built-up  Area,Ready To Move,Electronic City,2 BHK,1354.0,2,0,75.43
Super built-up  Area,Ready To Move,Koramangala,2 BHK,1203.0,2,1,180.35
Super built-up  Area,Ready To Move,HSR Layout,1 BHK,370.0,1,0,27.48
Super built-up  Area,Ready To Move,Other,3 BHK,1444.0,4,2,90.66
Super built-up  Area,Under Construction,Other,3 BHK,1577.0,3,2,80.35
Super built-up  Area,Ready To Move,Koramangala,2 BHK,1033.0,2,1,152.16
Built-up  Area,Ready To Move,Hebbal,3 BHK,1729.0,3,3,179.74
Built-up  Area,Ready To Move,HSR Layout,2 BHK,1199.0,3,3,115.64
Super built-up  Area,Ready To Move,Bellandur,3 BHK,2101.0,3,2,170.96
Super built-up  Area,Ready To Move,Whitefield,3 BHK,1982.0,3,1,125.23
Super built-up  Area,Ready To Move,Sarjapur Road,1 BHK,614.0,1,1,49.86
Super built-up  Area,Ready To Move,Whitefield,3 BHK,2133.0,3,3,148.44
Built-up  Area,Ready To Move,Whitefield,2 BHK,1316.0,2,1,88.99
Built-up  Area,Ready To Move,Electronic City,2 BHK,1215.0,2,0,62.26
Super built-up  Area,Ready To Move,HSR Layout,3 BHK,2107.0,4,1,178.74
Super built-up  Area,Under Construction,Yelahanka,2 BHK,1397.0,3,2,95.21
Super built-up  Area,Under Construction,HSR Layout,2 BHK,1431.0,2,1,131.09
Super built-up  Area,Under Construction,Sarjapur Road,2 BHK,1498.0,2,0,84.42
Plot  Area,Ready To Move,Whitefield,3 BHK,2227.0,3,1,181.46
Built-up  Area,Under Construction,Indiranagar,2 BHK,1130.0,2,1,154.2
Super built-up  Area,Under Construction,Electronic City,2 BHK,1180.0,2,2,54.57
Super built-up  Area,Under Construction,Koramangala,2 BHK,1216.0,2,2,169.41
Super built-up  Area,Ready To Move,Other,2 BHK,1186.0,2,0,70.75
Plot  Area,Under Construction,Whitefield,3 BHK,2028.0,4,1,150.5
Plot  Area,Ready To Move,Electronic City,2 BHK,1116.0,3,2,66.61
Super built-up  Area,Ready To Move,Hebbal,3 BHK,1998.0,3,1,193.72
Built-up  Area,Ready To Move,Marathahalli,3 BHK,1502.0,3,2,90.72
Super built-up  Area,Under Construction,Thanisandra,2 BHK,699.0,2,3,49.52
Super built-up  Area,Ready To Move,Rajaji Nagar,2 BHK,1234.0,2,2,167.75
Built-up  Area,Ready To Move,Sarjapur Road,3 BHK,2152.0,3,2,176.48
Super built-up  Area,Under Construction,Other,2 BHK,1003.0,3,1,58.43
Built-up  Area,Ready To Move,Whitefield,3 BHK,1712.0,4,2,117.43
Super built-up  Area,Under Construction,Whitefield,4 BHK,1791.0,4,2,106.7
Super built-up  Area,Under Construction,Jayanagar,3 BHK,1714.0,4,1,207.92
Super built-up  Area,Ready To Move,Marathahalli,5 BHK,3463.0,6,2,237.63
Super built-up  Area,Ready To Move,Whitefield,2 BHK,1064.0,2,1,69.21
Super built-up  Area,Ready To Move,Whitefield,1 BHK,470.0,1,2,27.9
Super built-up  Area,Under Construction,Whitefield,2 BHK,1085.0,3,1,69.66
Super built-up  Area,Under Construction,Whitefield,2 BHK,1200.0,3,2,86.4
Super built-up  Area,Ready To Move,Electronic City,2 BHK,1096.0,3,3,58.92
Built-up  Area,Ready To Move,Other,2 BHK,1363.0,2,1,74.46
Super built-up  Area,Ready To Move,Bellandur,2 BHK,1424.0,2,2,111.19
Built-up  Area,Ready To Move,Thanisandra,2 BHK,1143.0,3,1,93.85
Super built-up  Area,Ready To Move,Thanisandra,2 BHK,1471.0,2,2,105.46
Super built-up  Area,Ready To Move,HSR Layout,2 BHK,1152.0,2,2,126.98
Super built-up  Area,Ready To Move,Yelahanka,2 BHK,875.0,2,1,54.41
Super built-up  Area,Ready To Move,Indiranagar,3 BHK,1716.0,4,0,251.68
Super built-up  Area,Ready To Move,Sarjapur Road,2 BHK,916.0,2,2,65.55
Super built-up  Area,Under Construction,Indiranagar,3 BHK,1889.0,3,2,310.2
Super built-up  Area,Ready To Move,HSR Layout,3 BHK,1166.0,4,2,118.2
Carpet  Area,Ready To Move,Yelahanka,3 BHK,1458.0,3,0,106.01
Super built-up  Area,Ready To Move,Other,2 BHK,1424.0,2,2,74.84
Built-up  Area,Ready To Move,Hebbal,3 BHK,2120.0,4,2,211.37
Super built-up  Area,Ready To Move,Thanisandra,2 BHK,1481.0,2,1,89.9
Built-up  Area,Under Construction,Whitefield,3 BHK,1734.0,3,2,114.53
Super built-up  Area,Ready To Move,Thanisandra,2 BHK,1496.0,2,2,101.55
Plot  Area,Ready To Move,Sarjapur Road,3 BHK,2195.0,4,2,214.49
Super built-up  Area,Ready To Move,Whitefield,3 BHK,1442.0,3,0,102.83
Super built-up  Area,Ready To Move,Sarjapur Road,2 BHK,1058.0,2,0,83.12
Super built-up  Area,Ready To Move,Koramangala,3 BHK,2212.0,3,2,359.35
Super built-up  Area,Ready To Move,Whitefield,2 BHK,1332.0,2,2,83.33
Plot  Area,Ready To Move,Marathahalli,2 BHK,1074.0,2,1,80.56
Built-up  Area,Ready To Move,Whitefield,2 BHK,1295.0,3,2,97.42
Built-up  Area,Ready To Move,Marathahalli,2 BHK,1467.0,2,0,110.8
Super built-up  Area,Under Construction,Bellandur,2 BHK,1182.0,2,3,84.8
Plot  Area,Ready To Move,Sarjapur Road,2 BHK,1201.0,2,1,89.91
Super built-up  Area,Ready To Move,Sarjapur Road,2 BHK,835.0,3,2,66.52
Super built-up  Area,Ready To Move,Thanisandra,3 BHK,2034.0,3,0,134.61
Built-up  Area,Ready To Move,Koramangala,2 BHK,1260.0,3,2,185.33
Super built-up  Area,Ready To Move,Bellandur,1 BHK,754.0,1,1,53.42
Super built-up  Area,Ready To Move,Sarjapur Road,1 BHK,695.0,1,2,49.28
Super built-up  Area,Ready To Move,HSR Layout,2 BHK,1051.0,3,2,113.35
Super built-up  Area,Ready To Move,Other,3 BHK,1523.0,3,0,79.79
Super built-up  Area,Ready To Move,Electronic City,1 BHK,798.0,1,1,35.13
Super built-up  Area,Ready To Move,Hebbal,2 BHK,1056.0,2,2,91.82
Built-up  Area,Ready To Move,Sarjapur Road,3 BHK,2074.0,3,2,152.2
Built-up  Area,Under Construction,Thanisandra,1 BHK,535.0,2,1,34.36
Plot  Area,Ready To Move,Thanisandra,2 BHK,778.0,3,2,65.82
Super built-up  Area,Ready To Move,Sarjapur Road,3 BHK,1727.0,3,0,126.21
Built-up  Area,Ready To Move,Whitefield,1 BHK,531.0,1,2,39.88
Built-up  Area,Ready To Move,Whitefield,3 BHK,1558.0,3,2,118.19
Super built-up  Area,Under Construction,Hebbal,2 BHK,1086.0,3,1,96.54
Super built-up  Area,Under Construction,Hebbal,2 BHK,1133.0,2,0,90.84
Super built-up  Area,Ready To Move,Other,1 BHK,665.0,1,2,40.71
Super built-up  Area,Ready To Move,Hebbal,2 BHK,1027.0,2,1,106.88
Super built-up  Area,Under Construction,Electronic City,3 BHK,1289.0,3,2,59.14
Super built-up  Area,Ready To Move,Rajaji Nagar,2 BHK,1224.0,3,2,154.12
Super built-up  Area,Ready To Move,HSR Layout,3 BHK,1509.0,3,1,152.05
Super built-up  Area,Ready To Move,Indiranagar,2 BHK,1453.0,2,2,215.9
Super built-up  Area,Ready To Move,Whitefield,2 BHK,1555.0,2,0,106.15
Built-up  Area,Ready To Move,Sarjapur Road,3 BHK,1994.0,4,1,150.49
Built-up  Area,Under Construction,Marathahalli,2 BHK,853.0,2,1,52.08
Super built-up  Area,Ready To Move,Indiranagar,2 BHK,1115.0,3,1,183.99
Super built-up  Area,Ready To Move,Sarjapur Road,2 BHK,1334.0,2,2,88.77
Super built-up  Area,Under Construction,Koramangala,2 BHK,1199.0,3,1,164.37
Super built-up  Area,Under Construction,Rajaji Nagar,2 BHK,1449.0,3,1,169.97
Super built-up  Area,Ready To Move,Electronic City,3 BHK,1702.0,3,2,86.23
Built-up  Area,Ready To Move,HSR Layout,3 BHK,1519.0,3,1,152.59
Super built-up  Area,Ready To Move,Marathahalli,3 BHK,1527.0,3,1,95.7
Built-up  Area,Ready To Move,Electronic City,3 BHK,2123.0,4,2,140.32
Built-up  Area,Ready To Move,Thanisandra,5 BHK,2414.0,5,1,166.96
Super built-up  Area,Ready To Move,Koramangala,2 BHK,1354.0,2,2,189.06
Super built-up  Area,Under Construction,Bellandur,2 BHK,1084.0,2,3,85.38
Super built-up  Area,Under Construction,Sarjapur Road,3 BHK,2204.0,3,2,133.69
Super built-up  Area,Ready To Move,Sarjapur Road,2 BHK,1212.0,3,3,87.54
Super built-up  Area,Under Construction,Bellandur,2 BHK,898.0,2,1,55.99
Carpet  Area,Ready To Move,Electronic City,2 BHK,1156.0,2,1,75.29
Built-up  Area,Ready To Move,Hebbal,5 BHK,2815.0,5,0,271.65
Plot  Area,Under Construction,Electronic City,5 BHK,3699.0,5,2,160.61
Super built-up  Area,Ready To Move,Whitefield,3 BHK,1380.0,3,1,97.44
Super built-up  Area,Under Construction,Other,2 BHK,1232.0,2,0,67.1
Super built-up  Area,Ready To Move,Hebbal,2 BHK,1046.0,2,2,93.42
Super built-up  Area,Ready To Move,Marathahalli,2 BHK,1436.0,2,2,88.46
Super built-up  Area,Ready To Move,Whitefield,3 BHK,1368.0,3,1,91.55
Super built-up  Area,Ready To Move,Indiranagar,3 BHK,2226.0,3,2,327.92
Super built-up  Area,Ready To Move,Electronic City,3 BHK,1275.0,3,1,70.3
Plot  Area,Under Construction,Yelahanka,2 BHK,1232.0,2,1,69.38
Plot  Area,Ready To Move,Yelahanka,2 BHK,1230.0,2,1,83.9
Super built-up  Area,Ready To Move,Whitefield,2 BHK,865.0,3,0,62.28
Plot  Area,Ready To Move,Rajaji Nagar,2 BHK,1203.0,3,2,144.44
Super built-up  Area,Under Construction,Electronic City,2 BHK,956.0,2,2,38.84
Super built-up  Area,Ready To Move,Koramangala,1 BHK,557.0,2,1,76.21
Built-up  Area,Ready To Move,Other,4 BHK,2804.0,4,1,184.05
Super built-up  Area,Under Construction,Rajaji Nagar,3 BHK,1965.0,3,2,210.0
Plot  Area,Under Construction,Marathahalli,3 BHK,1503.0,4,0,108.69
Built-up  Area,Ready To Move,Sarjapur Road,2 BHK,1157.0,3,2,102.43
Plot  Area,Ready To Move,Whitefield,2 BHK,1135.0,2,2,82.23
Carpet  Area,Ready To Move,Electronic City,2 BHK,1350.0,2,1,90.5
Super built-up  Area,Under Construction,HSR Layout,2 BHK,1087.0,3,1,105.86
Super built-up  Area,Under Construction,Yelahanka,3 BHK,1271.0,4,1,66.92
Super built-up  Area,Under Construction,Electronic City,1 BHK,389.0,2,2,24.9
Super built-up  Area,Ready To Move,Bellandur,1 BHK,760.0,1,1,54.44
Super built-up  Area,Under Construction,Sarjapur Road,2 BHK,1458.0,2,1,119.75
Built-up  Area,Ready To Move,Sarjapur Road,3 BHK,2209.0,3,1,174.2
Super built-up  Area,Ready To Move,Bellandur,3 BHK,2133.0,3,1,168.12
Carpet  Area,Ready To Move,Hebbal,3 BHK,1632.0,3,1,186.83
Built-up  Area,Under Construction,Yelahanka,2 BHK,1284.0,3,1,83.79
Super built-up  Area,Ready To Move,Electronic City,1 BHK,373.0,1,3,20.74
Super built-up  Area,Ready To Move,Yelahanka,3 BHK,2142.0,4,0,131.88
Super built-up  Area,Under Construction,Whitefield,1 BHK,456.0,2,1,31.8
Super built-up  Area,Ready To Move,Electronic City,2 BHK,1467.0,3,1,78.25
Super built-up  Area,Ready To Move,Bellandur,2 BHK,1430.0,2,1,114.28
Super built-up  Area,Ready To Move,Jayanagar,2 BHK,1204.0,2,2,190.44
Built-up  Area,Ready To Move,Electronic City,2 BHK,883.0,2,0,50.72
Super built-up  Area,Ready To Move,Sarjapur Road,3 BHK,1718.0,3,3,125.27
Built-up  Area,Under Construction,HSR Layout,2 BHK,1260.0,2,2,138.72
Built-up  Area,Ready To Move,Electronic City,3 BHK,1794.0,3,2,101.15
Super built-up  Area,Under Construction,Yelahanka,3 BHK,1407.0,3,1,87.04
Super built-up  Area,Under Construction,Thanisandra,2 BHK,1407.0,3,3,94.79
Built-up  Area,Ready To Move,Whitefield,1 BHK,661.0,2,3,56.29
Carpet  Area,Under Construction,Hebbal,2 BHK,1032.0,2,1,98.55
Super built-up  Area,Ready To Move,Thanisandra,3 BHK,2407.0,3,1,144.6
Super built-up  Area,Ready To Move,Sarjapur Road,2 BHK,1281.0,3,1,85.7
Super built-up  Area,Under Construction,Koramangala,3 BHK,1353.0,4,1,182.47
Super built-up  Area,Ready To Move,Whitefield,3 BHK,2173.0,3,2,140.83
Super built-up  Area,Ready To Move,Koramangala,5 BHK,3289.0,5,3,514.22
Super built-up  Area,Ready To Move,Electronic City,3 BHK,1931.0,4,2,103.46
Built-up  Area,Ready To Move,Yelahanka,2 BHK,1400.0,2,1,99.01
Super built-up  Area,Under Construction,Sarjapur Road,2 BHK,1351.0,2,2,98.22
Super built-up  Area,Under Construction,Electronic City,1 BHK,803.0,2,2,43.04
Super built-up  Area,Ready To Move,Jayanagar,1 BHK,646.0,1,1,85.23
Plot  Area,Ready To Move,Whitefield,3 BHK,2121.0,4,1,167.17
Super built-up  Area,Ready To Move,Sarjapur Road,3 BHK,1250.0,3,2,85.02
Carpet  Area,Ready To Move,Sarjapur Road,4 BHK,2276.0,4,2,179.13
Super built-up  Area,Ready To Move,Electronic City,2 BHK,1552.0,2,1,79.57
Super built-up  Area,Ready To Move,Rajaji Nagar,2 BHK,930.0,2,2,128.06
Super built-up  Area,Ready To Move,Thanisandra,2 BHK,1375.0,2,1,83.96
Built-up  Area,Ready To Move,Whitefield,2 BHK,1329.0,2,2,94.12
Super built-up  Area,Under Construction,Thanisandra,2 BHK,1310.0,3,1,80.53
Super built-up  Area,Ready To Move,HSR Layout,3 BHK,2112.0,3,1,198.25
Built-up  Area,Ready To Move,Rajaji Nagar,3 BHK,1567.0,4,3,202.34
Built-up  Area,Ready To Move,Sarjapur Road,3 BHK,1562.0,3,3,137.07
Super built-up  Area,Under Construction,Indiranagar,2 BHK,982.0,2,2,145.19
Built-up  Area,Under Construction,HSR Layout,2 BHK,1236.0,2,0,134.92
Super built-up  Area,Under Construction,HSR Layout,3 BHK,2193.0,3,1,176.55
Super built-up  Area,Ready To Move,Hebbal,2 BHK,984.0,3,2,100.87
Super built-up  Area,Ready To Move,Electronic City,3 BHK,1593.0,3,0,82.96
Super built-up  Area,Ready To Move,Thanisandra,1 BHK,730.0,2,2,62.44
Super built-up  Area,Ready To Move,Hebbal,3 BHK,1201.0,4,1,114.87
Super built-up  Area,Under Construction,Marathahalli,3 BHK,2087.0,3,1,106.59
Super built-up  Area,Ready To Move,Electronic City,2 BHK,1238.0,2,2,69.34
Super built-up  Area,Ready To Move,Bellandur,3 BHK,1484.0,3,2,136.23
Super built-up  Area,Ready To Move,Marathahalli,2 BHK,1336.0,2,2,98.72
Super built-up  Area,Ready To Move,Bellandur,2 BHK,1159.0,2,1,104.24
Super built-up  Area,Under Construction,Jayanagar,3 BHK,2000.0,4,0,279.61
Super built-up  Area,Ready To Move,Yelahanka,3 BHK,1915.0,3,2,128.97
Plot  Area,Ready To Move,Sarjapur Road,5 BHK,3406.0,5,2,293.64
Super built-up  Area,Ready To Move,Koramangala,2 BHK,1203.0,2,2,160.77
Super built-up  Area,Ready To Move,Electronic City,2 BHK,1338.0,2,1,70.12
Super built-up  Area,Under Construction,HSR Layout,3 BHK,1577.0,4,2,148.77
Built-up  Area,Under Construction,Electronic City,2 BHK,1083.0,2,0,50.8
Super built-up  Area,Ready To Move,Thanisandra,3 BHK,2124.0,4,1,137.62
Super built-up  Area,Under Construction,HSR Layout,2 BHK,1537.0,2,2,124.53
Super built-up  Area,Ready To Move,Hebbal,3 BHK,2062.0,3,1,199.44
Carpet  Area,Ready To Move,Electronic City,3 BHK,1585.0,4,1,104.79
Super built-up  Area,Under Construction,Other,3 BHK,1312.0,3,1,66.71
Super built-up  Area,Ready To Move,Whitefield,3 BHK,1953.0,4,3,166.66
Super built-up  Area,Ready To Move,Whitefield,2 BHK,1406.0,2,2,104.51
Super built-up  Area,Ready To Move,Electronic City,2 BHK,975.0,2,2,55.43
Super built-up  Area,Ready To Move,Other,2 BHK,1360.0,3,2,77.63
Built-up  Area,Under Construction,Other,2 BHK,898.0,2,1,51.81
Super built-up  Area,Ready To Move,Bellandur,2 BHK,1032.0,2,0,83.8
Super built-up  Area,Ready To Move,Rajaji Nagar,4 BHK,3019.0,4,1,326.1
Super built-up  Area,Ready To Move,Electronic City,2 BHK,1218.0,2,1,59.56
Super built-up  Area,Ready To Move,Other,3 BHK,1402.0,4,2,73.1
Super built-up  Area,Ready To Move,Whitefield,4 BHK,2102.0,4,1,146.38
Super built-up  Area,Under Construction,Whitefield,1 BHK,816.0,1,2,60.61
Built-up  Area,Under Construction,Whitefield,2 BHK,1015.0,3,1,83.75
Super built-up  Area,Ready To Move,Indiranagar,2 BHK,1290.0,2,2,181.49
Super built-up  Area,Ready To Move,Yelahanka,3 BHK,1374.0,3,1,65.75
Plot  Area,Ready To Move,Sarjapur Road,1 BHK,630.0,1,0,50.23
Super built-up  Area,Ready To Move,Other,3 BHK,2008.0,4,3,103.09
Plot  Area,Ready To Move,Hebbal,1 BHK,722.0,2,0,83.4
Super built-up  Area,Ready To Move,Electronic City,2 BHK,1021.0,3,1,50.07
Super built-up  Area,Ready To Move,Hebbal,2 BHK,1223.0,3,2,128.2
Super built-up  Area,Ready To Move,Bellandur,2 BHK,1427.0,3,2,120.33
Super built-up  Area,Under Construction,Yelahanka,3 BHK,2092.0,3,2,124.99
Super built-up  Area,Under Construction,Hebbal,4 BHK,2216.0,5,3,184.31
Built-up  Area,Under Construction,Indiranagar,3 BHK,1388.0,4,2,212.84
Carpet  Area,Ready To Move,Electronic City,1 BHK,442.0,1,2,30.73
Super built-up  Area,Ready To Move,Koramangala,3 BHK,1461.0,4,3,216.41
Plot  Area,Ready To Move,Other,2 BHK,1086.0,3,1,72.13
Super built-up  Area,Ready To Move,Whitefield,2 BHK,1025.0,2,1,65.23
Plot  Area,Ready To Move,Rajaji Nagar,2 BHK,1069.0,2,2,131.94
Super built-up  Area,Ready To Move,Indiranagar,2 BHK,1296.0,2,1,191.76
Built-up  Area,Ready To Move,Electronic City,2 BHK,1209.0,3,0,66.45
Super built-up  Area,Ready To Move,Marathahalli,1 BHK,580.0,1,1,38.44
Plot  Area,Ready To Move,HSR Layout,4 BHK,2411.0,5,1,260.59
Built-up  Area,Ready To Move,Sarjapur Road,3 BHK,1750.0,3,2,147.84
Super built-up  Area,Ready To Move,Electronic City,2 BHK,1206.0,3,2,61.91
Super built-up  Area,Under Construction,Electronic City,3 BHK,1900.0,3,1,94.17
Built-up  Area,Ready To Move,Yelahanka,4 BHK,1796.0,5,1,124.93
Super built-up  Area,Ready To Move,Koramangala,3 BHK,2115.0,4,2,326.51
Super built-up  Area,Ready To Move,Rajaji Nagar,3 BHK,1866.0,3,0,229.95
Super built-up  Area,Ready To Move,Electronic City,2 BHK,1611.0,2,1,92.44
Built-up  Area,Under Construction,Whitefield,2 BHK,1171.0,2,0,77.43
Super built-up  Area,Ready To Move,Whitefield,2 BHK,1126.0,2,2,80.75
Super built-up  Area,Ready To Move,HSR Layout,4 BHK,2089.0,5,2,211.0
Plot  Area,Ready To Move,Other,3 BHK,1468.0,3,1,94.38
Super built-up  Area,Ready To Move,Bellandur,2 BHK,1344.0,2,2,105.07
Super built-up  Area,Under Construction,Sarjapur Road,3 BHK,1963.0,4,1,135.64
Super built-up  Area,Under Construction,Jayanagar,2 BHK,1005.0,2,2,117.5
Plot  Area,Ready To Move,Yelahanka,3 BHK,1776.0,3,0,139.36
Super built-up  Area,Under Construction,Whitefield,1 BHK,627.0,2,2,33.88
Super built-up  Area,Ready To Move,Yelahanka,3 BHK,1326.0,3,0,86.53
Plot  Area,Ready To Move,Sarjapur Road,2 BHK,1330.0,2,1,98.81
Super built-up  Area,Ready To Move,Whitefield,2 BHK,1235.0,3,2,94.41
Built-up  Area,Under Construction,Electronic City,3 BHK,1916.0,3,2,99.02
Super built-up  Area,Ready To Move,Hebbal,2 BHK,1485.0,3,1,147.69
Built-up  Area,Under Construction,Hebbal,3 BHK,1711.0,4,1,171.31
Super built-up  Area,Ready To Move,Electronic City,2 BHK,1573.0,3,1,88.77
Built-up  Area,Ready To Move,Electronic City,5 BHK,3726.0,5,1,214.8
Super built-up  Area,Under Construction,Thanisandra,3 BHK,2332.0,4,2,142.74
Super built-up  Area,Ready To Move,Other,2 BHK,775.0,3,2,46.49
Plot  Area,Ready To Move,Thanisandra,3 BHK,1706.0,4,1,111.59
Super built-up  Area,Ready To Move,Sarjapur Road,2 BHK,988.0,2,2,75.1
Built-up  Area,Under Construction,Electronic City,3 BHK,1429.0,3,2,71.73
Super built-up  Area,Ready To Move,Electronic City,1 BHK,757.0,1,2,42.69
Super built-up  Area,Ready To Move,Whitefield,2 BHK,1255.0,2,1,86.33
Built-up  Area,Ready To Move,Indiranagar,4 BHK,2329.0,4,2,376.09
Super built-up  Area,Under Construction,Koramangala,2 BHK,1299.0,3,1,169.25
Plot  Area,Ready To Move,Bellandur,2 BHK,1125.0,2,1,115.9
Super built-up  Area,Ready To Move,Bellandur,1 BHK,448.0,2,1,36.77
Super built-up  Area,Under Construction,Sarjapur Road,3 BHK,1905.0,3,1,120.28
Built-up  Area,Ready To Move,Sarjapur Road,2 BHK,879.0,2,3,76.67
Super built-up  Area,Ready To Move,Bellandur,2 BHK,1153.0,3,2,82.36
Super built-up  Area,Ready To Move,Sarjapur Road,2 BHK,1283.0,3,2,74.11
Built-up  Area,Ready To Move,Electronic City,2 BHK,1091.0,2,1,64.13
Super built-up  Area,Ready To Move,Sarjapur Road,4 BHK,1858.0,5,2,136.98
Super built-up  Area,Under Construction,Electronic City,3 BHK,1775.0,3,0,79.64
Built-up  Area,Ready To Move,Whitefield,3 BHK,1620.0,4,1,127.17
Built-up  Area,Ready To Move,Yelahanka,1 BHK,784.0,2,1,52.82
Super built-up  Area,Ready To Move,Jayanagar,2 BHK,1265.0,3,2,169.01
Super built-up  Area,Ready To Move,Electronic City,3 BHK,2043.0,3,2,111.94
Built-up  Area,Ready To Move,Whitefield,4 BHK,1967.0,5,2,146.27
Super built-up  Area,Under Construction,Thanisandra,3 BHK,1411.0,3,1,85.03
Super built-up  Area,Ready To Move,Electronic City,2 BHK,1114.0,2,1,64.97
Carpet  Area,Ready To Move,Sarjapur Road,3 BHK,1641.0,3,1,160.98
Super built-up  Area,Ready To Move,Whitefield,2 BHK,1333.0,2,1,85.67
Super built-up  Area,Ready To Move,Electronic City,3 BHK,1329.0,4,1,73.17
Plot  Area,Ready To Move,Yelahanka,4 BHK,2011.0,4,1,165.64
Built-up  Area,Ready To Move,Yelahanka,4 BHK,2195.0,5,1,149.13
Plot  Area,Under Construction,Electronic City,2 BHK,1399.0,3,1,74.0
Super built-up  Area,Ready To Move,Sarjapur Road,2 BHK,818.0,3,2,51.75
Super built-up  Area,Ready To Move,Whitefield,2 BHK,1375.0,3,3,107.15
Plot  Area,Ready To Move,Whitefield,2 BHK,1524.0,3,2,122.52
Super built-up  Area,Ready To Move,Other,2 BHK,1409.0,2,1,77.26
Built-up  Area,Under Construction,Bellandur,3 BHK,2105.0,3,2,193.02
Super built-up  Area,Ready To Move,HSR Layout,2 BHK,1369.0,2,1,123.11
Built-up  Area,Ready To Move,Thanisandra,2 BHK,1097.0,3,2,78.02
Super built-up  Area,Ready To Move,Jayanagar,1 BHK,438.0,1,2,70.01
Super built-up  Area,Ready To Move,Yelahanka,4 BHK,2499.0,5,1,162.46
Super built-up  Area,Ready To Move,Whitefield,3 BHK,2058.0,3,0,130.95
Built-up  Area,Ready To Move,Electronic City,3 BHK,1569.0,3,1,92.05
Super built-up  Area,Ready To Move,Bellandur,1 BHK,446.0,2,1,36.71
Super built-up  Area,Ready To Move,Sarjapur Road,3 BHK,1993.0,3,2,148.33
Super built-up  Area,Under Construction,Other,2 BHK,1490.0,3,3,71.02
Super built-up  Area,Ready To Move,Bellandur,3 BHK,2231.0,3,2,156.36
Built-up  Area,Ready To Move,Marathahalli,3 BHK,1776.0,4,2,114.62
Super built-up  Area,Ready To Move,Electronic City,3 BHK,1434.0,3,3,73.69
Super built-up  Area,Under Construction,Jayanagar,2 BHK,1617.0,2,1,214.19
Super built-up  Area,Ready To Move,Sarjapur Road,1 BHK,525.0,2,1,37.04
Built-up  Area,Ready To Move,Other,3 BHK,2021.0,3,1,99.83
Plot  Area,Ready To Move,Electronic City,3 BHK,1362.0,4,0,86.1
Super built-up  Area,Ready To Move,HSR Layout,2 BHK,1312.0,3,2,126.91
Super built-up  Area,Ready To Move,Yelahanka,1 BHK,700.0,2,1,47.5
Super built-up  Area,Ready To Move,Hebbal,2 BHK,1519.0,3,2,144.31
Built-up  Area,Ready To Move,Hebbal,2 BHK,1139.0,3,1,115.92
Super built-up  Area,Ready To Move,Other,3 BHK,1656.0,4,0,89.09
Built-up  Area,Under Construction,Hebbal,3 BHK,1451.0,3,2,116.72
Super built-up  Area,Ready To Move,Koramangala,1 BHK,650.0,1,3,93.52
Built-up  Area,Ready To Move,Whitefield,3 BHK,1477.0,4,2,104.29
Super built-up  Area,Ready To Move,Jayanagar,2 BHK,1176.0,3,2,177.11
Plot  Area,Under Construction,Koramangala,1 BHK,657.0,1,3,96.22
Super built-up  Area,Ready To Move,Hebbal,2 BHK,1230.0,2,3,106.63
Super built-up  Area,Ready To Move,Whitefield,1 BHK,524.0,1,3,33.36
Built-up  Area,Ready To Move,Indiranagar,3 BHK,1488.0,3,1,219.99
Super built-up  Area,Ready To Move,Whitefield,2 BHK,1141.0,2,1,77.08
Super built-up  Area,Ready To Move,Whitefield,2 BHK,1108.0,2,1,80.53
Carpet  Area,Under Construction,Koramangala,2 BHK,1162.0,3,1,184.14
Super built-up  Area,Ready To Move,Electronic City,4 BHK,3002.0,4,2,136.61
Super built-up  Area,Ready To Move,Electronic City,3 BHK,1715.0,3,2,84.36
Super built-up  Area,Ready To Move,Bellandur,3 BHK,1447.0,3,0,116.6
Super built-up  Area,Under Construction,Whitefield,2 BHK,1203.0,2,1,94.55
Built-up  Area,Under Construction,Sarjapur Road,2 BHK,872.0,2,2,64.48
Super built-up  Area,Ready To Move,Whitefield,2 BHK,1294.0,2,1,93.28
Super built-up  Area,Ready To Move,Indiranagar,2 BHK,889.0,2,1,139.34
Super built-up  Area,Ready To Move,Bellandur,2 BHK,1161.0,3,1,103.72
Super built-up  Area,Ready To Move,Thanisandra,1 BHK,705.0,1,1,46.3
Plot  Area,Ready To Move,Electronic City,2 BHK,847.0,2,2,47.34
Plot  Area,Under Construction,Whitefield,3 BHK,1584.0,3,0,115.03
Super built-up  Area,Ready To Move,Whitefield,3 BHK,2169.0,4,2,147.74
Super built-up  Area,Ready To Move,Hebbal,3 BHK,1743.0,3,1,156.88
Plot  Area,Under Construction,Marathahalli,2 BHK,1152.0,3,2,79.52
Super built-up  Area,Ready To Move,Electronic City,2 BHK,1215.0,3,1,63.15
Super built-up  Area,Ready To Move,Electronic City,2 BHK,851.0,3,0,46.18
Super built-up  Area,Ready To Move,Whitefield,4 BHK,2129.0,5,2,160.79
Super built-up  Area,Ready To Move,Koramangala,1 BHK,668.0,1,0,88.94
Built-up  Area,Under Construction,Bellandur,2 BHK,1001.0,2,1,85.08
Super built-up  Area,Under Construction,Koramangala,2 BHK,919.0,2,2,107.74
Carpet  Area,Ready To Move,Jayanagar,1 BHK,628.0,2,2,112.01
Super built-up  Area,Under Construction,HSR Layout,2 BHK,1275.0,2,2,113.77
Super built-up  Area,Ready To Move,Whitefield,3 BHK,1602.0,3,3,103.87
Carpet  Area,Ready To Move,Electronic City,2 BHK,1229.0,2,0,84.19
Built-up  Area,Ready To Move,Bellandur,1 BHK,626.0,2,2,63.31
Built-up  Area,Ready To Move,Koramangala,2 BHK,977.0,3,2,149.61
Super built-up  Area,Ready To Move,HSR Layout,2 BHK,1190.0,3,2,118.04
Built-up  Area,Ready To Move,Bellandur,2 BHK,1436.0,2,3,124.82
Super built-up  Area,Ready To Move,Koramangala,2 BHK,1162.0,2,2,170.65
Super built-up  Area,Ready To Move,Rajaji Nagar,3 BHK,1735.0,3,2,195.81
Super built-up  Area,Under Construction,Indiranagar,1 BHK,674.0,2,3,100.19
Super built-up  Area,Under Construction,Thanisandra,2 BHK,947.0,2,2,65.74
Built-up  Area,Under Construction,Electronic City,2 BHK,1193.0,2,2,59.75
Built-up  Area,Ready To Move,Bellandur,3 BHK,2165.0,3,1,178.8
Super built-up  Area,Ready To Move,Rajaji Nagar,3 BHK,1722.0,3,1,200.87
Super built-up  Area,Ready To Move,Sarjapur Road,3 BHK,2139.0,3,1,149.82
Built-up  Area,Ready To Move,Thanisandra,3 BHK,1633.0,3,2,120.43
Super built-up  Area,Ready To Move,Thanisandra,2 BHK,1004.0,2,2,63.12
Super built-up  Area,Ready To Move,Whitefield,3 BHK,1911.0,3,3,123.5
Super built-up  Area,Ready To Move,Indiranagar,2 BHK,958.0,2,1,118.95
Super built-up  Area,Under Construction,Whitefield,1 BHK,505.0,1,1,31.63
Carpet  Area,Ready To Move,Marathahalli,3 BHK,1542.0,3,2,118.22
Super built-up  Area,Ready To Move,Yelahanka,3 BHK,2132.0,3,2,128.57
Super built-up  Area,Ready To Move,Whitefield,2 BHK,1525.0,3,1,108.52
Built-up  Area,Ready To Move,Whitefield,4 BHK,1919.0,5,2,152.61
Super built-up  Area,Ready To Move,Indiranagar,2 BHK,818.0,3,1,132.57
Plot  Area,Ready To Move,Sarjapur Road,2 BHK,1177.0,2,1,106.85
Super built-up  Area,Under Construction,Whitefield,2 BHK,1351.0,2,1,85.09
Plot  Area,Ready To Move,HSR Layout,2 BHK,941.0,3,3,95.11
Super built-up  Area,Ready To Move,Sarjapur Road,4 BHK,2639.0,5,3,176.18
Super built-up  Area,Ready To Move,Whitefield,3 BHK,1665.0,4,3,117.32
Super built-up  Area,Ready To Move,Yelahanka,2 BHK,1298.0,2,1,87.74
Super built-up  Area,Ready To Move,Rajaji Nagar,3 BHK,1481.0,3,0,216.02
Built-up  Area,Ready To Move,Thanisandra,3 BHK,1948.0,3,2,117.57
Super built-up  Area,Ready To Move,Yelahanka,3 BHK,2057.0,4,1,128.58
Super built-up  Area,Ready To Move,Electronic City,1 BHK,569.0,1,1,25.85
Super built-up  Area,Ready To Move,Electronic City,3 BHK,1898.0,4,3,91.74
Built-up  Area,Ready To Move,Electronic City,2 BHK,1370.0,3,1,84.14
Built-up  Area,Ready To Move,Thanisandra,4 BHK,2943.0,4,2,224.08
Super built-up  Area,Ready To Move,Marathahalli,3 BHK,1837.0,3,2,119.33
Super built-up  Area,Ready To Move,Thanisandra,2 BHK,980.0,2,1,67.05
Super built-up  Area,Ready To Move,Rajaji Nagar,2 BHK,1405.0,2,1,169.58
Super built-up  Area,Ready To Move,Koramangala,2 BHK,1111.0,2,3,179.85
Super built-up  Area,Ready To Move,Sarjapur Road,3 BHK,1640.0,3,1,126.3
Super built-up  Area,Ready To Move,Hebbal,2 BHK,1114.0,2,1,107.52
Carpet  Area,Ready To Move,Whitefield,3 BHK,1705.0,3,2,136.3
Plot  Area,Ready To Move,Whitefield,3 BHK,1476.0,4,2,127.88
Super built-up  Area,Ready To Move,Bellandur,2 BHK,980.0,2,2,79.96
Super built-up  Area,Ready To Move,Hebbal,3 BHK,2168.0,3,0,183.19
Carpet  Area,Ready To Move,Indiranagar,1 BHK,538.0,2,1,93.17
Super built-up  Area,Ready To Move,Indiranagar,1 BHK,486.0,2,1,59.78
Super built-up  Area,Ready To Move,Electronic City,1 BHK,761.0,2,1,36.56
Plot  Area,Ready To Move,Hebbal,3 BHK,2289.0,3,2,258.89
Super built-up  Area,Ready To Move,Hebbal,4 BHK,2612.0,4,1,255.74
Super built-up  Area,Under Construction,Sarjapur Road,3 BHK,1474.0,3,0,92.45
Super built-up  Area,Ready To Move,Yelahanka,2 BHK,1052.0,3,2,71.61
Super built-up  Area,Ready To Move,Hebbal,1 BHK,431.0,1,0,39.28
Super built-up  Area,Ready To Move,Koramangala,3 BHK,1614.0,4,3,210.09
Super built-up  Area,Ready To Move,Rajaji Nagar,1 BHK,495.0,2,2,66.19
Super built-up  Area,Ready To Move,Jayanagar,3 BHK,1687.0,4,2,215.86
Carpet  Area,Ready To Move,Rajaji Nagar,2 BHK,1440.0,2,1,206.02
Super built-up  Area,Ready To Move,Electronic City,2 BHK,953.0,2,1,45.95
Super built-up  Area,Ready To Move,Whitefield,2 BHK,911.0,3,3,62.08
Super built-up  Area,Ready To Move,Electronic City,3 BHK,2064.0,3,2,98.93
Super built-up  Area,Ready To Move,Electronic City,2 BHK,1133.0,2,1,64.68
Built-up  Area,Ready To Move,Rajaji Nagar,2 BHK,1186.0,2,1,159.83
Super built-up  Area,Ready To Move,Koramangala,2 BHK,1210.0,2,3,153.32
Super built-up  Area,Ready To Move,Whitefield,2 BHK,1203.0,2,0,88.69
Super built-up  Area,Ready To Move,Whitefield,4 BHK,2095.0,5,2,163.49
Super built-up  Area,Ready To Move,Electronic City,2 BHK,1330.0,3,1,64.17
Super built-up  Area,Ready To Move,Koramangala,1 BHK,351.0,2,1,50.03
Super built-up  Area,Under Construction,Thanisandra,2 BHK,1207.0,2,1,80.03
Super built-up  Area,Under Construction,Jayanagar,2 BHK,1369.0,2,2,185.42
Carpet  Area,Under Construction,Marathahalli,2 BHK,859.0,2,1,62.67
Built-up  Area,Ready To Move,Electronic City,2 BHK,1103.0,2,3,59.65
Built-up  Area,Under Construction,Sarjapur Road,3 BHK,2044.0,3,2,141.03
Plot  Area,Ready To Move,Electronic City,2 BHK,1257.0,3,1,68.59
Built-up  Area,Ready To Move,Sarjapur Road,3 BHK,1838.0,3,1,161.5
Plot  Area,Ready To Move,Rajaji Nagar,4 BHK,2605.0,5,2,340.4
Super built-up  Area,Ready To Move,Indiranagar,4 BHK,2153.0,5,1,348.19
Super built-up  Area,Ready To Move,Thanisandra,2 BHK,1017.0,2,2,62.73
Built-up  Area,Ready To Move,HSR Layout,5 BHK,3190.0,6,1,392.18
Super built-up  Area,Ready To Move,Whitefield,3 BHK,2265.0,3,1,131.95
Super built-up  Area,Ready To Move,Whitefield,2 BHK,1334.0,2,1,87.11
Super built-up  Area,Under Construction,HSR Layout,3 BHK,2004.0,3,2,176.26
Super built-up  Area,Ready To Move,Thanisandra,2 BHK,1036.0,3,1,65.94
Super built-up  Area,Ready To Move,Electronic City,2 BHK,987.0,2,1,49.85
Super built-up  Area,Ready To Move,Thanisandra,3 BHK,1724.0,3,0,95.32
Super built-up  Area,Ready To Move,Yelahanka,3 BHK,1885.0,3,1,114.73
Plot  Area,Under Construction,Hebbal,3 BHK,1600.0,3,0,159.13
Built-up  Area,Under Construction,Thanisandra,3 BHK,1534.0,3,3,93.98
Built-up  Area,Ready To Move,Hebbal,2 BHK,1213.0,2,0,132.04
Plot  Area,Ready To Move,Bellandur,2 BHK,1493.0,3,1,154.94
Super built-up  Area,Under Construction,Thanisandra,3 BHK,1535.0,4,2,95.15
Super built-up  Area,Under Construction,Other,2 BHK,1349.0,2,1,68.33
Super built-up  Area,Ready To Move,Sarjapur Road,1 BHK,560.0,1,1,40.73
Plot  Area,Ready To Move,Hebbal,2 BHK,1057.0,3,2,105.83
Super built-up  Area,Ready To Move,Electronic City,2 BHK,1004.0,2,2,46.64
Built-up  Area,Ready To Move,Electronic City,2 BHK,911.0,2,1,48.79
Super built-up  Area,Under Construction,Bellandur,1 BHK,722.0,1,2,51.83
Plot  Area,Under Construction,Rajaji Nagar,2 BHK,1142.0,2,2,158.75
Super built-up  Area,Ready To Move,Sarjapur Road,2 BHK,1106.0,2,2,82.76
Built-up  Area,Ready To Move,Electronic City,2 BHK,1289.0,3,3,64.81
Super built-up  Area,Ready To Move,Electronic City,2 BHK,1407.0,2,1,68.41
Super built-up  Area,Ready To Move,Hebbal,3 BHK,1940.0,4,1,161.33
Super built-up  Area,Ready To Move,Sarjapur Road,3 BHK,1883.0,4,2,153.61
Carpet  Area,Ready To Move,Electronic City,2 BHK,999.0,3,1,77.94
Super built-up  Area,Ready To Move,Thanisandra,3 BHK,1530.0,4,2,102.92
Plot  Area,Under Construction,Whitefield,2 BHK,1334.0,2,2,100.24
Built-up  Area,Under Construction,HSR Layout,2 BHK,1174.0,3,2,114.89
Built-up  Area,Ready To Move,Yelahanka,2 BHK,1069.0,2,1,69.88
Super built-up  Area,Ready To Move,Electronic City,3 BHK,1954.0,3,3,99.1
Super built-up  Area,Ready To Move,Koramangala,2 BHK,1237.0,2,2,170.74
Super built-up  Area,Ready To Move,Bellandur,2 BHK,1185.0,2,1,85.15
Carpet  Area,Ready To Move,Bellandur,3 BHK,1499.0,3,3,137.96
Carpet  Area,Ready To Move,Hebbal,3 BHK,2187.0,3,1,224.74
Built-up  Area,Under Construction,Sarjapur Road,2 BHK,1253.0,3,1,89.02
Super built-up  Area,Ready To Move,Yelahanka,3 BHK,1563.0,3,2,90.7
Super built-up  Area,Ready To Move,Thanisandra,2 BHK,950.0,3,1,69.49
Carpet  Area,Ready To Move,Sarjapur Road,3 BHK,1437.0,3,0,128.97
Super built-up  Area,Ready To Move,Whitefield,2 BHK,1375.0,3,2,83.96
Built-up  Area,Ready To Move,Whitefield,2 BHK,1088.0,2,1,81.61
Super built-up  Area,Ready To Move,Whitefield,3 BHK,1662.0,3,1,107.85
Super built-up  Area,Ready To Move,Indiranagar,3 BHK,1888.0,3,2,247.09
Built-up  Area,Under Construction,Whitefield,4 BHK,2732.0,4,0,216.11
Super built-up  Area,Ready To Move,Sarjapur Road,2 BHK,1252.0,3,1,76.22
Super built-up  Area,Ready To Move,Thanisandra,3 BHK,1512.0,3,2,112.25
Carpet  Area,Ready To Move,Sarjapur Road,3 BHK,1419.0,4,1,126.19
Built-up  Area,Ready To Move,Thanisandra,1 BHK,546.0,1,2,41.66
Built-up  Area,Ready To Move,Thanisandra,3 BHK,2218.0,3,1,139.28
Built-up  Area,Ready To Move,Electronic City,2 BHK,1429.0,2,1,84.17
Super built-up  Area,Ready To Move,Thanisandra,1 BHK,600.0,1,2,38.8
Super built-up  Area,Ready To Move,Thanisandra,2 BHK,1574.0,3,1,113.04
Super built-up  Area,Ready To Move,Sarjapur Road,2 BHK,943.0,3,1,77.08
Super built-up  Area,Ready To Move,Electronic City,1 BHK,607.0,1,0,29.69
Super built-up  Area,Under Construction,HSR Layout,1 BHK,743.0,2,0,62.19
Built-up  Area,Under Construction,Marathahalli,3 BHK,1911.0,4,2,125.75
Super built-up  Area,Ready To Move,Koramangala,2 BHK,914.0,2,1,129.63
Built-up  Area,Ready To Move,Electronic City,3 BHK,1551.0,3,3,87.67
Super built-up  Area,Under Construction,Bellandur,2 BHK,920.0,2,3,63.23
Super built-up  Area,Under Construction,Hebbal,2 BHK,1548.0,2,1,149.68
Super built-up  Area,Ready To Move,Indiranagar,1 BHK,680.0,2,1,104.36
Built-up  Area,Ready To Move,Thanisandra,2 BHK,1409.0,3,1,116.52
Super built-up  Area,Ready To Move,HSR Layout,2 BHK,1148.0,2,0,105.84
Super built-up  Area,Under Construction,Yelahanka,2 BHK,1284.0,2,0,68.72
Built-up  Area,Under Construction,Thanisandra,2 BHK,878.0,2,2,53.16
Super built-up  Area,Ready To Move,Koramangala,3 BHK,1997.0,4,1,295.21
Super built-up  Area,Ready To Move,Electronic City,1 BHK,532.0,1,0,24.93
Plot  Area,Ready To Move,Yelahanka,2 BHK,1264.0,2,2,91.13
Super built-up  Area,Ready To Move,Marathahalli,2 BHK,1306.0,2,1,99.7
Super built-up  Area,Ready To Move,Whitefield,2 BHK,1321.0,3,3,94.52
Super built-up  Area,Ready To Move,HSR Layout,2 BHK,1338.0,3,2,128.72
Super built-up  Area,Ready To Move,Electronic City,2 BHK,1415.0,3,0,80.85
Super built-up  Area,Under Construction,Thanisandra,2 BHK,932.0,2,2,63.73
Super built-up  Area,Ready To Move,Thanisandra,3 BHK,1626.0,3,1,111.69
Super built-up  Area,Ready To Move,Whitefield,3 BHK,2096.0,4,1,155.52
Super built-up  Area,Under Construction,Jayanagar,2 BHK,1235.0,3,1,136.5
Super built-up  Area,Ready To Move,Electronic City,2 BHK,921.0,2,3,51.65
Super built-up  Area,Ready To Move,Yelahanka,3 BHK,2378.0,3,1,151.41
Super built-up  Area,Ready To Move,Hebbal,3 BHK,2034.0,4,3,206.7
Plot  Area,Under Construction,Sarjapur Road,3 BHK,1608.0,3,1,116.23
Super built-up  Area,Under Construction,Electronic City,1 BHK,814.0,1,2,34.55
Plot  Area,Ready To Move,Electronic City,3 BHK,1780.0,3,1,103.92
Super built-up  Area,Ready To Move,Bellandur,3 BHK,2080.0,4,3,170.43
Super built-up  Area,Under Construction,Indiranagar,3 BHK,1328.0,3,2,194.7
Super built-up  Area,Ready To Move,Whitefield,3 BHK,2121.0,4,0,133.58
Built-up  Area,Ready To Move,Whitefield,3 BHK,1586.0,4,0,124.93
Super built-up  Area,Ready To Move,Whitefield,2 BHK,1144.0,2,1,83.73
Super built-up  Area,Ready To Move,Thanisandra,3 BHK,1638.0,4,2,121.97
Super built-up  Area,Ready To Move,Thanisandra,3 BHK,1432.0,3,1,89.21
Super built-up  Area,Ready To Move,Whitefield,3 BHK,1987.0,3,0,128.17
Super built-up  Area,Ready To Move,Indiranagar,4 BHK,2736.0,4,1,355.12
Super built-up  Area,Under Construction,Whitefield,2 BHK,1259.0,2,0,80.86
Super built-up  Area,Ready To Move,Rajaji Nagar,1 BHK,634.0,2,2,75.18
Built-up  Area,Ready To Move,Rajaji Nagar,1 BHK,611.0,2,1,76.99
Super built-up  Area,Ready To Move,Bellandur,4 BHK,2030.0,5,0,173.37
Super built-up  Area,Ready To Move,Marathahalli,2 BHK,1274.0,2,2,92.48
Super built-up  Area,Under Construction,Yelahanka,2 BHK,954.0,2,1,56.46
Super built-up  Area,Under Construction,Yelahanka,2 BHK,1282.0,3,2,79.08
Super built-up  Area,Under Construction,Indiranagar,2 BHK,1121.0,2,1,145.23
Super built-up  Area,Under Construction,Sarjapur Road,2 BHK,1541.0,2,1,112.04
Super built-up  Area,Under Construction,Electronic City,3 BHK,1614.0,3,1,78.35
Super built-up  Area,Ready To Move,Sarjapur Road,2 BHK,1052.0,2,2,72.37
Super built-up  Area,Ready To Move,Koramangala,3 BHK,1955.0,3,0,273.63
Super built-up  Area,Ready To Move,Electronic City,3 BHK,2125.0,4,3,108.3
Super built-up  Area,Ready To Move,Electronic City,2 BHK,1049.0,3,1,51.56
Super built-up  Area,Ready To Move,Hebbal,2 BHK,1337.0,2,2,119.55
Super built-up  Area,Ready To Move,Electronic City,3 BHK,1499.0,4,2,62.72
Super built-up  Area,Ready To Move,Indiranagar,2 BHK,1049.0,2,2,159.4
Carpet  Area,Ready To Move,Marathahalli,2 BHK,934.0,3,2,86.42
Super built-up  Area,Ready To Move,Thanisandra,3 BHK,1489.0,3,2,96.93
Super built-up  Area,Ready To Move,Bellandur,4 BHK,2843.0,4,2,256.58
Built-up  Area,Under Construction,Indiranagar,2 BHK,1038.0,3,1,145.16
Super built-up  Area,Ready To Move,HSR Layout,3 BHK,2069.0,4,2,205.55
Plot  Area,Under Construction,Electronic City,2 BHK,1460.0,3,2,86.89
Plot  Area,Under Construction,Rajaji Nagar,2 BHK,932.0,2,1,109.7
Built-up  Area,Ready To Move,Electronic City,2 BHK,1226.0,3,2,62.72
Carpet  Area,Ready To Move,Whitefield,2 BHK,1058.0,2,0,86.24
Super built-up  Area,Ready To Move,Thanisandra,1 BHK,720.0,2,2,48.56
Super built-up  Area,Ready To Move,Electronic City,2 BHK,1040.0,2,3,53.78
Plot  Area,Ready To Move,Sarjapur Road,2 BHK,794.0,2,2,71.79
Super built-up  Area,Ready To Move,Whitefield,3 BHK,1832.0,3,2,113.93
Carpet  Area,Ready To Move,Whitefield,5 BHK,3113.0,6,0,244.24
Super built-up  Area,Ready To Move,Electronic City,2 BHK,1401.0,2,1,69.95
Super built-up  Area,Under Construction,Whitefield,2 BHK,1458.0,2,1,95.98
Carpet  Area,Ready To Move,Bellandur,2 BHK,1227.0,3,2,145.66
Super built-up  Area,Ready To Move,Yelahanka,3 BHK,2105.0,4,1,144.89
Built-up  Area,Ready To Move,Sarjapur Road,3 BHK,1748.0,3,2,133.25
Super built-up  Area,Ready To Move,Jayanagar,2 BHK,1029.0,2,1,139.4
Built-up  Area,Ready To Move,Electronic City,2 BHK,1033.0,2,2,62.44
Plot  Area,Ready To Move,Sarjapur Road,3 BHK,2149.0,4,1,177.21
Super built-up  Area,Ready To Move,Electronic City,2 BHK,1099.0,3,2,45.1
Super built-up  Area,Ready To Move,Koramangala,3 BHK,1774.0,4,2,263.53
Super built-up  Area,Ready To Move,Hebbal,4 BHK,2022.0,4,2,209.66
Plot  Area,Under Construction,Koramangala,3 BHK,1717.0,4,3,247.94
Built-up  Area,Ready To Move,Thanisandra,2 BHK,1113.0,2,1,92.36
Super built-up  Area,Ready To Move,HSR Layout,3 BHK,1704.0,4,0,183.93
Super built-up  Area,Ready To Move,Koramangala,2 BHK,1098.0,2,1,167.68
Built-up  Area,Ready To Move,Marathahalli,3 BHK,1798.0,3,3,119.04
Built-up  Area,Ready To Move,Sarjapur Road,3 BHK,1709.0,4,2,135.88
Super built-up  Area,Ready To Move,Sarjapur Road,2 BHK,1381.0,3,2,96.3
Super built-up  Area,Ready To Move,Thanisandra,2 BHK,932.0,2,2,62.99
Built-up  Area,Under Construction,Koramangala,2 BHK,1122.0,2,2,153.91
Super built-up  Area,Ready To Move,Electronic City,1 BHK,786.0,2,1,45.46
Carpet  Area,Ready To Move,Sarjapur Road,3 BHK,1792.0,4,1,160.48
Super built-up  Area,Ready To Move,Hebbal,3 BHK,1350.0,3,0,113.86
Built-up  Area,Ready To Move,Hebbal,2 BHK,854.0,2,2,77.14
Super built-up  Area,Ready To Move,Electronic City,2 BHK,1219.0,2,1,60.35
Plot  Area,Ready To Move,Marathahalli,2 BHK,1430.0,2,2,115.63
Super built-up  Area,Ready To Move,Thanisandra,1 BHK,391.0,1,2,25.22
Super built-up  Area,Ready To Move,HSR Layout,3 BHK,1651.0,3,2,175.55
Super built-up  Area,Ready To Move,Bellandur,2 BHK,1234.0,2,2,95.82
Plot  Area,Ready To Move,Rajaji Nagar,3 BHK,1872.0,3,1,283.32
Super built-up  Area,Under Construction,Whitefield,3 BHK,1469.0,4,2,92.03
Super built-up  Area,Ready To Move,Electronic City,3 BHK,2169.0,3,2,114.86
Super built-up  Area,Ready To Move,HSR Layout,1 BHK,618.0,2,2,66.18
Super built-up  Area,Ready To Move,Yelahanka,3 BHK,1458.0,3,3,86.87
Super built-up  Area,Ready To Move,Whitefield,3 BHK,2233.0,3,1,143.17
Super built-up  Area,Ready To Move,Other,3 BHK,1733.0,3,1,90.7
Super built-up  Area,Ready To Move,Hebbal,2 BHK,1013.0,2,1,95.98
Built-up  Area,Ready To Move,Sarjapur Road,2 BHK,1266.0,3,2,99.24
Built-up  Area,Ready To Move,Sarjapur Road,3 BHK,1703.0,4,3,143.17
Plot  Area,Ready To Move,Electronic City,2 BHK,1043.0,2,1,57.97
Super built-up  Area,Ready To Move,Yelahanka,2 BHK,980.0,2,1,60.04
Built-up  Area,Ready To Move,Marathahalli,2 BHK,1122.0,3,2,83.62
Super built-up  Area,Ready To Move,Hebbal,2 BHK,1280.0,2,2,118.47
Super built-up  Area,Ready To Move,Marathahalli,1 BHK,658.0,1,0,38.73
Super built-up  Area,Under Construction,Yelahanka,2 BHK,1050.0,3,1,65.1
Super built-up  Area,Ready To Move,HSR Layout,1 BHK,623.0,2,1,55.87
Super built-up  Area,Ready To Move,Bellandur,2 BHK,1316.0,3,3,109.55
Super built-up  Area,Ready To Move,Hebbal,3 BHK,1656.0,4,2,174.33
Super built-up  Area,Under Construction,Indiranagar,2 BHK,942.0,3,2,114.75
Super built-up  Area,Ready To Move,Whitefield,3 BHK,1882.0,3,2,111.38
Super built-up  Area,Under Construction,Bellandur,2 BHK,889.0,2,2,66.27
Super built-up  Area,Ready To Move,Whitefield,3 BHK,1951.0,4,1,117.49
Super built-up  Area,Ready To Move,Yelahanka,2 BHK,1312.0,2,1,87.35
Super built-up  Area,Under Construction,Yelahanka,2 BHK,837.0,2,1,48.75
Super built-up  Area,Under Construction,Electronic City,3 BHK,2088.0,3,2,98.3
Super built-up  Area,Ready To Move,Sarjapur Road,2 BHK,1358.0,2,2,84.71
Super built-up  Area,Ready To Move,HSR Layout,2 BHK,786.0,3,2,87.43
Built-up  Area,Ready To Move,Indiranagar,1 BHK,749.0,1,2,136.14
Super built-up  Area,Ready To Move,Electronic City,2 BHK,1364.0,2,2,73.57
Super built-up  Area,Under Construction,Indiranagar,3 BHK,1794.0,3,1,201.53
Built-up  Area,Ready To Move,Sarjapur Road,4 BHK,2164.0,4,2,174.54
Super built-up  Area,Ready To Move,Whitefield,2 BHK,1285.0,3,1,98.84
Super built-up  Area,Ready To Move,Whitefield,2 BHK,1184.0,3,2,76.06
Super built-up  Area,Ready To Move,Whitefield,1 BHK,592.0,1,2,45.51
Super built-up  Area,Ready To Move,Yelahanka,2 BHK,939.0,2,2,59.31
Super built-up  Area,Ready To Move,Marathahalli,2 BHK,1237.0,2,1,72.4
Built-up  Area,Ready To Move,Hebbal,3 BHK,2195.0,3,2,230.93
Super built-up  Area,Under Construction,HSR Layout,1 BHK,418.0,1,1,33.0
Super built-up  Area,Ready To Move,Whitefield,3 BHK,1708.0,3,1,113.67
Super built-up  Area,Ready To Move,Indiranagar,2 BHK,1391.0,3,1,205.94
Built-up  Area,Ready To Move,Whitefield,3 BHK,1886.0,4,3,149.69
Plot  Area,Ready To Move,Koramangala,3 BHK,1862.0,3,2,267.06
Super built-up  Area,Ready To Move,Marathahalli,2 BHK,884.0,3,1,58.02
Super built-up  Area,Under Construction,Electronic City,3 BHK,1497.0,4,2,75.54
Super built-up  Area,Under Construction,Thanisandra,2 BHK,1037.0,2,0,57.1
Super built-up  Area,Under Construction,Whitefield,2 BHK,1347.0,2,3,97.51
Super built-up  Area,Ready To Move,Sarjapur Road,1 BHK,692.0,2,1,49.63
Super built-up  Area,Under Construction,Whitefield,2 BHK,1093.0,2,2,67.49
Carpet  Area,Ready To Move,Sarjapur Road,1 BHK,350.0,1,1,34.13
Super built-up  Area,Ready To Move,Electronic City,2 BHK,1321.0,2,2,67.69
Super built-up  Area,Ready To Move,Sarjapur Road,1 BHK,652.0,2,3,56.64
Super built-up  Area,Ready To Move,Hebbal,2 BHK,1442.0,2,2,139.24
Super built-up  Area,Ready To Move,Sarjapur Road,4 BHK,2501.0,4,1,170.3
Super built-up  Area,Ready To Move,Bellandur,3 BHK,1562.0,3,2,111.34
Built-up  Area,Ready To Move,Rajaji Nagar,2 BHK,1155.0,2,2,145.52
Super built-up  Area,Ready To Move,Hebbal,3 BHK,1915.0,3,1,187.24
Carpet  Area,Ready To Move,Electronic City,3 BHK,1985.0,3,2,104.48
Super built-up  Area,Under Construction,Electronic City,2 BHK,1330.0,2,2,61.62
Super built-up  Area,Under Construction,Jayanagar,2 BHK,1234.0,2,3,151.09
Super built-up  Area,Ready To Move,Indiranagar,3 BHK,1619.0,3,1,234.41
Built-up  Area,Ready To Move,Hebbal,3 BHK,1762.0,4,3,194.84
Super built-up  Area,Ready To Move,Whitefield,3 BHK,1668.0,3,2,112.81
Super built-up  Area,Ready To Move,Hebbal,2 BHK,1138.0,2,1,95.4
Super built-up  Area,Under Construction,Electronic City,3 BHK,2062.0,3,1,91.2
Plot  Area,Ready To Move,Marathahalli,2 BHK,1175.0,3,2,79.37
Super built-up  Area,Under Construction,Rajaji Nagar,3 BHK,2049.0,4,1,230.0
Super built-up  Area,Ready To Move,Whitefield,3 BHK,1815.0,4,1,113.0
Super built-up  Area,Ready To Move,HSR Layout,1 BHK,481.0,2,2,46.58
Super built-up  Area,Under Construction,Electronic City,3 BHK,2178.0,3,0,111.48
Super built-up  Area,Ready To Move,Hebbal,3 BHK,1658.0,3,1,152.42
Super built-up  Area,Ready To Move,Jayanagar,1 BHK,639.0,1,2,99.67
Built-up  Area,Under Construction,HSR Layout,2 BHK,1181.0,2,2,116.4
Super built-up  Area,Ready To Move,Sarjapur Road,3 BHK,1299.0,3,3,90.95
Built-up  Area,Ready To Move,Electronic City,4 BHK,3022.0,4,2,167.73
Built-up  Area,Ready To Move,Yelahanka,3 BHK,1802.0,3,3,134.24
Super built-up  Area,Under Construction,Koramangala,2 BHK,1233.0,3,2,159.36
Super built-up  Area,Ready To Move,Hebbal,2 BHK,872.0,3,2,90.32
Built-up  Area,Under Construction,Electronic City,2 BHK,784.0,3,1,44.09
Super built-up  Area,Ready To Move,Sarjapur Road,3 BHK,1850.0,3,1,133.66
Super built-up  Area,Ready To Move,Marathahalli,3 BHK,2043.0,3,0,118.91
Built-up  Area,Ready To Move,HSR Layout,3 BHK,2071.0,4,1,198.79
Super built-up  Area,Ready To Move,Hebbal,3 BHK,1392.0,3,0,138.23
Built-up  Area,Ready To Move,HSR Layout,1 BHK,596.0,1,2,64.5
Super built-up  Area,Under Construction,Thanisandra,2 BHK,910.0,3,3,50.99
Super built-up  Area,Ready To Move,Sarjapur Road,3 BHK,1995.0,4,1,137.76
Super built-up  Area,Under Construction,Electronic City,3 BHK,1354.0,3,1,63.32
Built-up  Area,Ready To Move,Indiranagar,2 BHK,1186.0,2,2,207.41
Super built-up  Area,Ready To Move,Bellandur,2 BHK,1291.0,2,3,110.44
Super built-up  Area,Ready To Move,Thanisandra,2 BHK,1090.0,2,1,79.94
Built-up  Area,Ready To Move,Rajaji Nagar,2 BHK,1158.0,2,1,148.82
Plot  Area,Ready To Move,Sarjapur Road,2 BHK,1359.0,2,0,112.16
Built-up  Area,Ready To Move,Whitefield,2 BHK,1021.0,3,2,85.6
Super built-up  Area,Under Construction,Marathahalli,3 BHK,2278.0,3,2,133.64
Plot  Area,Ready To Move,Hebbal,2 BHK,1025.0,2,1,124.08
Super built-up  Area,Ready To Move,Koramangala,5 BHK,3403.0,6,2,510.87
Super built-up  Area,Under Construction,Bellandur,2 BHK,1030.0,3,2,87.15
Plot  Area,Under Construction,HSR Layout,2 BHK,1148.0,3,1,134.23
Super built-up  Area,Under Construction,Electronic City,2 BHK,1239.0,2,2,56.71
Super built-up  Area,Under Construction,Thanisandra,2 BHK,1190.0,3,2,74.61
Super built-up  Area,Ready To Move,Yelahanka,2 BHK,979.0,3,1,57.71
Built-up  Area,Under Construction,Indiranagar,2 BHK,1513.0,3,2,222.58
Super built-up  Area,Ready To Move,HSR Layout,1 BHK,467.0,1,1,42.74
Super built-up  Area,Under Construction,Whitefield,2 BHK,1458.0,2,1,77.26
Super built-up  Area,Ready To Move,Whitefield,2 BHK,978.0,3,1,56.57
Super built-up  Area,Under Construction,Sarjapur Road,2 BHK,1055.0,3,0,67.4
Built-up  Area,Ready To Move,Sarjapur Road,4 BHK,2296.0,4,2,185.25
Super built-up  Area,Ready To Move,Marathahalli,3 BHK,2167.0,3,1,132.35
Built-up  Area,Ready To Move,Yelahanka,2 BHK,1189.0,2,1,89.39
Built-up  Area,Under Construction,Bellandur,4 BHK,2787.0,4,2,194.7
Super built-up  Area,Ready To Move,HSR Layout,2 BHK,868.0,2,0,83.05
Super built-up  Area,Under Construction,Electronic City,2 BHK,1373.0,3,2,76.0
Super built-up  Area,Ready To Move,Other,2 BHK,1327.0,2,2,64.68
Built-up  Area,Ready To Move,Sarjapur Road,3 BHK,1618.0,4,2,120.64
Super built-up  Area,Ready To Move,Whitefield,2 BHK,1371.0,2,3,87.99
Super built-up  Area,Ready To Move,HSR Layout,1 BHK,523.0,2,2,54.71
Super built-up  Area,Ready To Move,Jayanagar,1 BHK,581.0,2,2,83.5
Super built-up  Area,Ready To Move,Rajaji Nagar,2 BHK,1126.0,3,3,146.59
Built-up  Area,Ready To Move,Whitefield,3 BHK,1607.0,4,1,108.11
Built-up  Area,Ready To Move,Rajaji Nagar,3 BHK,1594.0,4,1,191.8
Super built-up  Area,Ready To Move,Electronic City,2 BHK,1498.0,3,2,76.28
Built-up  Area,Under Construction,Whitefield,3 BHK,1618.0,3,2,117.86
Built-up  Area,Ready To Move,Jayanagar,3 BHK,2269.0,3,1,325.28
Super built-up  Area,Ready To Move,Jayanagar,3 BHK,1836.0,3,3,254.1
Super built-up  Area,Ready To Move,Indiranagar,2 BHK,1207.0,3,1,183.62
Plot  Area,Under Construction,Indiranagar,2 BHK,1396.0,2,2,228.6
Built-up  Area,Ready To Move,Yelahanka,3 BHK,1483.0,3,3,101.47
Super built-up  Area,Ready To Move,Yelahanka,3 BHK,1501.0,3,1,84.74
Super built-up  Area,Ready To Move,Rajaji Nagar,2 BHK,989.0,2,1,102.72
Built-up  Area,Under Construction,Indiranagar,2 BHK,1019.0,2,1,147.13
Super built-up  Area,Ready To Move,Marathahalli,2 BHK,1066.0,2,2,74.46
Built-up  Area,Ready To Move,Other,2 BHK,1347.0,3,2,82.8
Carpet  Area,Ready To Move,Whitefield,2 BHK,1243.0,2,1,96.74
Carpet  Area,Under Construction,Jayanagar,2 BHK,1076.0,3,0,186.94
Plot  Area,Ready To Move,HSR Layout,2 BHK,1191.0,3,2,138.41
Super built-up  Area,Ready To Move,Sarjapur Road,2 BHK,1355.0,3,1,105.83
Plot  Area,Ready To Move,Koramangala,2 BHK,1501.0,3,0,264.75
Super built-up  Area,Under Construction,Whitefield,1 BHK,513.0,1,2,33.85
Plot  Area,Ready To Move,HSR Layout,2 BHK,1403.0,2,1,135.94
Super built-up  Area,Ready To Move,Jayanagar,1 BHK,655.0,2,1,87.78
Super built-up  Area,Ready To Move,Electronic City,2 BHK,1394.0,3,3,80.55
Super built-up  Area,Ready To Move,Hebbal,2 BHK,1147.0,3,1,97.04
Built-up  Area,Ready To Move,Marathahalli,3 BHK,1849.0,4,2,121.74
Super built-up  Area,Ready To Move,Hebbal,3 BHK,1812.0,4,2,148.46
Super built-up  Area,Under Construction,Sarjapur Road,1 BHK,583.0,1,2,42.95
Built-up  Area,Ready To Move,Hebbal,2 BHK,793.0,2,3,78.82
Built-up  Area,Ready To Move,HSR Layout,2 BHK,1225.0,2,2,118.51
Super built-up  Area,Under Construction,Koramangala,3 BHK,2085.0,3,1,299.72
Super built-up  Area,Ready To Move,Yelahanka,2 BHK,1625.0,2,2,104.63
Super built-up  Area,Ready To Move,Hebbal,3 BHK,1883.0,4,1,161.97
Built-up  Area,Ready To Move,Yelahanka,3 BHK,1430.0,3,2,103.61
Carpet  Area,Under Construction,HSR Layout,3 BHK,2138.0,3,2,258.52
Built-up  Area,Under Construction,Sarjapur Road,5 BHK,3401.0,6,2,226.45
Super built-up  Area,Ready To Move,Bellandur,3 BHK,1630.0,3,1,127.14
Super built-up  Area,Ready To Move,Thanisandra,2 BHK,1022.0,2,3,63.57
Carpet  Area,Ready To Move,Indiranagar,3 BHK,2007.0,3,1,342.04
Super built-up  Area,Under Construction,Whitefield,2 BHK,1243.0,3,2,81.96
Super built-up  Area,Ready To Move,Electronic City,1 BHK,350.0,2,0,21.21
Super built-up  Area,Under Construction,Electronic City,2 BHK,989.0,3,0,55.13
Built-up  Area,Ready To Move,Electronic City,4 BHK,2527.0,4,1,151.37
Plot  Area,Ready To Move,Bellandur,3 BHK,1588.0,3,2,135.36
Super built-up  Area,Ready To Move,Whitefield,2 BHK,1250.0,2,2,94.06
Built-up  Area,Ready To Move,Thanisandra,3 BHK,1971.0,4,2,120.66
Super built-up  Area,Under Construction,Electronic City,1 BHK,366.0,1,2,18.49
Super built-up  Area,Under Construction,Sarjapur Road,2 BHK,1200.0,3,2,91.82
Super built-up  Area,Ready To Move,HSR Layout,2 BHK,784.0,2,3,65.87
Super built-up  Area,Ready To Move,Electronic City,1 BHK,551.0,1,1,29.69
Super built-up  Area,Ready To Move,Rajaji Nagar,2 BHK,809.0,3,0,100.77
Built-up  Area,Under Construction,Whitefield,3 BHK,2228.0,3,2,157.78
Super built-up  Area,Under Construction,Hebbal,2 BHK,1390.0,3,2,123.64
Super built-up  Area,Ready To Move,Jayanagar,1 BHK,508.0,2,1,71.2
Super built-up  Area,Ready To Move,Koramangala,2 BHK,1319.0,3,2,187.73
Super built-up  Area,Ready To Move,Sarjapur Road,3 BHK,1623.0,3,2,124.43
Super built-up  Area,Under Construction,Hebbal,4 BHK,2113.0,4,1,149.23
Super built-up  Area,Ready To Move,Bellandur,3 BHK,1586.0,4,1,135.34
Built-up  Area,Under Construction,Other,1 BHK,762.0,1,2,41.15
Carpet  Area,Under Construction,Rajaji Nagar,2 BHK,1046.0,3,1,138.08
Built-up  Area,Ready To Move,Sarjapur Road,2 BHK,1346.0,3,2,107.29
Super built-up  Area,Under Construction,Other,2 BHK,1147.0,2,0,55.42
Plot  Area,Ready To Move,Whitefield,3 BHK,1560.0,3,3,142.9
Super built-up  Area,Ready To Move,Whitefield,2 BHK,1324.0,3,2,95.34
Super built-up  Area,Under Construction,Yelahanka,3 BHK,2059.0,3,3,126.11
Super built-up  Area,Ready To Move,Electronic City,3 BHK,1762.0,4,2,87.43
Super built-up  Area,Ready To Move,Whitefield,2 BHK,1132.0,3,2,89.29
Plot  Area,Ready To Move,Electronic City,2 BHK,1451.0,2,0,93.18
Super built-up  Area,Ready To Move,Hebbal,2 BHK,841.0,3,2,71.13
Super built-up  Area,Under Construction,Thanisandra,2 BHK,1178.0,3,3,80.76
Super built-up  Area,Under Construction,Koramangala,3 BHK,1998.0,4,0,259.78
Built-up  Area,Ready To Move,Electronic City,2 BHK,1203.0,3,2,61.28
Built-up  Area,Ready To Move,HSR Layout,3 BHK,1524.0,4,3,144.74
Super built-up  Area,Ready To Move,Marathahalli,1 BHK,514.0,1,3,35.0
Built-up  Area,Ready To Move,Yelahanka,2 BHK,1042.0,2,1,60.33
Built-up  Area,Ready To Move,Sarjapur Road,3 BHK,1682.0,3,2,130.24
Super built-up  Area,Ready To Move,Other,1 BHK,637.0,1,1,32.77
Super built-up  Area,Ready To Move,Bellandur,1 BHK,595.0,2,2,51.6
Super built-up  Area,Ready To Move,Whitefield,1 BHK,474.0,1,1,31.07
Super built-up  Area,Under Construction,Whitefield,2 BHK,1076.0,2,3,70.15
Built-up  Area,Ready To Move,Electronic City,3 BHK,1993.0,4,1,104.62
Super built-up  Area,Ready To Move,Thanisandra,5 BHK,3397.0,5,1,202.08
Super built-up  Area,Ready To Move,Electronic City,2 BHK,1150.0,3,2,57.33
Plot  Area,Ready To Move,HSR Layout,2 BHK,1324.0,2,2,155.58
Super built-up  Area,Ready To Move,Whitefield,2 BHK,856.0,3,0,58.31
Super built-up  Area,Under Construction,Marathahalli,2 BHK,789.0,3,1,43.45
Super built-up  Area,Under Construction,Sarjapur Road,1 BHK,472.0,2,2,34.34
Super built-up  Area,Ready To Move,Rajaji Nagar,2 BHK,1400.0,2,2,154.74
Super built-up  Area,Under Construction,Marathahalli,3 BHK,1417.0,3,2,84.31
Carpet  Area,Ready To Move,Whitefield,3 BHK,1396.0,3,2,118.0
Super built-up  Area,Ready To Move,Hebbal,1 BHK,433.0,1,1,36.2
Built-up  Area,Ready To Move,Whitefield,2 BHK,1095.0,3,1,77.98
Super built-up  Area,Ready To Move,Rajaji Nagar,2 BHK,1082.0,3,2,134.36
Super built-up  Area,Ready To Move,HSR Layout,2 BHK,1191.0,2,1,106.45
Carpet  Area,Under Construction,Whitefield,3 BHK,1417.0,4,2,108.08
Super built-up  Area,Ready To Move,Whitefield,2 BHK,1430.0,2,1,102.89
Built-up  Area,Ready To Move,Sarjapur Road,1 BHK,574.0,1,3,43.59
Carpet  Area,Ready To Move,Marathahalli,2 BHK,1386.0,2,1,114.19
Super built-up  Area,Ready To Move,Bellandur,3 BHK,2059.0,3,2,162.53
Super built-up  Area,Ready To Move,Jayanagar,2 BHK,1544.0,2,2,220.64
Built-up  Area,Ready To Move,Sarjapur Road,3 BHK,1589.0,4,1,124.41
Built-up  Area,Ready To Move,Whitefield,2 BHK,983.0,2,2,77.67
Super built-up  Area,Ready To Move,Other,3 BHK,2187.0,3,1,124.95
Super built-up  Area,Ready To Move,Whitefield,2 BHK,1395.0,2,2,104.24
Super built-up  Area,Ready To Move,Marathahalli,3 BHK,1450.0,3,2,103.73
Super built-up  Area,Ready To Move,Sarjapur Road,3 BHK,1572.0,4,1,111.88
Plot  Area,Ready To Move,Whitefield,1 BHK,622.0,1,2,53.6
Super built-up  Area,Ready To Move,Bellandur,2 BHK,1058.0,3,2,94.0
Super built-up  Area,Ready To Move,Other,2 BHK,906.0,2,1,48.6
Super built-up  Area,Ready To Move,Marathahalli,3 BHK,1858.0,4,3,119.98
Super built-up  Area,Ready To Move,Electronic City,3 BHK,1781.0,3,2,80.67
Super built-up  Area,Ready To Move,Electronic City,3 BHK,2022.0,3,1,95.44
Super built-up  Area,Under Construction,Indiranagar,3 BHK,1559.0,3,2,239.29
Super built-up  Area,Under Construction,Koramangala,2 BHK,1514.0,2,2,226.48
Super built-up  Area,Ready To Move,Thanisandra,2 BHK,1421.0,3,2,103.05
Super built-up  Area,Ready To Move,Electronic City,1 BHK,716.0,1,2,41.32
Super built-up  Area,Ready To Move,Marathahalli,2 BHK,1398.0,3,1,77.68
Built-up  Area,Ready To Move,Koramangala,2 BHK,1388.0,2,3,225.12
Plot  Area,Ready To Move,Jayanagar,3 BHK,2103.0,3,2,340.34
Super built-up  Area,Ready To Move,HSR Layout,3 BHK,2040.0,3,1,160.9
Super built-up  Area,Ready To Move,Hebbal,3 BHK,1789.0,4,2,168.19
Plot  Area,Ready To Move,Other,2 BHK,1256.0,2,2,84.13
Super built-up  Area,Under Construction,Indiranagar,2 BHK,1204.0,2,1,177.97
Plot  Area,Ready To Move,Jayanagar,2 BHK,970.0,3,1,161.28
Plot  Area,Ready To Move,Marathahalli,1 BHK,611.0,2,2,49.84
Super built-up  Area,Under Construction,Bellandur,2 BHK,1321.0,3,1,88.79
Super built-up  Area,Ready To Move,HSR Layout,1 BHK,642.0,1,2,68.12
Super built-up  Area,Under Construction,Whitefield,2 BHK,1440.0,2,3,95.39
Super built-up  Area,Ready To Move,Whitefield,3 BHK,1847.0,3,1,133.16
Plot  Area,Under Construction,Electronic City,1 BHK,689.0,2,1,37.26
Plot  Area,Under Construction,Electronic City,2 BHK,1363.0,2,2,75.66
Super built-up  Area,Ready To Move,Electronic City,3 BHK,2079.0,4,2,103.96
Super built-up  Area,Under Construction,Sarjapur Road,3 BHK,1340.0,4,2,90.15
Super built-up  Area,Ready To Move,Sarjapur Road,1 BHK,647.0,1,2,45.74
Super built-up  Area,Ready To Move,Hebbal,1 BHK,467.0,2,2,51.02
Super built-up  Area,Ready To Move,Whitefield,3 BHK,1991.0,3,1,139.58
Plot  Area,Ready To Move,Whitefield,2 BHK,1094.0,3,1,96.27
Super built-up  Area,Ready To Move,Bellandur,3 BHK,1587.0,4,1,139.53
Super built-up  Area,Ready To Move,HSR Layout,2 BHK,1160.0,2,1,104.93
Super built-up  Area,Under Construction,Hebbal,2 BHK,1267.0,2,1,122.79
Super built-up  Area,Ready To Move,Koramangala,1 BHK,601.0,1,2,81.9
Super built-up  Area,Under Construction,Yelahanka,2 BHK,1183.0,2,1,73.82
Super built-up  Area,Ready To Move,Hebbal,3 BHK,2162.0,3,2,186.56
Super built-up  Area,Ready To Move,Koramangala,3 BHK,2165.0,3,1,307.25
Built-up  Area,Ready To Move,Marathahalli,3 BHK,2039.0,3,2,144.44
Super built-up  Area,Under Construction,Yelahanka,2 BHK,895.0,3,2,60.07
Super built-up  Area,Under Construction,Hebbal,4 BHK,1953.0,4,0,166.86
Built-up  Area,Ready To Move,Koramangala,3 BHK,2153.0,3,2,335.07
Built-up  Area,Ready To Move,Electronic City,1 BHK,661.0,2,0,42.42
Super built-up  Area,Ready To Move,Indiranagar,1 BHK,849.0,1,3,129.33
Super built-up  Area,Ready To Move,Other,1 BHK,464.0,1,3,25.91
Built-up  Area,Ready To Move,HSR Layout,1 BHK,717.0,1,1,65.72
Super built-up  Area,Ready To Move,Marathahalli,3 BHK,1397.0,3,2,96.63
Super built-up  Area,Ready To Move,Hebbal,2 BHK,1524.0,3,2,158.86
Super built-up  Area,Ready To Move,Other,2 BHK,948.0,3,2,60.28
Super built-up  Area,Ready To Move,Indiranagar,2 BHK,1162.0,2,2,154.86
Super built-up  Area,Ready To Move,Whitefield,2 BHK,1114.0,3,1,78.12
Super built-up  Area,Ready To Move,Indiranagar,2 BHK,1350.0,3,3,173.96
Built-up  Area,Ready To Move,Electronic City,1 BHK,609.0,1,3,33.51
Built-up  Area,Ready To Move,Whitefield,1 BHK,507.0,2,2,44.16
Carpet  Area,Under Construction,Yelahanka,2 BHK,1215.0,2,1,80.64
Super built-up  Area,Ready To Move,Electronic City,2 BHK,1409.0,2,1,72.47
Super built-up  Area,Under Construction,Yelahanka,3 BHK,2075.0,3,1,136.24
Built-up  Area,Ready To Move,Electronic City,2 BHK,830.0,3,1,45.7
Super built-up  Area,Under Construction,Electronic City,2 BHK,1622.0,3,0,80.35
Super built-up  Area,Ready To Move,Other,4 BHK,1829.0,4,1,110.72
Super built-up  Area,Under Construction,Sarjapur Road,2 BHK,1222.0,3,2,74.21
Super built-up  Area,Ready To Move,Koramangala,2 BHK,1211.0,2,0,186.58
Super built-up  Area,Ready To Move,Koramangala,2 BHK,1361.0,2,1,188.82
Super built-up  Area,Ready To Move,Indiranagar,3 BHK,1339.0,3,1,223.66
Carpet  Area,Ready To Move,Rajaji Nagar,2 BHK,1114.0,2,1,141.35
Super built-up  Area,Ready To Move,Bellandur,2 BHK,1127.0,2,1,85.53
Carpet  Area,Under Construction,Hebbal,2 BHK,1166.0,2,2,112.86
Built-up  Area,Ready To Move,Jayanagar,2 BHK,1051.0,3,1,134.94
Super built-up  Area,Ready To Move,Electronic City,3 BHK,1872.0,3,1,107.11
Built-up  Area,Under Construction,HSR Layout,2 BHK,1166.0,2,2,97.89
Built-up  Area,Ready To Move,Marathahalli,2 BHK,1196.0,2,1,87.02
Super built-up  Area,Ready To Move,Koramangala,2 BHK,1116.0,2,2,169.85
Super built-up  Area,Under Construction,Yelahanka,4 BHK,2929.0,4,2,157.28
Super built-up  Area,Ready To Move,Bellandur,3 BHK,1929.0,4,2,148.42
Super built-up  Area,Ready To Move,Yelahanka,2 BHK,818.0,2,1,55.61
Super built-up  Area,Under Construction,Marathahalli,4 BHK,2785.0,4,1,151.53
Super built-up  Area,Ready To Move,Electronic City,2 BHK,1387.0,2,1,62.9
Super built-up  Area,Ready To Move,Electronic City,5 BHK,3235.0,5,1,166.19
Super built-up  Area,Ready To Move,HSR Layout,2 BHK,1403.0,2,2,146.61
Super built-up  Area,Ready To Move,Bellandur,5 BHK,3421.0,5,0,248.81
Super built-up  Area,Ready To Move,Electronic City,1 BHK,674.0,1,1,31.29
Plot  Area,Under Construction,Whitefield,3 BHK,1974.0,4,2,157.3
Super built-up  Area,Under Construction,Sarjapur Road,3 BHK,1482.0,3,0,86.29
Built-up  Area,Ready To Move,Marathahalli,3 BHK,1784.0,4,1,135.23
Super built-up  Area,Ready To Move,Bellandur,3 BHK,2223.0,3,1,163.82
Super built-up  Area,Ready To Move,Hebbal,2 BHK,1346.0,2,1,146.53
Super built-up  Area,Ready To Move,Electronic City,1 BHK,700.0,1,1,32.17
Super built-up  Area,Under Construction,Sarjapur Road,2 BHK,981.0,3,1,63.6
Carpet  Area,Under Construction,Electronic City,3 BHK,1597.0,3,2,94.38
Super built-up  Area,Under Construction,Whitefield,3 BHK,1648.0,3,1,103.38
Super built-up  Area,Ready To Move,Rajaji Nagar,2 BHK,1319.0,3,1,173.74
Super built-up  Area,Ready To Move,Other,2 BHK,1090.0,2,2,60.5
Super built-up  Area,Ready To Move,Electronic City,2 BHK,1594.0,2,2,79.08
Built-up  Area,Ready To Move,Whitefield,3 BHK,1762.0,4,1,109.16
Super built-up  Area,Ready To Move,Sarjapur Road,3 BHK,1687.0,4,1,134.71
Built-up  Area,Under Construction,Hebbal,1 BHK,679.0,1,2,66.5
Super built-up  Area,Ready To Move,Electronic City,4 BHK,2235.0,4,2,115.31
Super built-up  Area,Ready To Move,Sarjapur Road,4 BHK,2810.0,4,2,185.83
Super built-up  Area,Ready To Move,Electronic City,1 BHK,592.0,1,3,34.65
Super built-up  Area,Under Construction,Thanisandra,2 BHK,1211.0,2,1,77.42
Built-up  Area,Under Construction,Thanisandra,2 BHK,904.0,3,1,59.25
Super built-up  Area,Ready To Move,Koramangala,2 BHK,1228.0,2,2,149.83
Super built-up  Area,Under Construction,Sarjapur Road,3 BHK,1648.0,3,1,105.64
Carpet  Area,Ready To Move,Rajaji Nagar,2 BHK,1154.0,2,1,162.74
Super built-up  Area,Ready To Move,Marathahalli,2 BHK,1556.0,2,0,90.79
Super built-up  Area,Ready To Move,Electronic City,1 BHK,798.0,1,2,48.54
Super built-up  Area,Ready To Move,Electronic City,2 BHK,886.0,2,0,48.46
Super built-up  Area,Ready To Move,HSR Layout,3 BHK,1433.0,3,1,150.95
Super built-up  Area,Ready To Move,Whitefield,2 BHK,1259.0,2,2,85.69
Super built-up  Area,Ready To Move,Hebbal,3 BHK,1904.0,4,1,145.65
Plot  Area,Ready To Move,Indiranagar,2 BHK,836.0,2,0,137.22
Super built-up  Area,Ready To Move,HSR Layout,2 BHK,788.0,2,2,83.42
Built-up  Area,Under Construction,Sarjapur Road,3 BHK,1582.0,3,1,114.56
Super built-up  Area,Ready To Move,HSR Layout,2 BHK,1269.0,2,2,124.67
Super built-up  Area,Ready To Move,Marathahalli,2 BHK,1272.0,2,1,78.0
Built-up  Area,Ready To Move,Electronic City,5 BHK,3389.0,6,2,181.84
Plot  Area,Ready To Move,Bellandur,2 BHK,964.0,2,1,74.5
Super built-up  Area,Ready To Move,Whitefield,2 BHK,1090.0,2,1,78.4
Super built-up  Area,Ready To Move,Whitefield,2 BHK,1442.0,2,2,109.67
Built-up  Area,Ready To Move,Indiranagar,3 BHK,1910.0,3,0,319.83
Carpet  Area,Under Construction,Whitefield,2 BHK,1263.0,2,1,100.55
Carpet  Area,Ready To Move,Whitefield,1 BHK,406.0,2,3,34.19
Super built-up  Area,Under Construction,Electronic City,3 BHK,1864.0,3,2,92.1
Super built-up  Area,Ready To Move,Indiranagar,2 BHK,994.0,3,1,131.21
Super built-up  Area,Ready To Move,Bellandur,5 BHK,3042.0,5,1,222.51
Plot  Area,Ready To Move,Electronic City,2 BHK,1376.0,2,1,70.87
Super built-up  Area,Ready To Move,Bellandur,2 BHK,1201.0,2,1,102.2
Super built-up  Area,Ready To Move,Electronic City,2 BHK,1510.0,2,0,96.03
Plot  Area,Ready To Move,Koramangala,2 BHK,1436.0,2,2,252.43
Super built-up  Area,Ready To Move,Hebbal,2 BHK,1047.0,2,1,87.95
Built-up  Area,Ready To Move,Bellandur,2 BHK,1282.0,2,2,117.45
Super built-up  Area,Ready To Move,Other,2 BHK,1170.0,2,1,64.22
Super built-up  Area,Ready To Move,Marathahalli,2 BHK,1016.0,2,1,62.12
Super built-up  Area,Ready To Move,Whitefield,4 BHK,2251.0,4,2,151.5
Super built-up  Area,Ready To Move,Rajaji Nagar,1 BHK,582.0,1,1,67.33
Super built-up  Area,Under Construction,Whitefield,2 BHK,956.0,3,2,76.12
Super built-up  Area,Ready To Move,Marathahalli,3 BHK,1288.0,3,3,84.59
Super built-up  Area,Ready To Move,Electronic City,3 BHK,1614.0,3,0,68.82
Carpet  Area,Ready To Move,Sarjapur Road,3 BHK,2149.0,4,1,183.0
Super built-up  Area,Ready To Move,Whitefield,3 BHK,2243.0,4,2,137.24
Super built-up  Area,Ready To Move,Whitefield,4 BHK,1928.0,4,2,143.46
Super built-up  Area,Ready To Move,Thanisandra,3 BHK,1450.0,3,0,102.48
Super built-up  Area,Under Construction,Marathahalli,3 BHK,1627.0,3,1,91.5
Carpet  Area,Ready To Move,Koramangala,2 BHK,1460.0,3,1,226.11
Super built-up  Area,Ready To Move,Thanisandra,3 BHK,2161.0,3,2,144.07
Super built-up  Area,Ready To Move,Thanisandra,2 BHK,979.0,3,3,60.46
Plot  Area,Ready To Move,Electronic City,2 BHK,937.0,2,2,53.69
Super built-up  Area,Ready To Move,Whitefield,2 BHK,1070.0,2,3,69.97
Super built-up  Area,Ready To Move,Whitefield,2 BHK,1204.0,3,3,91.46
Plot  Area,Ready To Move,Sarjapur Road,2 BHK,1415.0,3,1,106.87
Built-up  Area,Ready To Move,Electronic City,2 BHK,1110.0,3,3,66.03
Super built-up  Area,Ready To Move,Whitefield,2 BHK,1201.0,3,2,82.36
Super built-up  Area,Ready To Move,Electronic City,2 BHK,948.0,2,2,48.47
Plot  Area,Ready To Move,Whitefield,3 BHK,1686.0,3,2,144.4
Super built-up  Area,Under Construction,Rajaji Nagar,2 BHK,875.0,2,2,98.09
Built-up  Area,Ready To Move,Whitefield,2 BHK,1435.0,3,1,100.99
Carpet  Area,Ready To Move,HSR Layout,2 BHK,1324.0,2,3,167.69
Built-up  Area,Ready To Move,Indiranagar,3 BHK,1889.0,3,3,318.81
Super built-up  Area,Under Construction,HSR Layout,4 BHK,2309.0,4,2,191.68
Super built-up  Area,Ready To Move,Whitefield,3 BHK,1670.0,3,1,104.67
Super built-up  Area,Ready To Move,Sarjapur Road,2 BHK,1527.0,3,2,107.99
Super built-up  Area,Ready To Move,Whitefield,2 BHK,1598.0,3,2,113.64
Carpet  Area,Ready To Move,Sarjapur Road,4 BHK,2313.0,4,3,201.73
Super built-up  Area,Ready To Move,Electronic City,2 BHK,1292.0,2,2,64.08
Super built-up  Area,Ready To Move,Indiranagar,2 BHK,1106.0,3,1,172.15
Built-up  Area,Ready To Move,Bellandur,2 BHK,1135.0,3,0,104.96
Super built-up  Area,Under Construction,HSR Layout,4 BHK,2634.0,4,2,234.23
Super built-up  Area,Under Construction,Hebbal,2 BHK,1411.0,3,1,130.2
Super built-up  Area,Ready To Move,Sarjapur Road,4 BHK,2167.0,4,0,163.96
Super built-up  Area,Ready To Move,Jayanagar,1 BHK,823.0,1,1,105.98
Plot  Area,Under Construction,Electronic City,3 BHK,1401.0,3,3,81.34
Built-up  Area,Under Construction,Thanisandra,1 BHK,708.0,1,2,56.44
Super built-up  Area,Under Construction,Thanisandra,2 BHK,1203.0,2,1,79.28
Super built-up  Area,Ready To Move,Hebbal,3 BHK,1483.0,3,0,133.79
Built-up  Area,Ready To Move,Sarjapur Road,2 BHK,1006.0,3,2,84.68
Plot  Area,Ready To Move,Hebbal,3 BHK,1826.0,3,2,192.8
Super built-up  Area,Under Construction,Whitefield,4 BHK,2268.0,4,2,147.24
Built-up  Area,Ready To Move,Whitefield,1 BHK,545.0,1,1,40.15
Super built-up  Area,Ready To Move,Whitefield,2 BHK,930.0,3,2,62.82
Super built-up  Area,Ready To Move,Electronic City,3 BHK,1533.0,3,3,72.86
Built-up  Area,Ready To Move,HSR Layout,3 BHK,2184.0,3,2,223.52
Super built-up  Area,Under Construction,Jayanagar,3 BHK,1732.0,4,2,244.84
Super built-up  Area,Ready To Move,Electronic City,2 BHK,1290.0,2,1,63.56
Super built-up  Area,Ready To Move,Marathahalli,3 BHK,1624.0,3,1,90.83
Super built-up  Area,Under Construction,Marathahalli,2 BHK,1215.0,3,1,67.2
Super built-up  Area,Ready To Move,Marathahalli,1 BHK,652.0,1,2,44.87
Super built-up  Area,Under Construction,Yelahanka,2 BHK,1324.0,2,1,70.75
Super built-up  Area,Ready To Move,Sarjapur Road,3 BHK,1513.0,4,1,112.1
Super built-up  Area,Ready To Move,Whitefield,2 BHK,1546.0,3,2,103.9
Built-up  Area,Ready To Move,Indiranagar,2 BHK,806.0,3,1,139.43
Super built-up  Area,Ready To Move,Indiranagar,2 BHK,1031.0,2,1,140.45
Built-up  Area,Ready To Move,Jayanagar,2 BHK,1002.0,3,3,119.98
Super built-up  Area,Under Construction,Other,3 BHK,1926.0,3,2,109.86
Carpet  Area,Ready To Move,HSR Layout,2 BHK,1239.0,2,1,162.56
Plot  Area,Ready To Move,Sarjapur Road,1 BHK,599.0,2,2,51.23
Super built-up  Area,Under Construction,Electronic City,3 BHK,2266.0,3,1,120.21
Super built-up  Area,Ready To Move,Whitefield,3 BHK,1731.0,4,1,150.98
Built-up  Area,Ready To Move,HSR Layout,3 BHK,1478.0,4,1,156.71
Super built-up  Area,Ready To Move,Indiranagar,3 BHK,2052.0,4,1,280.4
Super built-up  Area,Ready To Move,Yelahanka,2 BHK,1091.0,2,2,65.73
Super built-up  Area,Ready To Move,HSR Layout,2 BHK,956.0,2,2,85.57
Super built-up  Area,Under Construction,Rajaji Nagar,3 BHK,2094.0,3,1,216.58
Plot  Area,Ready To Move,Koramangala,2 BHK,1123.0,2,1,174.12
Plot  Area,Ready To Move,Jayanagar,3 BHK,1893.0,3,2,311.58
Super built-up  Area,Ready To Move,Whitefield,3 BHK,2010.0,4,2,142.82
Super built-up  Area,Ready To Move,Jayanagar,3 BHK,1888.0,4,2,240.76
Super built-up  Area,Ready To Move,Bellandur,3 BHK,2278.0,4,1,187.7
Super built-up  Area,Ready To Move,Electronic City,2 BHK,1098.0,3,3,51.98
Built-up  Area,Under Construction,Electronic City,3 BHK,1428.0,3,2,62.92
Built-up  Area,Ready To Move,Marathahalli,3 BHK,1422.0,4,2,96.81
Super built-up  Area,Ready To Move,Whitefield,3 BHK,1475.0,3,1,96.19
Super built-up  Area,Under Construction,Hebbal,2 BHK,1021.0,2,2,83.27
Super built-up  Area,Ready To Move,Sarjapur Road,2 BHK,833.0,3,2,56.06
Plot  Area,Ready To Move,Bellandur,1 BHK,627.0,2,2,62.5
Super built-up  Area,Under Construction,Yelahanka,3 BHK,1928.0,3,1,117.88
Super built-up  Area,Ready To Move,Sarjapur Road,2 BHK,891.0,2,1,64.66
Built-up  Area,Ready To Move,Hebbal,2 BHK,1185.0,3,2,122.09
Built-up  Area,Ready To Move,Other,2 BHK,1230.0,2,2,70.44
Plot  Area,Under Construction,Yelahanka,3 BHK,1572.0,3,2,106.18
Super built-up  Area,Ready To Move,Rajaji Nagar,1 BHK,752.0,2,3,101.66
Super built-up  Area,Under Construction,Hebbal,4 BHK,2962.0,4,3,273.31
Super built-up  Area,Ready To Move,Electronic City,3 BHK,1537.0,4,2,80.92
Plot  Area,Under Construction,Hebbal,2 BHK,1015.0,2,1,104.95
Built-up  Area,Ready To Move,Thanisandra,2 BHK,886.0,2,1,62.8
Built-up  Area,Ready To Move,Whitefield,3 BHK,2241.0,3,1,145.34
Super built-up  Area,Ready To Move,Electronic City,3 BHK,2378.0,4,1,121.91
Built-up  Area,Ready To Move,Whitefield,3 BHK,1546.0,4,1,107.76
Super built-up  Area,Ready To Move,Hebbal,5 BHK,2442.0,6,1,227.04
Super built-up  Area,Ready To Move,Yelahanka,2 BHK,966.0,2,1,60.05
Super built-up  Area,Under Construction,Whitefield,2 BHK,1313.0,2,2,75.56
Built-up  Area,Ready To Move,Bellandur,2 BHK,1353.0,3,0,121.75
Super built-up  Area,Under Construction,Marathahalli,3 BHK,1369.0,4,2,82.61
Plot  Area,Ready To Move,Electronic City,2 BHK,1380.0,2,2,74.44
Built-up  Area,Ready To Move,Bellandur,2 BHK,967.0,3,2,101.8
Super built-up  Area,Under Construction,Other,3 BHK,1410.0,4,0,64.33
Built-up  Area,Under Construction,Marathahalli,3 BHK,1745.0,3,0,112.79
Super built-up  Area,Ready To Move,Electronic City,2 BHK,1333.0,2,2,70.82
Super built-up  Area,Ready To Move,Whitefield,3 BHK,2155.0,3,2,128.24
Super built-up  Area,Ready To Move,Whitefield,2 BHK,1550.0,3,1,102.11
Plot  Area,Ready To Move,Bellandur,1 BHK,578.0,1,2,56.28
Super built-up  Area,Ready To Move,Thanisandra,2 BHK,1405.0,2,2,102.83
Built-up  Area,Ready To Move,Bellandur,3 BHK,1397.0,4,2,105.42
Built-up  Area,Ready To Move,Sarjapur Road,3 BHK,2160.0,3,1,162.78
Super built-up  Area,Ready To Move,Electronic City,2 BHK,1048.0,2,0,54.72
Super built-up  Area,Ready To Move,Indiranagar,2 BHK,1107.0,3,2,193.29
Built-up  Area,Ready To Move,HSR Layout,3 BHK,2040.0,3,2,204.53
Super built-up  Area,Under Construction,Thanisandra,2 BHK,1252.0,2,1,72.96
Plot  Area,Ready To Move,Hebbal,5 BHK,3254.0,5,1,366.96
Built-up  Area,Ready To Move,Sarjapur Road,3 BHK,1864.0,3,1,151.12
Super built-up  Area,Under Construction,Sarjapur Road,1 BHK,607.0,2,1,49.35
Carpet  Area,Ready To Move,Electronic City,3 BHK,1933.0,3,1,127.84
Super built-up  Area,Ready To Move,Electronic City,2 BHK,946.0,3,2,55.52
Plot  Area,Ready To Move,Whitefield,4 BHK,2268.0,5,2,162.51
Super built-up  Area,Ready To Move,Sarjapur Road,1 BHK,833.0,2,1,52.14
Built-up  Area,Ready To Move,Whitefield,2 BHK,1106.0,3,2,81.02
Super built-up  Area,Under Construction,Electronic City,2 BHK,1370.0,3,3,69.73
Built-up  Area,Under Construction,Thanisandra,1 BHK,560.0,2,1,39.55
Super built-up  Area,Ready To Move,Sarjapur Road,2 BHK,1206.0,2,2,80.37
Super built-up  Area,Ready To Move,Bellandur,2 BHK,1010.0,2,1,91.01
Super built-up  Area,Ready To Move,Thanisandra,2 BHK,1134.0,2,1,81.2
Plot  Area,Ready To Move,Indiranagar,2 BHK,992.0,2,1,169.54
Super built-up  Area,Under Construction,Marathahalli,3 BHK,1485.0,4,1,88.94
Built-up  Area,Ready To Move,Whitefield,2 BHK,1503.0,3,2,114.65
Built-up  Area,Ready To Move,Thanisandra,4 BHK,1850.0,5,0,152.81
Plot  Area,Ready To Move,Marathahalli,2 BHK,1515.0,3,2,119.99
Super built-up  Area,Ready To Move,Jayanagar,2 BHK,915.0,2,1,104.78
Plot  Area,Under Construction,Electronic City,3 BHK,2246.0,3,1,117.89
Super built-up  Area,Ready To Move,Sarjapur Road,2 BHK,1126.0,3,0,76.06
Built-up  Area,Ready To Move,Electronic City,2 BHK,1075.0,3,2,65.13
Built-up  Area,Ready To Move,Koramangala,3 BHK,1698.0,3,1,246.38
Super built-up  Area,Ready To Move,Thanisandra,2 BHK,1036.0,2,1,67.13
Super built-up  Area,Ready To Move,Sarjapur Road,2 BHK,927.0,2,1,59.04
Super built-up  Area,Under Construction,HSR Layout,3 BHK,1698.0,3,2,141.72
Super built-up  Area,Ready To Move,Bellandur,1 BHK,754.0,1,1,64.85
Plot  Area,Ready To Move,Hebbal,2 BHK,1380.0,3,1,128.31
Super built-up  Area,Under Construction,Jayanagar,1 BHK,599.0,1,1,75.27
Plot  Area,Ready To Move,Thanisandra,2 BHK,1182.0,2,3,84.23
Super built-up  Area,Ready To Move,Whitefield,1 BHK,498.0,2,2,36.34
Carpet  Area,Ready To Move,Koramangala,3 BHK,1868.0,3,3,373.74
Built-up  Area,Ready To Move,Electronic City,1 BHK,464.0,2,3,31.74
Built-up  Area,Ready To Move,Indiranagar,2 BHK,1019.0,2,0,150.09
Super built-up  Area,Ready To Move,Marathahalli,2 BHK,1082.0,2,1,51.54
Super built-up  Area,Ready To Move,Jayanagar,2 BHK,1303.0,2,2,176.75
Super built-up  Area,Ready To Move,Hebbal,2 BHK,913.0,2,2,91.45
Super built-up  Area,Ready To Move,Sarjapur Road,2 BHK,1181.0,2,0,76.38
Super built-up  Area,Ready To Move,Electronic City,3 BHK,1688.0,3,1,97.21
Built-up  Area,Ready To Move,HSR Layout,3 BHK,1756.0,3,2,183.53
Super built-up  Area,Under Construction,Whitefield,2 BHK,1565.0,3,1,77.64
Super built-up  Area,Under Construction,HSR Layout,1 BHK,735.0,1,3,70.61
Super built-up  Area,Ready To Move,Whitefield,3 BHK,1425.0,3,2,121.43
Super built-up  Area,Under Construction,Sarjapur Road,4 BHK,2769.0,4,2,181.34
Super built-up  Area,Ready To Move,Electronic City,2 BHK,1253.0,2,1,59.33
Built-up  Area,Under Construction,Other,2 BHK,1113.0,2,2,60.73
Super built-up  Area,Ready To Move,Thanisandra,2 BHK,1469.0,2,2,98.5
Built-up  Area,Ready To Move,Sarjapur Road,2 BHK,1310.0,3,2,94.65
Super built-up  Area,Under Construction,Whitefield,2 BHK,1412.0,2,2,92.81
Built-up  Area,Under Construction,HSR Layout,5 BHK,3037.0,6,2,304.38
Super built-up  Area,Ready To Move,Electronic City,2 BHK,1116.0,3,2,58.06
Built-up  Area,Under Construction,HSR Layout,2 BHK,1486.0,3,1,145.1
Super built-up  Area,Ready To Move,Yelahanka,3 BHK,1733.0,3,3,111.99
Super built-up  Area,Ready To Move,Koramangala,2 BHK,1304.0,2,2,195.41
Super built-up  Area,Ready To Move,Koramangala,2 BHK,1509.0,2,2,207.53
Plot  Area,Ready To Move,HSR Layout,4 BHK,2175.0,4,3,242.34
Built-up  Area,Under Construction,Marathahalli,2 BHK,958.0,2,1,63.82
Super built-up  Area,Under Construction,Marathahalli,3 BHK,1603.0,3,2,95.16
Super built-up  Area,Ready To Move,HSR Layout,1 BHK,676.0,2,1,70.09
Super built-up  Area,Ready To Move,Sarjapur Road,1 BHK,567.0,1,2,43.33
Super built-up  Area,Ready To Move,Hebbal,4 BHK,2091.0,4,2,189.88
Super built-up  Area,Ready To Move,Electronic City,2 BHK,1470.0,3,1,73.3
Built-up  Area,Ready To Move,Koramangala,3 BHK,2011.0,4,2,293.63
Plot  Area,Ready To Move,HSR Layout,2 BHK,1419.0,2,2,154.69
Carpet  Area,Ready To Move,Whitefield,2 BHK,1131.0,3,2,91.07
Built-up  Area,Under Construction,Electronic City,3 BHK,1522.0,3,3,89.7
Super built-up  Area,Ready To Move,Hebbal,3 BHK,1746.0,4,2,141.06
Super built-up  Area,Ready To Move,Rajaji Nagar,4 BHK,2578.0,4,2,310.21
Super built-up  Area,Under Construction,Indiranagar,2 BHK,1384.0,2,3,169.16
